sentence_id,sentence,intent,departure,destination,intermediate
S003433,Je veux me rendre a Le Genest-Saint-Isle en partant de Sommery,TRIP,Sommery,Le Genest-Saint-Isle,
S009674,aaaaaaaa,UNKNOWN,,,
S000042,Direction Pagny-le-Château au depart de Obermodern-Zutzendorf,TRIP,Obermodern-Zutzendorf,Pagny-le-Château,
S004435,Comment aller de Montbeliard a Aytre Plage,TRIP,Montbéliard,Aytré Plage,
S005545,j'aimerais un billet de la rivière-drugeon a strasbourg roethig,TRIP,La Rivière-Drugeon,Strasbourg Roethig,
S001882,Je voudrais aller de Ennevelin a Villers-Cotterêts,TRIP,Ennevelin,Villers-Cotterêts,
S005611,Voyage de Presles Courcelles a Saint-Julien-en-Genevois,TRIP,Presles Courcelles,Saint-Julien-en-Genevois,
S007778,je voudrais,NOT_TRIP,,,
S004322,Je pars de Avesnes-sur-Helpe pour aller a La Rochelle,TRIP,Avesnes-sur-Helpe,La Rochelle,
S004125,Je voudrais almer de Maisons-Alfort - Alforttville a Champagney,TRIP,Maisons-Alfort - Alfortville,Champagney,
S005487,Demain je pars de Verzeille pour Châbons,TRIP,Verzeille,Châbons,
S000603,Je vais de Cannes a Dannemarie,TRIP,Cannes,Dannemarie,
S007372,Mon ami Lyon va bien,NOT_TRIP,,,
S000468,Train de Brandérion a Beauvoisin,TRIP,Brandérion,Beauvoisin,
S002034,Depart de Brebières arrive a Groisy - Thorens-Glières,TRIP,Brebières,Groisy - Thorens-Glières,
S007887,Ok,NOT_TRIP,,,
S001055,Homécourt vers Les Flachères,TRIP,Homécourt,Les Flachères,
S002004,coignières voivres-lès-le-mans,TRIP,Coignières,Voivres-lès-le-Mans,
S005060,Je vais a Limoges Montjovis depuis Bauvin - Provin,TRIP,Bauvin - Provin,Limoges Montjovis,
S000871,bourges puis héricourt,TRIP,Bourges,Héricourt,
S000240,je voudrais prendre un train de saint-ay a vendeuvre-sur-barse,TRIP,Saint-Ay,Vendeuvre-sur-Barse,
S005089,partir de la tour-du-pin vers montrichard,TRIP,La Tour-du-Pin,Montrichard,
S003455,j'aimerais aller de montbéliard a oissel,TRIP,Montbéliard,Oissel,
S003252,j'aimerais un billet de prouvy - thiant a saint-bonnet-de-rochefort,TRIP,Prouvy - Thiant,Saint-Bonnet-de-Rochefort,
S007224,arriver,NOT_TRIP,,,
S006994,Je voudrais aller de Vis à Marles a Boulogne Tintelleries en passant par Foucart - Alvimare,TRIP,Vis à Marles,Boulogne Tintelleries,Foucart - Alvimare
S001862,Un train de Chaville - Vélizy a Les Versannes pour demain,TRIP,Chaville - Vélizy,Les Versannes,
S000949,Ce soir je vais de Paris Montparnasse a Montendre,TRIP,Paris Montparnasse,Montendre,
S003979,Prendre le train de Mommenheim a Roubaixx,TRIP,Mommenheim,Roubaix,
S009495,Ich mochte von Paris nach Lyon fahren,NOT_FRENCH,,,
S000367,Je veux prendre le train de Sarcelles - Saint-Brice a Sierck-les-Bains,TRIP,Sarcelles - Saint-Brice,Sierck-les-Bains,
S002354,Prendre le train de Les Clairières de Verneuil a Saint-Julien-en-Genevois,TRIP,Les Clairières de Verneuil,Saint-Julien-en-Genevois,
S001205,Je vais de Courcay - Tauxigny a Pont de Lignon,TRIP,Courcay - Tauxigny,Pont de Lignon,
S009503,   ,UNKNOWN,,,
S001429,Je voudrais aller de La Bastide - Saint-Laurent-les-Bains a Homécourt,TRIP,La Bastide - Saint-Laurent-les-Bains,Homécourt,
S006421,de miniac-morvan a saint-jean-de-maurienne arvan via loreux,TRIP,Miniac-Morvan,Saint-Jean-de-Maurienne Arvan,Loreux
S006169,je voudrais aller de mayet a bains-les-bains en passant par tarare,TRIP,Mayet,Bains-les-Bains,Tarare
S001511,billet aspres-sur-buech nort-sur-erdre,TRIP,Aspres-sur-Buëch,Nort-sur-Erdre,
S007043,A bientot,NOT_TRIP,,,
S002774,Un billet de Herny a Acheres Ville,TRIP,Herny,Achères Ville,
S008740,I want aller a Paris,NOT_FRENCH,,,
S008670,Quiero ir de Paris a Lyon,NOT_FRENCH,,,
S007146,j'aime les trains,NOT_TRIP,,,
S001598,Quel train de Bernay a Selles-Saint-Denis ?,TRIP,Bernay,Selles-Saint-Denis,
S003584,Demain je pars de Paris Austerlitz pour La Mothe-Achard,TRIP,Paris Austerlitz,La Mothe-Achard,
S000026,alençon vers barenton-bugny,TRIP,Alençon,Barenton-Bugny,
S006818,train de courville-sur-eure a la grave d'ambarès passant par bouaye,TRIP,Courville-sur-Eure,La Grave d'Ambarès,Bouaye
S005784,Je voyage de Bayonne a Boissise-le-Roi,TRIP,Bayonne,Boissise-le-Roi,
S004977,Les Flachères direction Mothern,TRIP,Les Flachères,Mothern,
S003032,Y a-t-il un train de Rougemont Chanteloup a Égly,TRIP,Rougemont Chanteloup,Égly,
S005313,Depart Carhaix-Plouguer arrivee Montpellier Sud de France,TRIP,Carhaix-Plouguer,Montpellier Sud de France,
S003804,châteaubourg puis ytrac,TRIP,Châteaubourg,Ytrac,
S000601,Est-ce qu'il y a un train de Chantonnay a Flaxlanden,TRIP,Chantonnay,Flaxlanden,
S005250,je voyage de la chapelle centre a sainte-cecile-d'andorge,TRIP,La Chapelle Centre,Sainte-Cécile-d'Andorge,
S002713,direction boucau au depart de cantin,TRIP,Cantin,Boucau,
S001604,le poirier université direction javel,TRIP,Le Poirier Université,Javel,
S002779,de aguilcourt - variscourt a la teste-de-buch,TRIP,Aguilcourt - Variscourt,La Teste-de-Buch,
S000186,Je veuax me rendre a AAvenue Henri Martin dn partant de Dives-sur-Mer - Cabourg,TRIP,Dives-sur-Mer - Cabourg,Avenue Henri Martin,
S008520,How do I get to Marseille,NOT_FRENCH,,,
S009125,Un biglietto per Marsiglia,NOT_FRENCH,,,
S008653,Un billete de tren por favor,NOT_FRENCH,,,
S002689,je vais a la frette - montigny depuis illiers-combray,TRIP,Illiers-Combray,La Frette - Montigny,
S005206,j'aimerais aller de servon-sur-vilaine a les mureaux,TRIP,Servon-sur-Vilaine,Les Mureaux,
S001284,lyon saint-paul vers saint-clément - laronxe,TRIP,Lyon Saint-Paul,Saint-Clément - Laronxe,
S005824,je pars de lille flandres et je vais a la forest-landerneau,TRIP,Lille Flandres,La Forest-Landerneau,
S006151,de soultz-sous-forêts vers chars avec correspondance a pont-saint-vincent,TRIP,Soultz-sous-Forêts,Chars,Pont-Saint-Vincent
S004469,je souhaite aller de domont a pontmort,TRIP,Domont,Pontmort,
S004523,Je voudrais me rendre a Trégonneau - Squiffiec depuis Aix-en-Provence,TRIP,Aix-en-Provence,Trégonneau - Squiffiec,
S009252,Je want to go Lyon,NOT_FRENCH,,,
S003460,Je dois aller de Le Blanc-Mesnil a Gravelines,TRIP,Le Blanc-Mesnil,Gravelines,
S009981,test test test,UNKNOWN,,,
S001983,Un train de Saint-Cyprien a Le Croisic pour demain,TRIP,Saint-Cyprien,Le Croisic,
S001110,"s'il vous plait, un trajet de villepreux - les clayes a urt",TRIP,Villepreux - Les Clayes,Urt,
S008902,How do I get to Marseille,NOT_FRENCH,,,
S002183,J'aimerzis alller de Corgoloin a Vermentonn,TRIP,Corgoloin,Vermenton,
S004036,Je pars de Fréjus pour aller a Bruyères,TRIP,Fréjus,Bruyères,
S000619,J'aimerais aller de Pertuis a Lezoux,TRIP,Pertuis,Lezoux,
S006626,Dei Port-Xainte-Marie a Barsac via Champigneulles,TRIP,Port-Sainte-Marie,Barsac,Champigneulles
S006234,"Je pars de Lalinde, je passe par Laroque-Timbaut et j'arrive a Lurbe-Saint-Christau",TRIP,Lalinde,Lurbe-Saint-Christau,Laroque-Timbaut
S003174,voyage de gannat a vendenheim,TRIP,Gannat,Vendenheim,
S003204,Je vais de Dreux a La Ménitré,TRIP,Dreux,La Ménitré,
S009980,ab,UNKNOWN,,,
S002030,pourriez-vous me trouver un train de le havre a feuquières - broquiers,TRIP,Le Havre,Feuquières - Broquiers,
S003964,je dois aller de daours a portets,TRIP,Daours,Portets,
S003318,Je veux prendre le train de Bressuire a Bedous,TRIP,Bressuire,Bedous,
S008940,Un biglietto per Marsiglia,NOT_FRENCH,,,
S008277,Partir,NOT_TRIP,,,
S009433,How do I get to Marseille,NOT_FRENCH,,,
S006129,wattignies - templemars villefranche-du-périgord via vichy,TRIP,Wattignies - Templemars,Villefranche-du-Périgord,Vichy
S007045,Bonjour,NOT_TRIP,,,
S008056,Qu'est-ce que tu peux faire,NOT_TRIP,,,
S008280,Les trains sont souvent en retard,NOT_TRIP,,,
S002666,je dois aller de l'abbaye a trilport,TRIP,L'Abbaye,Trilport,
S005378,Je pars de Avenue du Présidennt Kennedy Maison de Radio France et je vaks a Fellerig,TRIP,Avenue du Président Kennedy Maison de Radio France,Fellering,
S003560,Uzerche - Mareil-Marly,TRIP,Uzerche,Mareil-Marly,
S003073,Je me rends a Saint-Yrieix-la-Perche depuis Saint-Amand-Montrond - Orval,TRIP,Saint-Amand-Montrond - Orval,Saint-Yrieix-la-Perche,
S003749,Comment aller de Naintre a Saint-Thegonnec ?,TRIP,Naintré,Saint-Thégonnec,
S001295,Un billet de Portet Saint-Simon a Audrieu,TRIP,Portet Saint-Simon,Audrieu,
S006889,"Je pars de La Rochelle, je passe par Lyon Saint-Paul et j'arrive a Lisle-sur-Tarn",TRIP,La Rochelle,Lisle-sur-Tarn,Lyon Saint-Paul
S006508,Je oudrais aller de Nançois - Tronvillz a Saintt-Jean-dr-Mauriennei Arvan en passant par Ambronaay - Priay,TRIP,Nançois - Tronville,Saint-Jean-de-Maurienne Arvan,Ambronay - Priay
S000882,Partir de Bellegarde-sur-Valserine pour Allée de ls Tour Rdndez-Vous,TRIP,Bellegarde-sur-Valserine,Allée de la Tour Rendez-Vous,
S007735,J'ai rencontre Marseille hier,NOT_TRIP,,,
S007788,Salut,NOT_TRIP,,,
S009492,Ein Zug nach Marseille bitte,NOT_FRENCH,,,
S002837,Depart Saint-Cyr Les Lecques - La Cadiere arrivee Paris Saint-Lazare,TRIP,Saint-Cyr Les Lecques - La Cadière,Paris Saint-Lazare,
S005444,je veux prendre le train de ourscamp a le creusot - montceau-les-mines - montchanin tgv,TRIP,Ourscamp,Le Creusot - Montceau-les-Mines - Montchanin TGV,
S005497,je pars de peltre et je vais a issé,TRIP,Peltre,Issé,
S008499,Ok,NOT_TRIP,,,
S008193,Il fait bdau aujourd'gui,NOT_TRIP,,,
S006350,Avranches puis Nanteuil-le-Haudouin puis Saint-Chély-d'Apcher,TRIP,Avranches,Saint-Chély-d'Apcher,Nanteuil-le-Haudouin
S008382,Mon ami Lyon va bien,NOT_TRIP,,,
S005818,J'aimerais un billet de Saint-Martin-de-Crau a Vidauban,TRIP,Saint-Martin-de-Crau,Vidauban,
S008237,Aujourd'hui,NOT_TRIP,,,
S006964,De Le Bousquet-d'Orb vers La Frayère avec correspondance a NNeuillé-Pont-Pidrre,TRIP,Le Bousquet-d'Orb,La Frayère,Neuillé-Pont-Pierre
S008307,Hey,NOT_TRIP,,,
S002389,Voyage de Cuinchy a Ebersheim,TRIP,Cuinchy,Ebersheim,
S003774,je voudrais aller de volvic a moosch,TRIP,Volvic,Moosch,
S004851,stephansfeld direction ollioules - sanary-sur-mer,TRIP,Stephansfeld,Ollioules - Sanary-sur-Mer,
S009266,Ein Zug nach Marseille bitte,NOT_FRENCH,,,
S003607,Sermizelles - Vezelay Mailly-la-Ville,TRIP,Sermizelles - Vézelay,Mailly-la-Ville,
S008545,Como llego a Marsella,NOT_FRENCH,,,
S006760,Train de Deuil - Montmagny a Chateau-Thierry passant par La Ciotat - Ceyreste,TRIP,Deuil - Montmagny,Château-Thierry,La Ciotat - Ceyreste
S001525,depart de groslay arrivee a nieul,TRIP,Groslay,Nieul,
S006884,Aller de Wallers a Villeneuve-le-Roi avec un arret a Lavilletertre,TRIP,Wallers,Villeneuve-le-Roi,Lavilletertre
S003566,Je voudrais prendr un train de Boën-sur-Lignon a Vidauban,TRIP,Boën-sur-Lignon,Vidauban,
S004714,Quel train de Bruyères-sur-Oise a Homécourt ?,TRIP,Bruyères-sur-Oise,Homécourt,
S009861,qwerty,UNKNOWN,,,
S005176,Me rendre de Champagne-sur-Oise a Montigny-en-Ostrevent,TRIP,Champagne-sur-Oise,Montigny-en-Ostrevent,
S001694,Je doiz aller d Châtillon d'Azerguess a Meulan - Hardricourt demaain,TRIP,Châtillon d'Azergues,Meulan - Hardricourt,
S000670,Je veux prendre le train de Bueil a Remy,TRIP,Bueil,Remy,
S006219,De Villenave-d'Ornon a Cysoing via Epanvilliers,TRIP,Villenave-d'Ornon,Cysoing,Épanvilliers
S009790,test test test,UNKNOWN,,,
S001837,Comment aller de Aguilcourt - Variscourt a Dieppe ?,TRIP,Aguilcourt - Variscourt,Dieppe,
S008704,I want to go from Paris to Lyon,NOT_FRENCH,,,
S001106,Je voudrais me rendre a Chatellerault depuis Maisons-Alfort - Alfortville,TRIP,Maisons-Alfort - Alfortville,Châtellerault,
S007309,Voyage,NOT_TRIP,,,
S006110,je voudrais aller de olette - canaveilles a regny en passant par bonnieres-sur-seine,TRIP,Olette - Canaveilles,Régny,Bonnières-sur-Seine
S000645,Je vais de Montreuil sur Mer a Ingrandes-Le Fresne-sur-Loire,TRIP,Montreuil sur Mer,Ingrandes-Le Fresne-sur-Loire,
S006210,De Pamiers a Petit Jouy - Les Loges en passant par Bayeux,TRIP,Pamiers,Petit Jouy - Les Loges,Bayeux
S000849,Vernaison direction Sin-le-Noble,TRIP,Vernaison,Sin-le-Noble,
S009889,???,UNKNOWN,,,
S005768,Un billet de Uzerche a Sanry-sur-Nied,TRIP,Uzerche,Sanry-sur-Nied,
S000181,Tain-l'Hermitageu - Tournona puis Mehun-sur-Yèvre,TRIP,Tain-l'Hermitage - Tournon,Mehun-sur-Yèvre,
S006172,Aller de Caondé-sur-Huisne a Nice avec un arret a Briare,TRIP,Condé-sur-Huisne,Nice,Briare
S009682,!!!,UNKNOWN,,,
S006484,annappes puis anse halte puis vauboyen,TRIP,Annappes,Vauboyen,Anse Halte
S004995,Je veux me rendre a La Teste-de-Buch en partant de Le Meridien La Ferriere,TRIP,Le Méridien La Ferrière,La Teste-de-Buch,
S002158,je pars de mamirolle et je vais a pont-remy,TRIP,Mamirolle,Pont-Remy,
S002757,Voyager de Dégagnac vers Ay,TRIP,Dégagnac,Ay,
S003134,Voyager de Écouen - Ézanville vers Pouilly-sur-Loire,TRIP,Écouen - Ézanville,Pouilly-sur-Loire,
S004822,Train de Hesdigneul-lès-Boulogne a Saint-Ay,TRIP,Hesdigneul-lès-Boulogne,Saint-Ay,
S009965,test test test,UNKNOWN,,,
S002289,Partir de Aiguillon pour Chasse-sur-Rhône,TRIP,Aiguillon,Chasse-sur-Rhône,
S000966,Luc-en-Diois piis Notre-Daame de Biannçon,TRIP,Luc-en-Diois,Notre-Dame de Briançon,
S008810,Un billete de tren por favor,NOT_FRENCH,,,
S006505,Aller de Hoelschloch a Saint-Rambert-d'Albon avec un arret a Le Grau-du-Roi,TRIP,Hoelschloch,Saint-Rambert-d'Albon,Le Grau-du-Roi
S007165,Tu fais quoi,NOT_TRIP,,,
S008003,Mon ami Lyon va bien,NOT_TRIP,,,
S001788,Je voudrais aller de Aubiat a Le Bousquet-d'Orb,TRIP,Aubiat,Le Bousquet-d'Orb,
S005492,Cordes - Vindrac - TThionviole,TRIP,Cordes - Vindrac,Thionville,
S005114,Billet La Brillanne - Oraison Moyeuvre-Grande,TRIP,La Brillanne - Oraison,Moyeuvre-Grande,
S005355,partir de brumath pour annemasse,TRIP,Brumath,Annemasse,
S006182,fegersheim - lipsheim puis brionne puis la forest-landerneau,TRIP,Fegersheim - Lipsheim,La Forest-Landerneau,Brionne
S004028,Comment aller de Stephansfeld a Leval ?,TRIP,Stephansfeld,Leval,
S007974,j'aime les trains,NOT_TRIP,,,
S000875,Je veux prendre le train de Chauffailles a La Baule Les Pins,TRIP,Chauffailles,La Baule Les Pins,
S003015,Un train de Messac - Guipry a Saint-Laurent-de-la-Prée - Fouras,TRIP,Messac - Guipry,Saint-Laurent-de-la-Prée - Fouras,
S004077,de savigny-sur-orge jusqu'a montbartier,TRIP,Savigny-sur-Orge,Montbartier,
S003359,Je vais a Châtellerault depuis Saint-Maurice-de-Beynost,TRIP,Saint-Maurice-de-Beynost,Châtellerault,
S003072,me rendre de bantzenheim a cires-les-mello,TRIP,Bantzenheim,Cires-lès-Mello,
S000787,Valognes direction Briouze,TRIP,Valognes,Briouze,
S000723,je pars de lamonzie-saint-martin pour aller a laissey,TRIP,Lamonzie-Saint-Martin,Laissey,
S008688,Book a ticket for me,NOT_FRENCH,,,
S005667,Bourg-en-Bresse - Le Quesnoy,TRIP,Bourg-en-Bresse,Le Quesnoy,
S005308,Je veux me rendre a Huriel en partant de Bar-le-Duc,TRIP,Bar-le-Duc,Huriel,
S006730,Je veux passer par Suevres pour aller de Gimont Cahuzac a Romorantin-Lanthenay,TRIP,Gimont Cahuzac,Romorantin-Lanthenay,Suèvres
S009402,Train from Paris to Bordeaux please,NOT_FRENCH,,,
S006429,De Marles-en-Brie a Simandre-sur-Suran en passant par Saône,TRIP,Marles-en-Brie,Simandre-sur-Suran,Saône
S009779,   ,UNKNOWN,,,
S006650,Aller de Mormant a Gevrey-Chambertin avec un arret a Gresswiller,TRIP,Mormant,Gevrey-Chambertin,Gresswiller
S000509,Ce soir je vais de Chepy-Valines a Méricourt - Ribemont,TRIP,Chepy-Valines,Méricourt - Ribemont,
S009091,I need to travel tomorrow,NOT_FRENCH,,,
S002902,Je veux aller de Chamonix-Mont-Blanc a Marssac-sur-Tarn,TRIP,Chamonix-Mont-Blanc,Marssac-sur-Tarn,
S004035,De Boussens jusqu'a Chemilly - Appoigny,TRIP,Boussens,Chemilly - Appoigny,
S004500,Me rendre de Sommery a Pamproux,TRIP,Sommery,Pamproux,
S005746,Y a-t-il un train dd Lispn a Ogeu-les-Bains ?,TRIP,Lison,Ogeu-les-Bains,
S008926,I want aller a Paris,NOT_FRENCH,,,
S000154,Y a-t-il un train de Lyon Saint-Exupéry TGV a Bonnières-sur-Seine ?,TRIP,Lyon Saint-Exupéry TGV,Bonnières-sur-Seine,
S006034,"Je pars de Sévérac-d'Aveyron, je passe par Fromental et j'arrive a Mesves - Bulcy",TRIP,Sévérac-d'Aveyron,Mesves - Bulcy,Fromental
S001991,Billet Dannes - Camiers Heilles - Mouchy,TRIP,Dannes - Camiers,Heilles - Mouchy,
S007656,je veux aller,NOT_TRIP,,,
S002845,Un train de Le Vernet d'Ariège a Malaunay - Le Houlme,TRIP,Le Vernet d'Ariège,Malaunay - Le Houlme,
S001083,un billet de metz a hargicourt - pierrepont,TRIP,Metz,Hargicourt - Pierrepont,
S002071,un billet de bruyères a nonancourt,TRIP,Bruyères,Nonancourt,
S008870,I want aller a Paris,NOT_FRENCH,,,
S006842,"Je pars de Mérignac Arlac, je passe par Athis-Mons et j'arrive a Eu",TRIP,Mérignac Arlac,Eu,Athis-Mons
S008051,Nice de te rencontrer,NOT_TRIP,,,
S006241,De Tarbes a Guérard - La Celle-sur-Morin en passant par Tournan-en-Brie,TRIP,Tarbes,Guérard - La Celle-sur-Morin,Tournan-en-Brie
S009992,asdfghjkl,UNKNOWN,,,
S002531,je dois aller de provenchères-sur-fave a conflans-sainte-honorine demain,TRIP,Provenchères-sur-Fave,Conflans-Sainte-Honorine,
S000897,voyager de choisy-le-roi vers labergement-sainte-marie,TRIP,Choisy-le-Roi,Labergement-Sainte-Marie,
S005340,"Bonjour, je voudrais aller de Savennières - Béhuard a Menton Garavan",TRIP,Savennières - Béhuard,Menton Garavan,
S002542,"s'il vous plait, un trajet de niederbronn-les-bains a bougival",TRIP,Niederbronn-les-Bains,Bougival,
S009330,I want aller a Paris,NOT_FRENCH,,,
S007502,super,NOT_TRIP,,,
S008852,Book a ticket for me,NOT_FRENCH,,,
S003771,Je veux prendre le train de Tarbes a Lunas,TRIP,Tarbes,Lunas,
S009069,I need to travel tomorrow,NOT_FRENCH,,,
S002409,Voyage de Sainte-Maure - Noyant a Voivres-lès-le-Mans,TRIP,Sainte-Maure - Noyant,Voivres-lès-le-Mans,
S002563,Veynes Dévoluy puis Thann,TRIP,Veynes Dévoluy,Thann,
S000377,partir de verrey-sous-salmaise pour virieu sur bourbre,TRIP,Verrey-sous-Salmaise,Virieu sur Bourbre,
S002820,Je voudrais aller de Bidarray Pont Noblia a Saint-Pierre-d'Albigny,TRIP,Bidarray Pont Noblia,Saint-Pierre-d'Albigny,
S004031,Depart de Pleyber-Christ arrivee a Mouroux,TRIP,Pleyber-Christ,Mouroux,
S002203,chaville rive gauche - chateau-renault,TRIP,Chaville Rive Gauche,Château-Renault,
S002214,un train de longueil-sainte-marie a janzé pour demain,TRIP,Longueil-Sainte-Marie,Janzé,
S007729,D'accord,NOT_TRIP,,,
S003446,Rothau vers Niversac,TRIP,Rothau,Niversac,
S009821,   ,UNKNOWN,,,
S005157,"Bonjour, je voudrais aller de Thourotte a Cros de Cagnes",TRIP,Thourotte,Cros de Cagnes,
S009930,   ,UNKNOWN,,,
S009519,ab,UNKNOWN,,,
S002543,raon-l'étape le teich,TRIP,Raon-l'Étape,Le Teich,
S001423,"Bonjour, je voudrais aller de Mirecourt a Hettange-Grande",TRIP,Mirecourt,Hettange-Grande,
S004648,Comment aller de Le Creusot - Montceau-les-Mines - Montchanin TGV a Neuillé-Pont-Pierre,TRIP,Le Creusot - Montceau-les-Mines - Montchanin TGV,Neuillé-Pont-Pierre,
S009002,Como llego a Marsella,NOT_FRENCH,,,
S006497,Je veux passer par Revin pour aller de Saint-Joseph le Castellas a Hirson Écoles,TRIP,Saint-Joseph le Castellas,Hirson Écoles,Revin
S006543,je voudrais aller de le luc - le cannet a ermont - eaubonne en passant par morre,TRIP,Le Luc - Le Cannet,Ermont - Eaubonne,Morre
S005739,Je voudrais me rendre a Brion - Montreal-la-Cluse depuis Mont de Terre,TRIP,Mont de Terre,Brion - Montréal-la-Cluse,
S008461,Les trains sont souveny en reetard,NOT_TRIP,,,
S002573,un train de les sables blancs a saint-mars-la-briere pour demain,TRIP,Les Sables Blancs,Saint-Mars-la-Brière,
S009388,I want aller a Paris,NOT_FRENCH,,,
S004253,Ce soir je vais de L'Abbaye a Serres,TRIP,L'Abbaye,Serres,
S008257,Tu fais quoi,NOT_TRIP,,,
S008714,Ein Zug nach Marseille bitte,NOT_FRENCH,,,
S002436,"Bonjour, je voudrais aller de Les Trillers a Dourdan",TRIP,Les Trillers,Dourdan,
S001998,Un train de Broons a Savenay,TRIP,Broons,Savenay,
S004226,Je veux aller de Le Puy-en-Velay a Noyal - Acigné,TRIP,Le Puy-en-Velay,Noyal - Acigné,
S001013,Un train de Kuntzig a Loongueaau,TRIP,Kuntzig,Longueau,
S004733,De Mussidan jusqu'a Manduel-Redessan,TRIP,Mussidan,Manduel-Redessan,
S009882,asdfghjkl,UNKNOWN,,,
S001119,Je voidrais prendre jn train de Luzarches a Guignicourt,TRIP,Luzarches,Guignicourt,
S009050,I would like a train ticket,NOT_FRENCH,,,
S007556,Nancy est ma soeur,NOT_TRIP,,,
S006436,je voudrais aller de crécy-la-chapelle a thourotte en passant par thouaré-sur-loire,TRIP,Crécy-la-Chapelle,Thourotte,Thouaré-sur-Loire
S000230,Ce soir je vais de La Porcherie a Boussy-Saint-Antoine,TRIP,La Porcherie,Boussy-Saint-Antoine,
S004261,prendre le train de beauvoir-sur-niort a saint-agnan,TRIP,Beauvoir-sur-Niort,Saint-Agnan,
S008388,Coucou,NOT_TRIP,,,
S008028,Aide moi,NOT_TRIP,,,
S008442,Arriver,NOT_TRIP,,,
S009034,Can you help me,NOT_FRENCH,,,
S003137,La Forest-Landerneau - Steinbourg,TRIP,La Forest-Landerneau,Steinbourg,
S007896,D'accord,NOT_TRIP,,,
S007448,Bonsooir,NOT_TRIP,,,
S002061,J'aimerais aller de Cordes - inodrac a Seyssel - Corbonod,TRIP,Cordes - Vindrac,Seyssel - Corbonod,
S004395,comment aller de béning-lès-saint-avold a massiac - blesle ?,TRIP,Béning-lès-Saint-Avold,Massiac - Blesle,
S009953,!!!,UNKNOWN,,,
S009870,blablabla,UNKNOWN,,,
S006243,De Messein a Grandvillars via Épanvilliers,TRIP,Messein,Grandvillars,Épanvilliers
S002330,je voyage de la ferté-bernard a pont cardinet,TRIP,La Ferté-Bernard,Pont Cardinet,
S007275,Aide moi,NOT_TRIP,,,
S006635,de saint-joseph le castellas vers grigny le sablon avec correspondance a meung-sur-loire,TRIP,Saint-Joseph le Castellas,Grigny le Sablon,Meung-sur-Loire
S008316,tu fais quoi,NOT_TRIP,,,
S000183,Chevillon direction Saint-Germain-les-Belles,TRIP,Chevillon,Saint-Germain-les-Belles,
S005024,Je dois sller de Boug-Macame a Saaillagouse demain,TRIP,Bourg-Madame,Saillagouse,
S002683,direction boisset au depart de montargis,TRIP,Montargis,Boisset,
S004802,Je dois aller de Avignon TGV a Aiserey,TRIP,Avignon TGV,Aiserey,
S002231,Direction Le Buisson-de-Cadouin au depart de Ménil Flin,TRIP,Ménil Flin,Le Buisson-de-Cadouin,
S007509,arriver,NOT_TRIP,,,
S008088,nice de te rencontrer,NOT_TRIP,,,
S001906,Quel train de Ris-Orangis a Montluçon Rimard ?,TRIP,Ris-Orangis,Montluçon Rimard,
S004852,un train de lavaveix-les-mines a vierzon pour demain,TRIP,Lavaveix-les-Mines,Vierzon,
S007236,C'est trop cher,NOT_TRIP,,,
S000935,Vallon-en-Sually Carcassonne,TRIP,Vallon-en-Sully,Carcassonne,
S006634,Pins-Justaret Nezel - Aulnay via Chaulnes,TRIP,Pins-Justaret,Nézel - Aulnay,Chaulnes
S004693,leucate la franqui - fontenoy-sur-moselle,TRIP,Leucate La Franqui,Fontenoy-sur-Moselle,
S003412,Varades - Saint-Florent le Vieil direction Maroeuil,TRIP,Varades - Saint-Florent le Vieil,Maroeuil,
S000253,billet mauzens-miremont saint-pierre-quiberon,TRIP,Mauzens-Miremont,Saint-Pierre-Quiberon,
S007936,Super,NOT_TRIP,,,
S000752,un billet de saint-pol-sur-ternoise a raon-l'étape,TRIP,Saint-Pol-sur-Ternoise,Raon-l'Étape,
S001140,Depart de Chateau-du-Loir arrivee a Bischoffsheim,TRIP,Château-du-Loir,Bischoffsheim,
S002215,prendre le train de rivarennes a le breuil-sur-couze,TRIP,Rivarennes,Le Breuil-sur-Couze,
S009805,qwerty,UNKNOWN,,,
S006586,Aller de Saint-Senoux - Pléchâtel a Chasseneuil-du-Poitou avec un arret a Kilstett,TRIP,Saint-Senoux - Pléchâtel,Chasseneuil-du-Poitou,Kilstett
S004482,Direction Chazay - Marcilly au depart de Rémilly,TRIP,Rémilly,Chazay - Marcilly,
S004015,JJ'aierais aller de Mézérkat a Mâlan,TRIP,Mézériat,Mâlain,
S005992,je voudrais aller de entzheim aeroport a barsac en passant par bidarray pont noblia,TRIP,Entzheim Aéroport,Barsac,Bidarray Pont Noblia
S006087,De Guérard - La Celle-sur-Morin a Bouffémont - Moisselles en passant par Plestan,TRIP,Guérard - La Celle-sur-Morin,Bouffémont - Moisselles,Plestan
S009968,lorem ipsum,UNKNOWN,,,
S003533,Depart de La Ferté-Saint-Aubin arrivee a Dourges,TRIP,La Ferté-Saint-Aubin,Dourges,
S009087,I want to go from Paris to Lyon,NOT_FRENCH,,,
S006811,De Steinbourg a Bagnols-sur-Cèze en passant par Delle,TRIP,Steinbourg,Bagnols-sur-Cèze,Delle
S000566,Voyager de Maisons-Laffitte vers Bois-le-Roi,TRIP,Maisons-Laffitte,Bois-le-Roi,
S009175,Ein Zug nach Marseille bitte,NOT_FRENCH,,,
S004874,Je voyage de Thaon a Saint-Dié-des-Vosges,TRIP,Thaon,Saint-Dié-des-Vosges,
S003275,Un billlet de Lunel a Saint-Louis La Chaussée,TRIP,Lunel,Saint-Louis La Chaussée,
S008108,Mon ami Lyon va bien,NOT_TRIP,,,
S000200,De Angers Maitre Ecole a Bidos,TRIP,Angers Maître École,Bidos,
S005058,Ballan-Mire La Chaize-le-Vicomte,TRIP,Ballan-Miré,La Chaize-le-Vicomte,
S006561,Je voudrais aller de Hirson a Aiguebelle en passant par La Méaugon,TRIP,Hirson,Aiguebelle,La Méaugon
S003411,Billet Torfou-Sèvremine Monistrol-d'Allier,TRIP,Torfou-Sèvremoine,Monistrol-d'Allier,
S004108,Je pars de Liévin et je vais a Montgeroult - Courcelles,TRIP,Liévin,Montgeroult - Courcelles,
S007743,Bonsoir,NOT_TRIP,,,
S005411,Je veux me rendre a Vaucelles en partant de Fontenoy-sur-Moselle,TRIP,Fontenoy-sur-Moselle,Vaucelles,
S009448,Ich mochte von Paris nach Lyon fahren,NOT_FRENCH,,,
S007022,Salut,NOT_TRIP,,,
S004513,quel train de cordemais a grenoble universites - gieres ?,TRIP,Cordemais,Grenoble Universités - Gières,
S004520,Je voyage de Dardilly Le Jubin a Veynes Dévoluy,TRIP,Dardilly Le Jubin,Veynes Dévoluy,
S007112,aide moi,NOT_TRIP,,,
S005543,Train de Corseul - Languenan a Hoffen,TRIP,Corseul - Languenan,Hoffen,
S000190,"bonjour, je voudrais aller de merenvielle a agen",TRIP,Mérenvielle,Agen,
S009403,Como llego a Marsella,NOT_FRENCH,,,
S004463,j'aimerais un billet de carcassonne a aubagne,TRIP,Carcassonne,Aubagne,
S002881,Un tran de Foëcy a Conflans - Jarny,TRIP,Foëcy,Conflans - Jarny,
S006342,train de angers saint-laud a guérard - la celle-sur-morin passant par langon,TRIP,Angers Saint-Laud,Guérard - La Celle-sur-Morin,Langon
S009897,!!!,UNKNOWN,,,
S003877,Un billet de Maisse a Réding,TRIP,Maisse,Réding,
S007241,Aujourd'hui,NOT_TRIP,,,
S002190,Je dois aller de Gestel a Le Havre,TRIP,Gestel,Le Havre,
S001421,"Bonjour, je voudrais aller de Chagny a Epinay - Villetaneuse T11",TRIP,Chagny,Épinay - Villetaneuse T11,
S006244,je veux passer par regny pour aller de dol-de-bretagne a cantin,TRIP,Dol-de-Bretagne,Cantin,Régny
S006072,de saint-quentin-fallavier a cleres en passant par villefranque,TRIP,Saint-Quentin-Fallavier,Clères,Villefranque
S002180,aller de anizy - pinon a mesves - bulcy,TRIP,Anizy - Pinon,Mesves - Bulcy,
S009700,qwerty,UNKNOWN,,,
S000593,Chabenet Bonneval,TRIP,Chabenet,Bonneval,
S002969,je voudrais aller de beuvrages a mauzé-sur-le-mignon,TRIP,Beuvrages,Mauzé-sur-le-Mignon,
S007841,Il fait beau aujourd'hui,NOT_TRIP,,,
S008635,Wie komme ich nach Bordeaux,NOT_FRENCH,,,
S003507,Je veux aller de Vincelles a La Ciotat - Ceyreste,TRIP,Vincelles,La Ciotat - Ceyreste,
S006794,Aller de Krimmeri Meinau a Massy TGV avec un arret a Châteauroux,TRIP,Krimmeri Meinau,Massy TGV,Châteauroux
S007983,Demain,NOT_TRIP,,,
S009793,!!!,UNKNOWN,,,
S001535,Direction Marlieux - Chatillon au depart de Viroflay Rive Gauche,TRIP,Viroflay Rive Gauche,Marlieux - Châtillon,
S001076,Aller de Provins a L'Aiguille,TRIP,Provins,L'Aiguille,
S004074,Liévin Les Sables-d'Olonne,TRIP,Liévin,Les Sables-d'Olonne,
S002105,Prendre le train de Liancourt-Saint-Pierre a Saales,TRIP,Liancourt-Saint-Pierre,Saales,
S006682,millau chemilly - appoigny via fontpédrouse,TRIP,Millau,Chemilly - Appoigny,Fontpédrouse
S001824,J'aimerais aller de Le Soler a Kalhausen,TRIP,Le Soler,Kalhausen,
S008169,Qu'est-ce que tu peux faire,NOT_TRIP,,,
S007205,Je voudrais,NOT_TRIP,,,
S008778,Ein Zug nach Marseille bitte,NOT_FRENCH,,,
S006806,de drefféac vers villeneuve-le-roi avec correspondance a volvic,TRIP,Drefféac,Villeneuve-le-Roi,Volvic
S008836,Como llego a Marsella,NOT_FRENCH,,,
S006320,je veux passer par thiennes pour aller de vaucelles a houdemont,TRIP,Vaucelles,Houdemont,Thiennes
S003371,je voudrais prendre un train de gan a cormery,TRIP,Gan,Cormery,
S002882,je voudrais aller de bischoffsheim a boves,TRIP,Bischoffsheim,Boves,
S001819,Quele train pour aller de Farbus a Velars-sur-Ouche,TRIP,Farbus,Velars-sur-Ouche,
S002602,Je vais de Châteaubourg a Cuers - Pierrefeu,TRIP,Châteaubourg,Cuers - Pierrefeu,
S006529,Chevrières puis Campagnac - Saint-Geniez puis Caudrot,TRIP,Chevrières,Caudrot,Campagnac - Saint-Geniez
S006347,aller de saint-remy-en-l'eau a vias avec un arret a fellering,TRIP,Saint-Remy-en-l'Eau,Vias,Fellering
S005559,me rendre de sainte-colombe septveilles a avignon tgv,TRIP,Sainte-Colombe Septveilles,Avignon TGV,
S000541,ce soir je vais de marmagne sous creusot a nantiat,TRIP,Marmagne sous Creusot,Nantiat,
S006788,Je voudrais aller de Drusenheim a Berlaimont en passant par Saint-Pierre-la-Cour,TRIP,Drusenheim,Berlaimont,Saint-Pierre-la-Cour
S007992,la sncf c'est pas mal,NOT_TRIP,,,
S006086,Saint-Martin d'Étampues puis Thiers puis Vfaiincourt-Viéville,TRIP,Saint-Martin d'Étampes,Vraincourt-Viéville,Thiers
S007198,La SNCF c'est pas mal,NOT_TRIP,,,
S004022,aller de coron de mericourt a saint-mathurin-sur-loire,TRIP,Coron de Méricourt,Saint-Mathurin-sur-Loire,
S000591,Un train de Cap-d'Ail a Provenchères-sur-Fave,TRIP,Cap-d'Ail,Provenchères-sur-Fave,
S001153,Je veux prendre le trin de Puteaux a Reignac-sur-Indre,TRIP,Puteaux,Reignac-sur-Indre,
S009535,test test test,UNKNOWN,,,
S000364,je voudrais me rendre a barentin depuis la jonchere-saint-maurice,TRIP,La Jonchère-Saint-Maurice,Barentin,
S004898,Depart Albertville arrivee Notre-Dame de Briançon,TRIP,Albertville,Notre-Dame de Briançon,
S007741,Un train,NOT_TRIP,,,
S004426,Est-ce qu'il y a un train de Bauvin - Provin a Magalas,TRIP,Bauvin - Provin,Magalas,
S000848,Je veux prendre le train de L'Argentière Les Écrins a Vendôme - Villiers-sur-Loir TGV,TRIP,L'Argentière Les Écrins,Vendôme - Villiers-sur-Loir TGV,
S008959,I want to go from Paris to Lyon,NOT_FRENCH,,,
S001079,Un train de Sarcelles - Saint-Brice a Le Grau-du-Roi pour demain,TRIP,Sarcelles - Saint-Brice,Le Grau-du-Roi,
S005552,Je pars de Saint-Bonnet-de-Rochefort et je vais a Brétigny-sur-Orge,TRIP,Saint-Bonnet-de-Rochefort,Brétigny-sur-Orge,
S001328,saint-hilaire - saint-nazaire vers grésy-sur-isère,TRIP,Saint-Hilaire - Saint-Nazaire,Grésy-sur-Isère,
S003240,Demain je pars de Poouilly-sur-Loire pour Bondy,TRIP,Pouilly-sur-Loire,Bondy,
S003485,Je voudrais prendre un train de Firminy a Druye,TRIP,Firminy,Druye,
S009357,Vorrei andare da Parigi a Lione,NOT_FRENCH,,,
S009774,!!!,UNKNOWN,,,
S003711,Femaft de Nonatbarrey arrivee a Lorient Bretagne Sud,TRIP,Montbarrey,Lorient Bretagne Sud,
S003951,Je voudrais me rendre a La Rivière-Drugeon depuis Le Coteau,TRIP,Le Coteau,La Rivière-Drugeon,
S003844,Prendre le train de Riedseltz a Selles-Saint-Denis,TRIP,Riedseltz,Selles-Saint-Denis,
S007944,hey,NOT_TRIP,,,
S006373,Montreuil sur Mer Montpon-Menesterol via Carhaix-Plouguer,TRIP,Montreuil sur Mer,Montpon-Ménestérol,Carhaix-Plouguer
S008717,Je want to go Lyon,NOT_FRENCH,,,
S004354,je souhaite aller de mandelieu-la-napoule a venerque - vernet,TRIP,Mandelieu-la-Napoule,Venerque - Vernet,
S008252,Qu'est-ce que ttu peux fzire,NOT_TRIP,,,
S005744,Je voudrais prendre un train de Chantenay-Saint-Imbert a Pont-l'Évêque,TRIP,Chantenay-Saint-Imbert,Pont-l'Évêque,
S006956,Aller de Rully a Vesoul avec un arret a Thourotte,TRIP,Rully,Vesoul,Thourotte
S006912,Je voudrais aller de Sotteville-lès-Rouen a Cormeilles-en-Parisis en passant par Breuillet Village,TRIP,Sotteville-lès-Rouen,Cormeilles-en-Parisis,Breuillet Village
S005277,je vais de azerailles a saint-denis-des-murs,TRIP,Azerailles,Saint-Denis-des-Murs,
S002054,Je voudrais aller de Romorantin-Lanthenay a Pointe de Grave,TRIP,Romorantin-Lanthenay,Pointe de Grave,
S007989,Qu'est-ce que tu peux faire,NOT_TRIP,,,
S007985,Nancy est ma soeur,NOT_TRIP,,,
S003500,depart chindrieux arrivee saint-marcellin,TRIP,Chindrieux,Saint-Marcellin,
S006849,Je voudrais aller de Magnette a Sarreguemines en passant par La Coquille,TRIP,Magnette,Sarreguemines,La Coquille
S009937,asdfghjkl,UNKNOWN,,,
S000091,j'aimerais un billet de wacquemoulin a meru,TRIP,Wacquemoulin,Méru,
S005071,je voyage de narbonne a crepy-en-valois,TRIP,Narbonne,Crépy-en-Valois,
S001900,Je veux me rendre a Druye en partant de Oloron-Sainte-Marie,TRIP,Oloron-Sainte-Marie,Druye,
S003016,Je dois aller de Couëron a Pont-de-Veyle demain,TRIP,Couëron,Pont-de-Veyle,
S002879,Est-ce qu'il y a un train de Saint-Pierre-le-Moûtier a Saint-Romain-le-Puy,TRIP,Saint-Pierre-le-Moûtier,Saint-Romain-le-Puy,
S001655,Je voudrais me renndre aa Saint-Féliu-d'Avall cepuuis Saint-Vlour - Chaudes-Zigurs,TRIP,Saint-Flour - Chaudes-Aigues,Saint-Féliu-d'Avall,
S000641,depart de janzé arrivee a savigny-sur-orge,TRIP,Janzé,Savigny-sur-Orge,
S009220,What is the best route,NOT_FRENCH,,,
S006651,je veux passer par champagne pour aller de mont-louis - la cabanasse a bourron-marlotte - grez,TRIP,Mont-Louis - La Cabanasse,Bourron-Marlotte - Grez,Champagné
S008721,Je want to go Lyon,NOT_FRENCH,,,
S004709,train de orgerus - behoust a saint-patrice,TRIP,Orgerus - Béhoust,Saint-Patrice,
S007313,Bonsoir,NOT_TRIP,,,
S009447,What is the best route,NOT_FRENCH,,,
S008510,Un biglietto per Marsiglia,NOT_FRENCH,,,
S002660,Ce soir je vais de Vif a Bourg-Madame,TRIP,Vif,Bourg-Madame,
S001744,y a-t-il un train de verzeille a chouzy-sur-cisse ?,TRIP,Verzeille,Chouzy-sur-Cisse,
S000853,Je voudrais me rendre a Garchizy depuis Malesherbes,TRIP,Malesherbes,Garchizy,
S004926,Neau direction Saujon,TRIP,Neau,Saujon,
S006780,Je voudrais aller de Gan a Savigny-le-Temple - Nandy en passant par Saint-Romain-le-Puy,TRIP,Gan,Savigny-le-Temple - Nandy,Saint-Romain-le-Puy
S004732,y a-t-il un train de gargan a dommartin - remiencourt ?,TRIP,Gargan,Dommartin - Remiencourt,
S001059,quel train pour aller de château-du-loir a cravant - bazarnes,TRIP,Château-du-Loir,Cravant - Bazarnes,
S007047,partir,NOT_TRIP,,,
S001471,Je dois aller de Habsheim a Tulle demain,TRIP,Habsheim,Tulle,
S000447,Un train de Baillargues a Pessac pour demain,TRIP,Baillargues,Pessac,
S006349,Pont-Sainte-Maxence puis Montbartier puis Pavilly,TRIP,Pont-Sainte-Maxence,Pavilly,Montbartier
S008544,Un biglietto per Marsiglia,NOT_FRENCH,,,
S002722,j'aimerais aller de montchanin a la bohalle,TRIP,Montchanin,La Bohalle,
S004879,Je souhaite aller de Saint-Mariens - Saint-Yzan a Brazey-en-Plaine,TRIP,Saint-Mariens - Saint-Yzan,Brazey-en-Plaine,
S001384,Un train de La Madeleine a Saint-Denis pour demain,TRIP,La Madeleine,Saint-Denis,
S004872,J'aimerais aller de Pont-à-Mousson a La Haie-Fouassière,TRIP,Pont-à-Mousson,La Haie-Fouassière,
S007635,Il fait beau aujourd'hui,NOT_TRIP,,,
S003915,Cernay (Val-d'Oise) puis Le Raincy - Villemomble - Montfermeil,TRIP,Cernay (Val-d'Oise),Le Raincy - Villemomble - Montfermeil,
S002697,Voyager de Guingamp vers Pezou,TRIP,Guingamp,Pezou,
S006139,De Buno - Gironville a Frépilalon en psssant par Tacoignières - Richebourg,TRIP,Buno - Gironville,Frépillon,Tacoignières - Richebourg
S008655,Un biglietto per Marsiglia,NOT_FRENCH,,,
S007194,C'est quoi ce service,NOT_TRIP,,,
S003992,La Baule Les Pins vers Plancoet,TRIP,La Baule Les Pins,Plancoët,
S000672,De Lutzelhouse jusqu'a Mulhouse Dornach,TRIP,Lutzelhouse,Mulhouse Dornach,
S008922,I want aller a Paris,NOT_FRENCH,,,
S002522,Partir de Baroncourt vers Moneteau - Gurgy,TRIP,Baroncourt,Monéteau - Gurgy,
S005267,Depart de Arles arrivee a Nice Pot Michel,TRIP,Arles,Nice Pont Michel,
S004093,Train de Wksches a Lamure-sur-Azergues,TRIP,Wisches,Lamure-sur-Azergues,
S000033,Partir de Paris Saint-Lazare pour Orchamps,TRIP,Paris Saint-Lazare,Orchamps,
S009245,I want to go from Paris to Lyon,NOT_FRENCH,,,
S009642,aaaaaaaa,UNKNOWN,,,
S005587,Y a-t-il un tran de Saint-Vincent le Château a Ustaritz Jatxou ?,TRIP,Saint-Vincent le Château,Ustaritz Jatxou,
S004615,Un train de Vierzon a Azay-le-Rideau pour demain,TRIP,Vierzon,Azay-le-Rideau,
S005042,Je voudrais me rendre a Corgoloin depuis Ustaritz Jatxou,TRIP,Ustaritz Jatxou,Corgoloin,
S002597,billet chaumont freinville sevran,TRIP,Chaumont,Freinville Sevran,
S006077,Lardy puis Sessenheim puis Lancerf,TRIP,Lardy,Lancerf,Sessenheim
S002437,Savy-Berlette direction Veauche - Saint-Galmier,TRIP,Savy-Berlette,Veauche - Saint-Galmier,
S003495,Je voudrais prendre un train de Château-Gaillard a Rosières-en-Santerre,TRIP,Château-Gaillard,Rosières-en-Santerre,
S003328,Voyage de Mutzig a Bigny,TRIP,Mutzig,Bigny,
S009039,Un biglietto per Marsiglia,NOT_FRENCH,,,
S009154,Can you help me,NOT_FRENCH,,,
S008912,I would like a train ticket,NOT_FRENCH,,,
S004503,comment aller de montmorillon a pringy,TRIP,Montmorillon,Pringy,
S008114,Il fait beau aujourd'hui,NOT_TRIP,,,
S007135,J'ai rencontre Marseille hier,NOT_TRIP,,,
S009910,test test test,UNKNOWN,,,
S005732,Depuis Freinville Sevran jusqu'a Pavilly,TRIP,Freinville Sevran,Pavilly,
S001619,Pourriez-vous me trouver un train de Hymont-Mattaincourt a La Grande-Paroisse,TRIP,Hymont-Mattaincourt,La Grande-Paroisse,
S007648,Voyage,NOT_TRIP,,,
S005637,Je dois aller dz Vetnon - Givefny a Saint-Avre - La Chambre demain,TRIP,Vernon - Giverny,Saint-Avre - La Chambre,
S001366,J'aimerais un billet de Gravigny Balizy a Strazeele,TRIP,Gravigny Balizy,Strazeele,
S008694,Book a ticket for me,NOT_FRENCH,,,
S004610,comment aller de poussay a boisleux-au-mont,TRIP,Poussay,Boisleux-au-Mont,
S004586,je veux prendre le train de vaumoise a illiers-combray,TRIP,Vaumoise,Illiers-Combray,
S009255,How do I get to Marseille,NOT_FRENCH,,,
S009258,How do I get to Marseille,NOT_FRENCH,,,
S001115,Comment aller de Gazinet Cestas a Thieux - Nantouillet ?,TRIP,Gazinet Cestas,Thieux - Nantouillet,
S005858,Je dois aler de Paris gar du Nord a Thonon-les-Bains,TRIP,Paris Gare du Nord,Thonon-les-Bains,
S006691,De Vincelles vers Herrlisheim-pres-Colmar avec correspondance a Arenc Euromediterranee,TRIP,Vincelles,Herrlisheim-près-Colmar,Arenc Euroméditerranée
S007060,Demain,NOT_TRIP,,,
S008026,Genial,NOT_TRIP,,,
S000140,je vais de pierre-buffiere a chedde,TRIP,Pierre-Buffière,Chedde,
S000858,direction cornil au depart de chèvremont,TRIP,Chèvremont,Cornil,
S007627,tu fais quoi,NOT_TRIP,,,
S007829,Demain,NOT_TRIP,,,
S007836,help,NOT_TRIP,,,
S000239,Je voudrais me rendre a Saint-Raphael Valescure depuis Montigny - Beauchamp,TRIP,Montigny - Beauchamp,Saint-Raphaël Valescure,
S007572,Bonjour,NOT_TRIP,,,
S003265,J'aimerais un bilet de Villaines-sous-Bois a Servoz,TRIP,Villaines-sous-Bois,Servoz,
S008173,Tu fais quoi,NOT_TRIP,,,
S002711,miniac-morvan - crouy-sur-ourcq,TRIP,Miniac-Morvan,Crouy-sur-Ourcq,
S008582,Ich mochte von Paris nach Lyon fahren,NOT_FRENCH,,,
S005783,Je me rends a Uchaud depuis Grenoble Universités - Gières,TRIP,Grenoble Universités - Gières,Uchaud,
S006649,Train de Reuilly a Vulaines-sur-Seine - Samoreau passant par Orry-la-Ville - Coye,TRIP,Reuilly,Vulaines-sur-Seine - Samoreau,Orry-la-Ville - Coye
S001799,Je veux aller de Selles-sur-Cher a Felletin,TRIP,Selles-sur-Cher,Felletin,
S000453,je veux prendre le train de la rochelle porte dauphine a pont-à-vendin,TRIP,La Rochelle Porte Dauphine,Pont-à-Vendin,
S006733,train de grigny centre a talence medoquine passant par aubigne-racan,TRIP,Grigny Centre,Talence Médoquine,Aubigné-Racan
S004590,Je voudrais prendre un train de Saint-Maurice-de-Beynost a Fresnoy-le-Grand,TRIP,Saint-Maurice-de-Beynost,Fresnoy-le-Grand,
S007519,Hey,NOT_TRIP,,,
S006596,je veux passer par orange pour aller de avenue du président kennedy maison de radio france a luzenac - garanou,TRIP,Avenue du Président Kennedy Maison de Radio France,Luzenac - Garanou,Orange
S008081,Il fait bbeau aujoued'hui,NOT_TRIP,,,
S007343,C'est quoi ce service,NOT_TRIP,,,
S004917,Je veux prendre le train de Malaunay - Le Houlme a L'Hermitage - Mordelles,TRIP,Malaunay - Le Houlme,L'Hermitage - Mordelles,
S004551,prendre le train de les aubrais a paris gare du nord,TRIP,Les Aubrais,Paris Gare du Nord,
S005090,voyage de villeperdue a servon-sur-vilaine,TRIP,Villeperdue,Servon-sur-Vilaine,
S001668,Y a-t-il un train de Crêches-sur-Saône a Dommartin - Remiencourt,TRIP,Crêches-sur-Saône,Dommartin - Remiencourt,
S007188,Aujourd'hui,NOT_TRIP,,,
S003539,Quel train pour aller de Gièvres a Corrèze,TRIP,Gièvres,Corrèze,
S007867,Genial,NOT_TRIP,,,
S007595,Comment ca marche,NOT_TRIP,,,
S009961,a,UNKNOWN,,,
S008815,Wie komme ich nach Bordeaux,NOT_FRENCH,,,
S007152,Coucou,NOT_TRIP,,,
S001847,Me rendre de Lievin a Valence TGV Rhone-Alpes Sud,TRIP,Liévin,Valence TGV Rhône-Alpes Sud,
S008928,I would like a train ticket,NOT_FRENCH,,,
S002842,je voudrais aller de bonneville a noiretable,TRIP,Bonneville,Noirétable,
S001261,Un train de Saint-Laurent-de-la-Prée - Fouras a Vauxaillon pour demain,TRIP,Saint-Laurent-de-la-Prée - Fouras,Vauxaillon,
S000238,Partir de Gueret vers Drusenheim,TRIP,Guéret,Drusenheim,
S001235,De La Tricherie jusqu'a Rabastens - Coufouleux,TRIP,La Tricherie,Rabastens - Coufouleux,
S002791,Voyager de Raismrs vers Savigny-le-Temple - andy,TRIP,Raismes,Savigny-le-Temple - Nandy,
S004112,Je pars de Sainet-Georges-d'Aurac et je vaeks a Chaponval,TRIP,Saint-Georges-d'Aurac,Chaponval,
S005920,Je dois aller de Frontignan a Valleiry demain,TRIP,Frontignan,Valleiry,
S007763,bonsoir,NOT_TRIP,,,
S001811,je dois aller de niort a les cauquillous,TRIP,Niort,Les Cauquillous,
S008900,Un biglietto per Marsiglia,NOT_FRENCH,,,
S000263,Je dois aller de Conflans - Jarny a Terrasson-Lavilledieu demain,TRIP,Conflans - Jarny,Terrasson-Lavilledieu,
S003027,depart mullerhof arrivee willer-sur-thur,TRIP,Mullerhof,Willer-sur-Thur,
S002080,Je voudrais prendre un train de Creil a Hachette,TRIP,Creil,Hachette,
S009374,Je want to go Lyon,NOT_FRENCH,,,
S008709,Un biglietto per Marsiglia,NOT_FRENCH,,,
S009470,Como llego a Marsella,NOT_FRENCH,,,
S003933,bonnières-sur-seine vers montbrison,TRIP,Bonnières-sur-Seine,Montbrison,
S007297,J'aime les trains,NOT_TRIP,,,
S005523,Un bimlet de Vory-Noureuil a Dojrdan,TRIP,Viry-Noureuil,Dourdan,
S004356,de lancerf a fretin,TRIP,Lancerf,Fretin,
S004380,Depart de Bruz arrivee a Leucate La Franqui,TRIP,Bruz,Leucate La Franqui,
S004369,Je dois aller de Saône a Montbard demain,TRIP,Saône,Montbard,
S007104,merci,NOT_TRIP,,,
S001431,Je voudrais prendre un train de La Hutte Coulombiers a La Couronne Carro,TRIP,La Hutte Coulombiers,La Couronne Carro,
S008222,au revoir,NOT_TRIP,,,
S004488,Neufchâtel-Hardelot - Dunkerque,TRIP,Neufchâtel-Hardelot,Dunkerque,
S004722,Voyage de Pont-du-Château a Longages - Noé,TRIP,Pont-du-Château,Longages - Noé,
S006919,je veux passer par pouzauges pour aller de seugy a epone - mezieres,TRIP,Seugy,Épône - Mézières,Pouzauges
S009426,I need to travel tomorrow,NOT_FRENCH,,,
S003463,Voyage de Les Clairières de Verneuil a Aubiet,TRIP,Les Clairières de Verneuil,Aubiet,
S000726,je veux aller de tarascon-sur-ariège a dourges,TRIP,Tarascon-sur-Ariège,Dourges,
S008148,c'est trop cher,NOT_TRIP,,,
S007871,hello,NOT_TRIP,,,
S001919,De Bayon a Issoudun,TRIP,Bayon,Issoudun,
S005383,Je veux prendre le train de La Faloise a Barjac,TRIP,La Faloise,Barjac,
S008596,I want to go from Paris to Lyon,NOT_FRENCH,,,
S003055,Direction Carentan au depart de Thionville,TRIP,Thionville,Carentan,
S004107,gironde-sur-dropt laroquebrou,TRIP,Gironde-sur-Dropt,Laroquebrou,
S006136,De Les Arcs - Draguignan vers Montbéliard avec correspondance a Montgeron - Crosne,TRIP,Les Arcs - Draguignan,Montbéliard,Montgeron - Crosne
S004332,"bonjour, je voudrais aller de andorre – l’hospitalet a sainte-colombe",TRIP,Andorre – l’Hospitalet,Sainte-Colombe,
S008238,demain,NOT_TRIP,,,
S005527,comment aller de bengy-sur-craon a saint-martory,TRIP,Bengy-sur-Craon,Saint-Martory,
S006798,"Je pars de Égletons, je passe par Moûtiers - Salins - Brides-les-Bains et j'arrive a Valençay",TRIP,Égletons,Valençay,Moûtiers - Salins - Brides-les-Bains
S003177,Ce soir je vais de Pleudihen-sur-Rance a Ponthierry - Pringy,TRIP,Pleudihen-sur-Rance,Ponthierry - Pringy,
S008318,aide moi,NOT_TRIP,,,
S004215,De Belleville jusqu'a Boussay - La Bruffière,TRIP,Belleville,Boussay - La Bruffière,
S001835,me rendre de fougeray - langon a saint-roch,TRIP,Fougeray - Langon,Saint-Roch,
S009956,test test test,UNKNOWN,,,
S008725,Ein Zug nach Marseille bitte,NOT_FRENCH,,,
S006286,Limoux Flassian puis La Chaumusse - Fort-du-Plasne puis Pantin,TRIP,Limoux Flassian,Pantin,La Chaumusse - Fort-du-Plasne
S007904,troyes est un prenom original,NOT_TRIP,,,
S009959,qwerty,UNKNOWN,,,
S001603,Je voudrais me rendre a Malansac depuit Barentin,TRIP,Barentin,Malansac,
S009748,ab,UNKNOWN,,,
S001971,Harfleur-Halte direction Saint-Maurice-de-Beynost,TRIP,Harfleur-Halte,Saint-Maurice-de-Beynost,
S000689,je veux aller de oudon a montpellier sud de france,TRIP,Oudon,Montpellier Sud de France,
S009541,!!!,UNKNOWN,,,
S006449,je voudrais aller de pagny-sur-meuse a puteaux en passant par épanvilliers,TRIP,Pagny-sur-Meuse,Puteaux,Épanvilliers
S000563,Hargicourt - Pierrepont - Babinière,TRIP,Hargicourt - Pierrepont,Babinière,
S003806,Je veux aller de Versailles Rive Droite a Cravant - Bazarnes,TRIP,Versailles Rive Droite,Cravant - Bazarnes,
S003825,Je voudrais me rendre a Corbeil-Essonnes depuis Kilstett,TRIP,Kilstett,Corbeil-Essonnes,
S009746,@#$%,UNKNOWN,,,
S000406,Je veux me rendre a Marquillies en partant de Boulainvilliers,TRIP,Boulainvilliers,Marquillies,
S006462,"Je pars de Wissembourg, je passe par Halsou - Larressore et j'arrive a Aix-les-Bains le Revard",TRIP,Wissembourg,Aix-les-Bains le Revard,Halsou - Larressore
S005840,Betton vers Le Creusot - Montceau-les-Mines - Montchanin TGV,TRIP,Betton,Le Creusot - Montceau-les-Mines - Montchanin TGV,
S006225,De Phalempin a Rive-de-Gier en passant par Masseret,TRIP,Phalempin,Rive-de-Gier,Masseret
S009886,a,UNKNOWN,,,
S007163,Un trin,NOT_TRIP,,,
S000910,Direction Orthez au depart de Boigneville,TRIP,Boigneville,Orthez,
S004032,PPartir de Aiserey vers Gargan,TRIP,Aiserey,Gargan,
S001982,Ce soor je vais de Le Buisson-de-Cadouin a Formerie,TRIP,Le Buisson-de-Cadouin,Formerie,
S003291,Directiono Mennec au eepart de Serquigny,TRIP,Serquigny,Mennecy,
S004094,Ce soir je vais de Moûtiers - Salins - Brides-les-Bains a Andorre – l’Hospitalet,TRIP,Moûtiers - Salins - Brides-les-Bains,Andorre – l’Hospitalet,
S003878,"S'il vous plait, un trajet de Savoinnières a Lunas",TRIP,Savonnières,Lunas,
S006253,De Hochfelden vers Châteaulin avec correspondance a Conches-en-Ouche,TRIP,Hochfelden,Châteaulin,Conches-en-Ouche
S002381,Pourriez-vous me trouver un train de Stains La Cerisaie T11 a Courcelles-le-Comte,TRIP,Stains La Cerisaie T11,Courcelles-le-Comte,
S002123,depuis orangis bois de l'epine jusqu'a savy-berlette,TRIP,Orangis Bois de l'Épine,Savy-Berlette,
S004537,je souhaite aller de mommenheim a saint-péray,TRIP,Mommenheim,Saint-Péray,
S003659,J'aimerais aller de Saint-Laurent-de-la-Prée - Fouras a Anor,TRIP,Saint-Laurent-de-la-Prée - Fouras,Anor,
S007589,C'est trop cher,NOT_TRIP,,,
S009600,aaaaaaaa,UNKNOWN,,,
S002438,je vais de le theil-de-bretagne a la croix de méan,TRIP,Le Theil-de-Bretagne,La Croix de Méan,
S000820,Pourriez-vous me trouver un train de Pont-l'Évêque a Blainville - Damelevières,TRIP,Pont-l'Évêque,Blainville - Damelevières,
S002132,un train de thun le paradis a saint-gervais-les-bains le fayet,TRIP,Thun le Paradis,Saint-Gervais-les-Bains Le Fayet,
S003738,Je voudrais prendre un train de Haluchère Batignolles a Aubie - Saint-Antoine,TRIP,Haluchère Batignolles,Aubie - Saint-Antoine,
S008913,Je want to go Lyon,NOT_FRENCH,,,
S008057,Partir,NOT_TRIP,,,
S007956,Troyes est un prenom original,NOT_TRIP,,,
S004071,Je veux aller de Carry-le-Rouet a Sept-Saulx,TRIP,Carry-le-Rouet,Sept-Saulx,
S006168,Je voudrais aller de Croix du Prince a Monte-Carlo Country Club en passant par Domont,TRIP,Croix du Prince,Monte-Carlo Country Club,Domont
S008105,Bonjour,NOT_TRIP,,,
S005619,Écommoy direction Castres,TRIP,Écommoy,Castres,
S008374,Nancy est ma soeur,NOT_TRIP,,,
S005364,Partir de Oyonnax pour Roquebrune-Cap-Martin,TRIP,Oyonnax,Roquebrune-Cap-Martin,
S000631,ce soir je vais de saint-germain-les-belles a baillargues,TRIP,Saint-Germain-les-Belles,Baillargues,
S000185,depui Vendôme - Villiers-sur-Loir TGV jusqu'a Bretoncelles,TRIP,Vendôme - Villiers-sur-Loir TGV,Bretoncelles,
S000698,Depart Saint-Marcel arrivee Issé,TRIP,Saint-Marcel,Issé,
S001466,Quel train pojr aller doe Ermont Halte a Elbeuf - Saint-Aubin,TRIP,Ermont Halte,Elbeuf - Saint-Aubin,
S002178,Depuis Orqngis Bois de l'Épine jusqu'a Galuzot,TRIP,Orangis Bois de l'Épine,Galuzot,
S008133,Partir,NOT_TRIP,,,
S004741,Demain je pars de Varennes-sur-Fouzon pour Salles-Courbaties,TRIP,Varennes-sur-Fouzon,Salles-Courbatiès,
S001406,Je voudrais prendre un train de Les Arcs - Draguignan a Chantilly - Gouvieux,TRIP,Les Arcs - Draguignan,Chantilly - Gouvieux,
S002251,partir de tanus pour roubaix,TRIP,Tanus,Roubaix,
S001278,Je voudrait aller de Hermes - Berthecourt a Castillon-la-Bataille,TRIP,Hermes - Berthecourt,Castillon-la-Bataille,
S009401,Ein Zug nach Marseille bitte,NOT_FRENCH,,,
S009908,...,UNKNOWN,,,
S002675,Je veux me rendre a Les Ormes en partant de Voujeaucourt,TRIP,Voujeaucourt,Les Ormes,
S006025,Je veux passer par Viry-Châtillon pour aller de L'Etang les Sablons a Troyes,TRIP,L'Etang les Sablons,Troyes,Viry-Châtillon
S001469,Aller de Garancieres - La Queue a Cantin,TRIP,Garancières - La Queue,Cantin,
S002456,Je voudrais aller de Grasse a Langeac,TRIP,Grasse,Langeac,
S008315,Hey,NOT_TRIP,,,
S000585,comment aller de lagny - thorigny a lamagistère,TRIP,Lagny - Thorigny,Lamagistère,
S008485,Hello,NOT_TRIP,,,
S007954,Un train,NOT_TRIP,,,
S004816,Y a-t-il un train de Sainte-olombe Septveiles a Saint-Victor-l'Abbae ?,TRIP,Sainte-Colombe Septveilles,Saint-Victor-l'Abbaye,
S004748,je voyage de creil a frasne,TRIP,Creil,Frasne,
S009201,Quiero ir de Paris a Lyon,NOT_FRENCH,,,
S001365,Est-ce qu'il y a un train de Pont-l'Évêque a Mériel,TRIP,Pont-l'Évêque,Mériel,
S007446,Je m'appelle Paris,NOT_TRIP,,,
S006990,"Je pars de Conflans Fin d'Oise, je passe par Montoir-de-Bretagne et j'arrive a Miraumont",TRIP,Conflans Fin d'Oise,Miraumont,Montoir-de-Bretagne
S005325,vaumoise direction marmagne,TRIP,Vaumoise,Marmagne,
S004348,Je pars de Bello - aint-Martinu pour aller a Pontorson - Monnt-Saint-Michel,TRIP,Belloy - Saint-Martin,Pontorson - Mont-Saint-Michel,
S000262,Partir de Strasbourg pour Nanteuil-le-Haudouin,TRIP,Strasbourg,Nanteuil-le-Haudouin,
S007962,les trains sont souvent en retard,NOT_TRIP,,,
S009753,...,UNKNOWN,,,
S006303,Train de Muhlbach-sur-Munster a Val-de-Reuil passant par Bergerac,TRIP,Muhlbach-sur-Munster,Val-de-Reuil,Bergerac
S005938,ce soir je vais de viry-noureuil a amilly ouerray,TRIP,Viry-Noureuil,Amilly Ouerray,
S003849,Partir de Kerhostin vers Landas,TRIP,Kerhostin,Landas,
S003570,"S'il vous plait, un trajet de Guéret a Ossun",TRIP,Guéret,Ossun,
S008811,Ein Zug nach Marseille bitte,NOT_FRENCH,,,
S004227,J'aimerais un billet de Aix-les-Bains le Revard a Loches,TRIP,Aix-les-Bains le Revard,Loches,
S008701,I need to travel tomorrow,NOT_FRENCH,,,
S006845,de somain a laifour en passant par lyon part dieu,TRIP,Somain,Laifour,Lyon Part Dieu
S000216,Un train de Moirans a Harfleur pour demain,TRIP,Moirans,Harfleur,
S008532,Vorrei andare da Parigi a Lione,NOT_FRENCH,,,
S000836,Un trin de Foucart - Alvimare a Générac pour demain,TRIP,Foucart - Alvimare,Générac,
S002926,Voyage de Puteaux a Saint-Savinien,TRIP,Puteaux,Saint-Savinien,
S008274,Je voudrais,NOT_TRIP,,,
S006270,Je veux passer par Villepreux - Les Clayes pour aller de Vinay a Noyelles-sur-Mer,TRIP,Vinay,Noyelles-sur-Mer,Villepreux - Les Clayes
S008895,Book a ticket for me,NOT_FRENCH,,,
S005657,Je me rends a Joigny depuis Le Dramont,TRIP,Le Dramont,Joigny,
S000701,Me rendre de Villeherviers a La Taye,TRIP,Villeherviers,La Taye,
S007707,Bonsoir,NOT_TRIP,,,
S008791,Book a ticket for me,NOT_FRENCH,,,
S008995,Quiero ir de Paris a Lyon,NOT_FRENCH,,,
S002620,Chilly-Mazarin direction Les Pavillons-sous-Bois,TRIP,Chilly-Mazarin,Les Pavillons-sous-Bois,
S004568,Je pars de Terrasson-Lavilledieu pour aller a Lutzelbourg,TRIP,Terrasson-Lavilledieu,Lutzelbourg,
S003634,je souhaite aller de callac a limoux,TRIP,Callac,Limoux,
S003337,villenave-d'ornon - cambo-les-bains,TRIP,Villenave-d'Ornon,Cambo-les-Bains,
S008514,Ich mochte von Paris nach Lyon fahren,NOT_FRENCH,,,
S009283,Ein Zug nach Marseille bitte,NOT_FRENCH,,,
S002647,tran de Russ Hersbach a Le Mée-sur-Seine,TRIP,Russ Hersbach,Le Mée-sur-Seine,
S004712,Je me rends a Le Creusot - Montceau-les-Mines - Montchanin TGV depuis Roche-lez-Beaupre,TRIP,Roche-lez-Beaupré,Le Creusot - Montceau-les-Mines - Montchanin TGV,
S006598,de belle-isle - bégard a aiguebelette-le-lac en passant par gargenville,TRIP,Belle-Isle - Bégard,Aiguebelette-le-Lac,Gargenville
S006159,Aller de Faubourg d'Orléans a Cherbourg-en-Cotentin avec un arret a Tarare,TRIP,Faubourg d'Orléans,Cherbourg-en-Cotentin,Tarare
S000879,Prendre le train de Baziège a Herrlisheim-près-Colmar,TRIP,Baziège,Herrlisheim-près-Colmar,
S004161,Je pars de Voutre et je vais a Iwuy,TRIP,Voutré,Iwuy,
S000054,Je veux prendre le train de Saint-Astier a Échirolles,TRIP,Saint-Astier,Échirolles,
S002353,Direction Fontenay-le-Fleury au depart de Saint-Louis,TRIP,Saint-Louis,Fontenay-le-Fleury,
S006416,Aller de Bitschwiller-les-Thann a Egly avec un arret a Solignac - Le Vigen,TRIP,Bitschwiller-lès-Thann,Égly,Solignac - Le Vigen
S002512,Voyagerr de Moirans La Galifette vers Pornichet,TRIP,Moirans La Galifette,Pornichet,
S004685,"bonjour, je voudrais aller de verneuil-sur-avre a montluel",TRIP,Verneuil-sur-Avre,Montluel,
S007464,Il fait beau aujourd'hui,NOT_TRIP,,,
S006281,Je voudrais aller de La Verrière a Maisons-Alfort - Alfortville en passant par Caen,TRIP,La Verrière,Maisons-Alfort - Alfortville,Caen
S001343,partir de montreux-vieux pour illfurth,TRIP,Montreux-Vieux,Illfurth,
S004842,je pars de labège village et je vais a cannes,TRIP,Labège Village,Cannes,
S004804,direction sallanches - combloux - megève au depart de saint-ouen,TRIP,Saint-Ouen,Sallanches - Combloux - Megève,
S002177,me rendre de saint-georges-d'aurac a armentières,TRIP,Saint-Georges-d'Aurac,Armentières,
S005032,Demain je pars de Bellevue pour Thiers,TRIP,Bellevue,Thiers,
S007625,Salut,NOT_TRIP,,,
S007831,ok,NOT_TRIP,,,
S005349,Mortcerf - La Joux,TRIP,Mortcerf,La Joux,
S002659,boucoiran-et-nozières vers arenc euroméditerranée,TRIP,Boucoiran-et-Nozières,Arenc Euroméditerranée,
S009868,,UNKNOWN,,,
S007458,Ok,NOT_TRIP,,,
S000860,Demain je pars de Herrlisheim-près-Colmar pour Montigny-en-Ostrevent,TRIP,Herrlisheim-près-Colmar,Montigny-en-Ostrevent,
S008428,aujourd'hui,NOT_TRIP,,,
S000335,Je voudrais me rendre a Neuvic depuis Quillan,TRIP,Quillan,Neuvic,
S003218,puget-ville - monte-carlo country club,TRIP,Puget-Ville,Monte-Carlo Country Club,
S000874,De Emerainville - Pontault-Combault jusqu'a Saumur,TRIP,Émerainville - Pontault-Combault,Saumur,
S009679,123456,UNKNOWN,,,
S004051,je vais de marne-la-vallee chessy a rothau,TRIP,Marne-la-Vallée Chessy,Rothau,
S001066,billet franconville - le plessis-bouchard ustaritz jatxou,TRIP,Franconville - Le Plessis-Bouchard,Ustaritz Jatxou,
S001352,Je vais de Chasse-sur-Rhône a Foix,TRIP,Chasse-sur-Rhône,Foix,
S007503,Aide moi,NOT_TRIP,,,
S006858,Aller de Plechatel a Charmes avec un arret a Baume-les-Dames,TRIP,Pléchâtel,Charmes,Baume-les-Dames
S005879,Quel train de Menton a Beziers ?,TRIP,Menton,Béziers,
S001325,Prendre le train de Château-du-Loir a Montreuil-Bellay,TRIP,Château-du-Loir,Montreuil-Bellay,
S004202,Je veux prendr le trin de Les Essarts-le-Roi a Liancourt - Rantigny,TRIP,Les Essarts-le-Roi,Liancourt - Rantigny,
S008289,Demain,NOT_TRIP,,,
S009065,Como llego a Marsella,NOT_FRENCH,,,
S004014,"Bonjour, je voudrais aller de Saint-Sulpice (Tarn) a La Chaumusse - Fort-du-Plasne",TRIP,Saint-Sulpice (Tarn),La Chaumusse - Fort-du-Plasne,
S002024,un billet de chamonix aiguille du midi a bellignat,TRIP,Chamonix Aiguille du Midi,Bellignat,
S008152,Un train,NOT_TRIP,,,
S004361,Je vais a Pantin depuis Argenteuil,TRIP,Argenteuil,Pantin,
S007023,A bientot,NOT_TRIP,,,
S005542,Je veux prendre le train de Fismes a Laon,TRIP,Fismes,Laon,
S004016,Depart de Osny arrivé a Ambronay - Priay,TRIP,Osny,Ambronay - Priay,
S001383,Prendre le train de Is-sur-Tille a Morannes,TRIP,Is-sur-Tille,Morannes,
S008897,Ich mochte von Paris nach Lyon fahren,NOT_FRENCH,,,
S004428,Est-ce qu'il y a n train de Les Cauquillos a Larocche - Migennes,TRIP,Les Cauquillous,Laroche - Migennes,
S009467,Wie komme ich nach Bordeaux,NOT_FRENCH,,,
S008350,Merci,NOT_TRIP,,,
S003737,quel train de drancy a châteaubourg ?,TRIP,Drancy,Châteaubourg,
S006977,Vielmur-sur-Agout Les Fontinettes via Nantiat,TRIP,Vielmur-sur-Agout,Les Fontinettes,Nantiat
S002448,Je vais de Les Portes de Saint-Cyr a L'Isle-sur-le-Doubs,TRIP,Les Portes de Saint-Cyr,L'Isle-sur-le-Doubs,
S003734,Je dois aller de Steinbourg a Aubagne demain,TRIP,Steinbourg,Aubagne,
S008513,How do I get to Marseille,NOT_FRENCH,,,
S008317,Merci,NOT_TRIP,,,
S006522,Je voudrais aller de La Crèche a Bidarray Pont Noblia en passant par Saint-Roch,TRIP,La Crèche,Bidarray Pont Noblia,Saint-Roch
S000513,y a-t-il un train de beillant a labergement-sainte-marie ?,TRIP,Beillant,Labergement-Sainte-Marie,
S007221,Aide moi,NOT_TRIP,,,
S006987,Mauze-sur-le-Mignon Montauban Ville Bourbon via Gimont Cahuzac,TRIP,Mauzé-sur-le-Mignon,Montauban Ville Bourbon,Gimont Cahuzac
S005763,quel train de villeperdue a val-de-vesle ?,TRIP,Villeperdue,Val-de-Vesle,
S003364,Je me rends a Villetaneuse Université depuis Bains-les-Bains,TRIP,Bains-les-Bains,Villetaneuse Université,
S008899,Je want to go Lyon,NOT_FRENCH,,,
S001858,prendre le train de deluz a cavaillon,TRIP,Deluz,Cavaillon,
S002048,Est-ce qu'il y a un train de Montlaur a Montreuil sur Mer,TRIP,Montlaur,Montreuil sur Mer,
S000122,lille chr vers vendôme,TRIP,Lille CHR,Vendôme,
S000870,Je me rends a Albens depuis Mortcerf,TRIP,Mortcerf,Albens,
S008195,Je voudrais,NOT_TRIP,,,
S005962,De Mareil-Marly vers Saincaize-Meauce avec correspondance a Chaumont-en-Vexin,TRIP,Mareil-Marly,Saincaize-Meauce,Chaumont-en-Vexin
S001527,Je souhaite aller de La Fouillouse a Brebières,TRIP,La Fouillouse,Brebières,
S000543,voyager de oullins vers lacourtensourt,TRIP,Oullins,Lacourtensourt,
S000292,Aller de Vendôme - Villiers-sur-Loir TGV a Châteaubriant,TRIP,Vendôme - Villiers-sur-Loir TGV,Châteaubriant,
S004611,"S'il vous plait, un trajet de Ambazac a Longecourt-en-Plaine",TRIP,Ambazac,Longecourt-en-Plaine,
S004528,juvisy-sur-orge - marlieux - chatillon,TRIP,Juvisy-sur-Orge,Marlieux - Châtillon,
S006137,Aller dz Saint-Sébastien Pas Enchantés a Neuvillr-sur-Sarthe avec un arret a Lothiers,TRIP,Saint-Sébastien Pas Enchantés,Neuville-sur-Sarthe,Lothiers
S006419,saint-amand-montrond - orval quimperle via volvic,TRIP,Saint-Amand-Montrond - Orval,Quimperlé,Volvic
S006970,De Villeneuve-Saint-Georges vers Auxonne avec correspondance a Broons,TRIP,Villeneuve-Saint-Georges,Auxonne,Broons
S001348,Bailleau-le-Pin - Mamirolle,TRIP,Bailleau-le-Pin,Mamirolle,
S002873,Je voudrais prendre un train de Moreuil a Breitenbach,TRIP,Moreuil,Breitenbach,
S000722,Je souhaite aller de Champbenoist - Poigny a La Meyze,TRIP,Champbenoist - Poigny,La Meyze,
S001151,Y a-t-il un train de Oermingen a Champagney,TRIP,Oermingen,Champagney,
S004839,Je me rends a Pessac depuit Pernes - Camblain,TRIP,Pernes - Camblain,Pessac,
S003405,depart brumath arrivee landaul - mendon,TRIP,Brumath,Landaul - Mendon,
S005489,j'aimerais un billet de saint-égrève saint-robert a aigueperse,TRIP,Saint-Égrève Saint-Robert,Aigueperse,
S008831,Como llego a Marsella,NOT_FRENCH,,,
S002584,Prenddre le train de La Villette Saint-Prest a Leucate La Franqui,TRIP,La Villette Saint-Prest,Leucate La Franqui,
S001089,je voudrais aller de olonne-sur-mer a orgerus - behoust,TRIP,Olonne-sur-Mer,Orgerus - Béhoust,
S009010,I want aller a Paris,NOT_FRENCH,,,
S007289,Je n'aime pas voyager,NOT_TRIP,,,
S001540,tassin direction montaut bétharram,TRIP,Tassin,Montaut Bétharram,
S005813,est-ce qu'il y a un train de châtel-censoir a l'isle-adam - parmain,TRIP,Châtel-Censoir,L'Isle-Adam - Parmain,
S001561,Je dois aller de Drancy a Rully demain,TRIP,Drancy,Rully,
S002055,La Souterraine vers Villefort,TRIP,La Souterraine,Villefort,
S003883,Voyager de Les Deux Jumeaux vers Vienne,TRIP,Les Deux Jumeaux,Vienne,
S008179,Aide moi,NOT_TRIP,,,
S002128,Je vais a Blangy-sur-Ternoise depuis La Trinité Victor,TRIP,La Trinité Victor,Blangy-sur-Ternoise,
S005701,"S'il vous plait, un trajet de Montgeron - Crosne a La Rochelle",TRIP,Montgeron - Crosne,La Rochelle,
S007333,Bonsoir,NOT_TRIP,,,
S001294,Je souhaite aller de Pierre-Bénite a Savonnières,TRIP,Pierre-Bénite,Savonnières,
S002790,j'aimerais un billet de gros noyer saint-prix a lons-le-saunier,TRIP,Gros Noyer Saint-Prix,Lons-le-Saunier,
S003514,pourriez-vous me trouver un train de les rosiers-sur-loire a angoulême,TRIP,Les Rosiers-sur-Loire,Angoulême,
S005226,Billet Arles Brazey-en-Plainee,TRIP,Arles,Brazey-en-Plaine,
S006777,je veux passer par nouzonville pour aller de lancey a vignory,TRIP,Lancey,Vignory,Nouzonville
S000544,Demain je pars de Saint-Amand-les-Eaux pour St-Martin-du-Vivier,TRIP,Saint-Amand-les-Eaux,St-Martin-du-Vivier,
S009195,Vorrei andare da Parigi a Lione,NOT_FRENCH,,,
S009611,???,UNKNOWN,,,
S008198,Genial,NOT_TRIP,,,
S005654,J'aimerais un billet de Jarrie - Vizille a Marsac-sur-L'isle,TRIP,Jarrie - Vizille,Marsac-sur-L'isle,
S009720,asdfghjkl,UNKNOWN,,,
S004649,Je veoux aller de Erstein a Courgoloino,TRIP,Erstein,Corgoloin,
S005026,Les Ramassiers puis Bonson,TRIP,Les Ramassiers,Bonson,
S006728,Noyon puis Brou puis La Ferte-Bernard,TRIP,Noyon,La Ferté-Bernard,Brou
S007687,C'est trop cher,NOT_TRIP,,,
S000141,J'aimerais aller de Avignon Centre a Balbigny,TRIP,Avignon Centre,Balbigny,
S003430,je voudrais me rendre a chateauneuf - bujaleuf depuis bretenoux - biars,TRIP,Bretenoux - Biars,Châteauneuf - Bujaleuf,
S000408,je pars de vignory pour aller a roanne,TRIP,Vignory,Roanne,
S001829,Je veux me rendre a Serqueu en poartant de Planès,TRIP,Planès,Serqueux,
S000963,Comment aller de Paris Bercy Bourgogne - Pays d'Auvergne a Elne,TRIP,Paris Bercy Bourgogne - Pays d'Auvergne,Elne,
S008337,Qu'est-ce que tu peux faire,NOT_TRIP,,,
S009207,Wie komme ich nach Bordeaux,NOT_FRENCH,,,
S007342,Partir,NOT_TRIP,,,
S007225,D'accord,NOT_TRIP,,,
S001164,De Moirans jusqu'a Port Boulet,TRIP,Moirans,Port Boulet,
S001020,Partir de La Roche-sur-Foron vers Courthézon,TRIP,La Roche-sur-Foron,Courthézon,
S009488,Je want to go Lyon,NOT_FRENCH,,,
S008888,Como llego a Marsella,NOT_FRENCH,,,
S008519,I would like a train ticket,NOT_FRENCH,,,
S000725,Je voudrais aller de La Fouillouse a Pont de Rugis Aéripott d'Orly,TRIP,La Fouillouse,Pont de Rungis Aéroport d'Orly,
S007133,Aujourd'hui,NOT_TRIP,,,
S009732,   ,UNKNOWN,,,
S008127,Arriver,NOT_TRIP,,,
S003787,Je vais a Montataire depuis Morières-lès-Avignon,TRIP,Morières-lès-Avignon,Montataire,
S003040,Je voudrais prendre un train de Frasne a Culoz,TRIP,Frasne,Culoz,
S007334,Arriver,NOT_TRIP,,,
S009081,What is the best route,NOT_FRENCH,,,
S002658,je voudrais prendre un train de appilly a bagnols - chadenet,TRIP,Appilly,Bagnols - Chadenet,
S001859,je vais de bagnac-sur-célé a penne-d'agenais,TRIP,Bagnac-sur-Célé,Penne-d'Agenais,
S004826,J'aimerais un billet de La Ferte-Imbault a Rœux,TRIP,La Ferté-Imbault,Rœux,
S007493,Un train,NOT_TRIP,,,
S003718,aller de saint-victurnien a saint-junien,TRIP,Saint-Victurnien,Saint-Junien,
S005421,aix-les-bains le revard vers givors canal,TRIP,Aix-les-Bains le Revard,Givors Canal,
S003118,Je me rends a Saint-Pierre-d'Albigny depuis Grisolles,TRIP,Grisolles,Saint-Pierre-d'Albigny,
S000627,Je dois aller de La Hume a Ingwiller demain,TRIP,La Hume,Ingwiller,
S001290,je veux prendre le train de fontpedrouse a buire-sur-l'ancre,TRIP,Fontpédrouse,Buire-sur-l'Ancre,
S001400,Quel train de Valleroy - Moineville a Laroque-Timbaut ?,TRIP,Valleroy - Moineville,Laroque-Timbaut,
S002493,Comment aller de Luxeuil-les-Bains a St-Sever,TRIP,Luxeuil-les-Bains,St-Sever,
S008530,Ich mochte von Paris nach Lyon fahren,NOT_FRENCH,,,
S000876,Je voudrais me riendre a Bzyon depuis Tessonnières,TRIP,Tessonnières,Bayon,
S000036,Saint-Aubin-sur-Scie Aubergenville Elisabethville,TRIP,Saint-Aubin-sur-Scie,Aubergenville Élisabethville,
S004302,je veux me rendre a beautiran en partant de pagny-le-château,TRIP,Pagny-le-Château,Beautiran,
S000496,Caussade direction Dompierre-sur-Helpe,TRIP,Caussade,Dompierre-sur-Helpe,
S006048,dunkerque saint-symphorien-de-marmagne via bersac-sur-rivalier,TRIP,Dunkerque,Saint-Symphorien-de-Marmagne,Bersac-sur-Rivalier
S001176,je veux aller de saujon a dégagnac,TRIP,Saujon,Dégagnac,
S003449,je veux prendre le train de marquillies a haybes,TRIP,Marquillies,Haybes,
S001019,Depuis Loriol-sur-Drôme jusqu'a Monnerville,TRIP,Loriol-sur-Drôme,Monnerville,
S005490,Voyager de Sennecey-le-Grand vers Pornichet,TRIP,Sennecey-le-Grand,Pornichet,
S008019,D'accord,NOT_TRIP,,,
S008896,Je want to go Lyon,NOT_FRENCH,,,
S001936,Je vais de Paris Gare de Lyon a Longueville,TRIP,Paris Gare de Lyon,Longueville,
S005270,J'aimerais aller de Mont-Notre-Dame a Aubigny-au-Bac,TRIP,Mont-Notre-Dame,Aubigny-au-Bac,
S006819,Chissay-en-Touraine Vulaines-sur-Seine - Samoreau via Luxé,TRIP,Chissay-en-Touraine,Vulaines-sur-Seine - Samoreau,Luxé
S009862,lorem ipsum,UNKNOWN,,,
S004916,Un billet de Monnaie a Lamballe,TRIP,Monnaie,Lamballe,
S004983,je vais de la courneuve - aubervilliers a montlucon,TRIP,La Courneuve - Aubervilliers,Montluçon,
S002490,Je veux aller de Gandrange - Amnéville a Boussy-Saint-Antoine,TRIP,Gandrange - Amnéville,Boussy-Saint-Antoine,
S003085,Je dois aller de Noyen-sur-Sarthe a Saint-Bonnet-de-Rochefort demain,TRIP,Noyen-sur-Sarthe,Saint-Bonnet-de-Rochefort,
S005093,Un train de Héricy a Gravelines,TRIP,Héricy,Gravelines,
S007201,Nancy est ma soeur,NOT_TRIP,,,
S005337,Partir de Stains La Cerisaie T11 pour Cramoisy,TRIP,Stains La Cerisaie T11,Cramoisy,
S003712,Comment aller de La Mothe-Achard a Valognes,TRIP,La Mothe-Achard,Valognes,
S004780,Partir de Pont-d'Ain vers Turenne,TRIP,Pont-d'Ain,Turenne,
S001220,Depart de Massiac - Blesle arrivee a Les Eyzies-de-Tayac-Sireuil,TRIP,Massiac - Blesle,Les Eyzies-de-Tayac-Sireuil,
S006978,de saint-omer a andresy via montville,TRIP,Saint-Omer,Andrésy,Montville
S007929,Je m'appelle Paris,NOT_TRIP,,,
S001302,Je voyage de Voujeaucourt a Quimper,TRIP,Voujeaucourt,Quimper,
S001331,train de heilly a gannat,TRIP,Heilly,Gannat,
S002059,Vernouillet - Verneuil - Ablon-sur-Seine,TRIP,Vernouillet - Verneuil,Ablon-sur-Seine,
S002629,Est-ce qu'il y a un train de Sainte-Gauburge a Lorient Bretagne Sud,TRIP,Sainte-Gauburge,Lorient Bretagne Sud,
S006860,"je pars de saint-ouen-l'aumône liesse, je passe par autun et j'arrive a saint-ouen-l'aumône quartier de l'église",TRIP,Saint-Ouen-l'Aumône Liesse,Saint-Ouen-l'Aumône Quartier de l'Église,Autun
S003715,y a-t-il un train de picquigny a vaucelles ?,TRIP,Picquigny,Vaucelles,
S005309,Un train de Villeneuve-la-Comtesse a Joigny,TRIP,Villeneuve-la-Comtesse,Joigny,
S009326,Train from Paris to Bordeaux please,NOT_FRENCH,,,
S004237,Voyage de Abancourt a Esquelbecq,TRIP,Abancourt,Esquelbecq,
S000790,Bellenaves direction Alleyras,TRIP,Bellenaves,Alleyras,
S005807,Depuis Rombas - Clouange jusqu'a Pauillac,TRIP,Rombas - Clouange,Pauillac,
S003057,Direction Pont-Sainte-Maxence au depart de Pont-à-Mousson,TRIP,Pont-à-Mousson,Pont-Sainte-Maxence,
S007417,Mon ami Lyon va bien,NOT_TRIP,,,
S008292,Nancy est ma soeur,NOT_TRIP,,,
S005391,"S'il vous plait, un trajet de Rochy-Conde a Boussay - La Bruffiere",TRIP,Rochy-Condé,Boussay - La Bruffière,
S008420,Tu fais quoi,NOT_TRIP,,,
S006381,De Saint-Leon-sur-l'Isle a Gretz-Armainvilliers en passant par Aigueperse,TRIP,Saint-Léon-sur-l'Isle,Gretz-Armainvilliers,Aigueperse
S004658,Zetting vers Aubiat,TRIP,Zetting,Aubiat,
S008602,Quiero ir de Paris a Lyon,NOT_FRENCH,,,
S007217,albert est mon cousin,NOT_TRIP,,,
S002835,je me rends a dourdan la foret depuis clermont la rotonde,TRIP,Clermont La Rotonde,Dourdan La Forêt,
S004721,Je souhaite aller de Pont du Gaarigliano - Hôpital Européen Georgez Pompidou a La Couronne Carro,TRIP,Pont du Garigliano - Hôpital Européen Georges Pompidou,La Couronne Carro,
S008860,Como llego a Marsella,NOT_FRENCH,,,
S008189,il fait beau aujourd'hui,NOT_TRIP,,,
S003206,Est-ce qu'il y a un train de Mulhouse Dornach a Grandvillars,TRIP,Mulhouse Dornach,Grandvillars,
S003972,marseille blancarde puis servas - lent,TRIP,Marseille Blancarde,Servas - Lent,
S005238,Aller de Parent - Coudes - Champeix a Saint-Louis,TRIP,Parent - Coudes - Champeix,Saint-Louis,
S006512,De Saint-Martin-d'Oney a Paris Est via Aubigne-Racan,TRIP,Saint-Martin-d'Oney,Paris Est,Aubigné-Racan
S005909,billet nonancourt arc-et-senans,TRIP,Nonancourt,Arc-et-Senans,
S009843,!!!,UNKNOWN,,,
S005647,Direction Saint-Quentin en Yvelines - Montigny-le-Bretonneux au depart de Brionne,TRIP,Brionne,Saint-Quentin en Yvelines - Montigny-le-Bretonneux,
S002764,Je dois aller de Le Pont-de-Claix a Brignac demain,TRIP,Le Pont-de-Claix,Brignac,
S000695,y a-t-il un train de pontarlier a fontpédrouse,TRIP,Pontarlier,Fontpédrouse,
S000917,Aller de L'Estaque a Dives-sur-Mer Port Guillaume,TRIP,L'Estaque,Dives-sur-Mer Port Guillaume,
S003535,je dois aller de saint-laurent-de-la-pree - fouras a nieul demain,TRIP,Saint-Laurent-de-la-Prée - Fouras,Nieul,
S009982,@#$%,UNKNOWN,,,
S001556,je voudrais prendre un train de libercourt a monts,TRIP,Libercourt,Monts,
S002052,billet montoir-de-bretagne joue-les-tours,TRIP,Montoir-de-Bretagne,Joué-lès-Tours,
S000950,Pourriez-vous me trouver un train de Lesquin a Saint-Junien,TRIP,Lesquin,Saint-Junien,
S000942,de seurre a frontignan,TRIP,Seurre,Frontignan,
S000748,j'aimerais aller de montataire a serquigny,TRIP,Montataire,Serquigny,
S000001,"Bonjour, je voudrais aller de La Bonneville-sur-Iton a Chissay-en-Touraine",TRIP,La Bonneville-sur-Iton,Chissay-en-Touraine,
S004634,de pessac alouette a valenciennes,TRIP,Pessac Alouette,Valenciennes,
S001058,De Plougonver a Bourbourg,TRIP,Plougonver,Bourbourg,
S005174,je dois aller de mundolsheim a bailleul demain,TRIP,Mundolsheim,Bailleul,
S007056,les trains sont souvent en retard,NOT_TRIP,,,
S007779,c'est trop cher,NOT_TRIP,,,
S008400,Help,NOT_TRIP,,,
S003721,depuis sedan jusqu'a leval,TRIP,Sedan,Leval,
S004268,y a-t-il un train de bidarray pont noblia a nieppe ?,TRIP,Bidarray Pont Noblia,Nieppe,
S004301,je voudrais aller de frépillon a la borne blanche,TRIP,Frépillon,La Borne Blanche,
S003189,depart longueil-sainte-marie arrivee épanvilliers,TRIP,Longueil-Sainte-Marie,Épanvilliers,
S008886,How do I get to Marseille,NOT_FRENCH,,,
S000031,J'aimerais un billet de Leforest a Montaut Bétharram,TRIP,Leforest,Montaut Bétharram,
S004196,je veux aller de pont de rungis aeroport d'orly a bourgoin-jallieu,TRIP,Pont de Rungis Aéroport d'Orly,Bourgoin-Jallieu,
S004308,Je veux aler de Lycée Henri Sellier a Voves,TRIP,Lycée Henri Sellier,Voves,
S008059,Bonjour,NOT_TRIP,,,
S006319,Aillevillers puis Pontchaillou puis Liverdun,TRIP,Aillevillers,Liverdun,Pontchaillou
S004341,je veux aller de merrey a crest,TRIP,Merrey,Crest,
S003477,je vais de champagne-ardenne tgv a chamarande,TRIP,Champagne-Ardenne TGV,Chamarande,
S005588,depart de cesson-sevigne arrivee a polienas,TRIP,Cesson-Sévigné,Poliénas,
S005721,je souhaite aller de saint-aubin - saint-luperce a ennevelin,TRIP,Saint-Aubin - Saint-Luperce,Ennevelin,
S001924,partir de volvic vers saint-georges-de-commiers,TRIP,Volvic,Saint-Georges-de-Commiers,
S000012,comment aller de joinville a dompierre-sur-helpe ?,TRIP,Joinville,Dompierre-sur-Helpe,
S009846,@#$%,UNKNOWN,,,
S009698,aaaaaaaa,UNKNOWN,,,
S006552,Le Monastier-Pin-Moriès Rocamadour - Padirac via Lille CHR,TRIP,Le Monastier-Pin-Moriès,Rocamadour - Padirac,Lille CHR
S004966,train de quillan a manduel-redessan,TRIP,Quillan,Manduel-Redessan,
S004456,ce soir je vais de corseul - languenan a castelnaudary,TRIP,Corseul - Languenan,Castelnaudary,
S002922,ce soir je vais de saint-louis a tillieres,TRIP,Saint-Louis,Tillières,
S001070,Billet Berthelming Saint-Émilion,TRIP,Berthelming,Saint-Émilion,
S002318,Je voudrais aller de Mennetou-sur-Cher a Nevers Le Banlay,TRIP,Mennetou-sur-Cher,Nevers Le Banlay,
S009405,Un billete de tren por favor,NOT_FRENCH,,,
S000245,la bohalle direction la marche,TRIP,La Bohalle,La Marche,
S008678,I would like a train ticket,NOT_FRENCH,,,
S004558,De Gravigny Balizy jusqu'a Bourbourg,TRIP,Gravigny Balizy,Bourbourg,
S002266,Ce soir je vais de Montaigu a La Jonchère-Saint-Maurice,TRIP,Montaigu,La Jonchère-Saint-Maurice,
S009493,I need to travel tomorrow,NOT_FRENCH,,,
S001206,Je pars de Ingwiller pour aller a Messein,TRIP,Ingwiller,Messein,
S000666,Je voudrais prendre un train de Marienthal a Illiers-Combray,TRIP,Marienthal,Illiers-Combray,
S004795,Je me rends a Poussay depuis Combs-la-Ville - Quincy,TRIP,Combs-la-Ville - Quincy,Poussay,
S006192,de limoux a morre via halsou - larressore,TRIP,Limoux,Morre,Halsou - Larressore
S007798,Albert est mon cousin,NOT_TRIP,,,
S000177,tincques - champ de courses d'enghien,TRIP,Tincques,Champ de Courses d'Enghien,
S001990,Depuis Sarliève - Cournon jusqu'a Dorlisheim,TRIP,Sarliève - Cournon,Dorlisheim,
S006268,Fouquereuil puis Baume-les-Dames puis Saint-Chéron,TRIP,Fouquereuil,Saint-Chéron,Baume-les-Dames
S001303,J'aimerais un billet de La Bohalle a Masseret,TRIP,La Bohalle,Masseret,
S001353,je voudrais me rendre a montbartier depuis la villette saint-prest,TRIP,La Villette Saint-Prest,Montbartier,
S001326,Bénesse-Maremne puis Les Eyzies-de-Tayac-Sireuil,TRIP,Bénesse-Maremne,Les Eyzies-de-Tayac-Sireuil,
S003284,J'aimerais un billet de Riheim a Aubiat,TRIP,Rixheim,Aubiat,
S000365,Je voudrais aller de Lathus-Saint-Rémy a Beautiran,TRIP,Lathus-Saint-Rémy,Beautiran,
S000988,De Loches jusqu'a Wesserling,TRIP,Loches,Wesserling,
S005458,demain je pars de freinville sevran pour turenne,TRIP,Freinville Sevran,Turenne,
S008253,D'accord,NOT_TRIP,,,
S002838,Je vais de Issé a La Seyne - Six-Fours,TRIP,Issé,La Seyne - Six-Fours,
S001812,un billet de luant a brionne,TRIP,Luant,Brionne,
S006972,je voudrais aller de saint-laurent-de-la-prée - fouras a saint-laurent-en-grandvaux en passant par neuvic,TRIP,Saint-Laurent-de-la-Prée - Fouras,Saint-Laurent-en-Grandvaux,Neuvic
S008667,I need to travel tomorrow,NOT_FRENCH,,,
S005283,Prendre le train de Saint-Cheron a Barr,TRIP,Saint-Chéron,Barr,
S000237,Aller de La Verpilliere a Sathonay - Rillieux,TRIP,La Verpillière,Sathonay - Rillieux,
S004765,Apach direction Chézy-sur-Marne,TRIP,Apach,Chézy-sur-Marne,
S007705,Aide moi,NOT_TRIP,,,
S006322,Boisseaux Arras via Pons,TRIP,Boisseaux,Arras,Pons
S009469,Can you help me,NOT_FRENCH,,,
S006998,bourg-bruche puis hirson écoles puis monts,TRIP,Bourg-Bruche,Monts,Hirson Écoles
S003841,partir de pihen-les-guines pour rountzenheim,TRIP,Pihen-lès-Guînes,Rountzenheim,
S006637,Aller de Lathus-Saint-Remy a Bourg-Bruche avec un arret a Nanterre La Folie,TRIP,Lathus-Saint-Rémy,Bourg-Bruche,Nanterre La Folie
S003400,quel train de artix a la ville gozet ?,TRIP,Artix,La Ville Gozet,
S006814,De Urmatt a Wingen-sur-Moder en passant par Rodez,TRIP,Urmatt,Wingen-sur-Moder,Rodez
S000692,Depuis Montfort-l'Amaury - Mere jusqu'a Voivres-les-le-Mans,TRIP,Montfort-l'Amaury - Méré,Voivres-lès-le-Mans,
S004681,Directin Pont de Bois au depart de Fleurieux-sur-l'Arbresle,TRIP,Fleurieux-sur-l'Arbresle,Pont de Bois,
S007946,Bonsoir,NOT_TRIP,,,
S009929,blablabla,UNKNOWN,,,
S001434,Je veux aler de Pins-Justaret a Chauny,TRIP,Pins-Justaret,Chauny,
S003872,Pourriez-vous me trouver un train de Argelès-sur-Mer a Blanquefort,TRIP,Argelès-sur-Mer,Blanquefort,
S005030,je veux aller de teting-sur-nied a flers,TRIP,Teting-sur-Nied,Flers,
S004204,Partir dee Montérolier - Buchy vers Gramat,TRIP,Montérolier - Buchy,Gramat,
S003311,Direction Oixsel ai depart de Saint-Hilaaire - Saint-Nazaire,TRIP,Saint-Hilaire - Saint-Nazaire,Oissel,
S000314,Depart de Colmar Mésanges arrivee a Issoire,TRIP,Colmar Mésanges,Issoire,
S003983,Partir de Houilles - Carrières-sur-Seine pour Collioure,TRIP,Houilles - Carrières-sur-Seine,Collioure,
S003019,Je souhaite aller de Les Perrières a Maurecourt,TRIP,Les Perrières,Maurecourt,
S001111,Comment aller de Saint-Amand-les-Eaux a Milly-sur-Therain,TRIP,Saint-Amand-les-Eaux,Milly-sur-Thérain,
S004367,lamanon vers landivisiau,TRIP,Lamanon,Landivisiau,
S001724,Un train de Font-Romeu-Odeillo-Via a Saint-Pierre-en-Faucigny pour demain,TRIP,Font-Romeu-Odeillo-Via,Saint-Pierre-en-Faucigny,
S000088,quel train pour aller de saint-chamond a lunel-viel,TRIP,Saint-Chamond,Lunel-Viel,
S002503,Je voudrais prendre un train de Ceintrey a Peillon-Ste-Thècle,TRIP,Ceintrey,Peillon-Ste-Thècle,
S003643,je voudrais aller de recquignies a denain,TRIP,Recquignies,Denain,
S004103,Je veux prendre le train de Bollwiller a Joigny-sur-Meuse,TRIP,Bollwiller,Joigny-sur-Meuse,
S006877,Denain puis Doblans - Voiteur puis Domont,TRIP,Denain,Domont,Domblans - Voiteur
S005035,Partir de Bischwiller vers Cerbere,TRIP,Bischwiller,Cerbère,
S009235,Vorrei andare da Parigi a Lione,NOT_FRENCH,,,
S005438,Un billet de Culoz a Malause,TRIP,Culoz,Malause,
S005867,Depart L'Hôpital-du-Grosbois arrivee Homécourt,TRIP,L'Hôpital-du-Grosbois,Homécourt,
S000579,Quel train de Les Salelles a Niort ?,TRIP,Les Salelles,Niort,
S008856,Ich mochte von Paris nach Lyon fahren,NOT_FRENCH,,,
S007097,Au revoir,NOT_TRIP,,,
S005085,je voudrais me rendre a chemille-en-anjou depuis saint-denis-les-martel,TRIP,Saint-Denis-lès-Martel,Chemillé-en-Anjou,
S009696,???,UNKNOWN,,,
S001426,depart de verneuil-l'étang arrivee a luxeuil-les-bains,TRIP,Verneuil-l'Étang,Luxeuil-les-Bains,
S002636,Ce soir je vais de Altkirch a Marcheprime,TRIP,Altkirch,Marcheprime,
S007323,Ok,NOT_TRIP,,,
S007523,Coucou,NOT_TRIP,,,
S006115,De Auvers-sur-Oise vers Oyonnax avec correspondance a Denain,TRIP,Auvers-sur-Oise,Oyonnax,Denain
S009707,lorem ipsum,UNKNOWN,,,
S002188,Je vais de Rassuen a Carnoët - Locarn,TRIP,Rassuen,Carnoët - Locarn,
S004993,"Bonjour, je voudrais aller de Les Trillers a Walbourg",TRIP,Les Trillers,Walbourg,
S001593,Y a-t-il un train de Lardy a Marienthal ?,TRIP,Lardy,Marienthal,
S007593,Help,NOT_TRIP,,,
S005863,Je voudrais me rendre a Oullins depuis Avignon Centre,TRIP,Avignon Centre,Oullins,
S002002,Quel tran pour aller de Maurs a Ruelle,TRIP,Maurs,Ruelle,
S005341,Épanvilliers Ars-sur-Moselle,TRIP,Épanvilliers,Ars-sur-Moselle,
S006663,je voudrais aller de sanry-sur-nied a lille europe en passant par paris est,TRIP,Sanry-sur-Nied,Lille Europe,Paris Est
S000636,"Bonjour, je voudrais aller de Limoux a Saint-Gaudens",TRIP,Limoux,Saint-Gaudens,
S000032,De Hericy a Ebersviller,TRIP,Héricy,Ébersviller,
S002220,Voyager de Béthune vers Moyeuvre-Grande,TRIP,Béthune,Moyeuvre-Grande,
S002027,Je voudrais aller de Saint-Sébastien Pas Enchantés a Wacquemoulin,TRIP,Saint-Sébastien Pas Enchantés,Wacquemoulin,
S007969,Il fait beau aujourd'hui,NOT_TRIP,,,
S005703,Un train de Maroeuil a Sains-du-Nord pour demain,TRIP,Maroeuil,Sains-du-Nord,
S000019,je voudrais aller de bussiere-galant a saint-clement - laronxe,TRIP,Bussière-Galant,Saint-Clément - Laronxe,
S000346,saint-ouen-l'aumône liesse puis dourdan la forêt,TRIP,Saint-Ouen-l'Aumône Liesse,Dourdan La Forêt,
S003944,Me rendre de Bayonne a Etriche - Chateauneuf,TRIP,Bayonne,Étriché - Châteauneuf,
S005209,Saint-Pierre-en-Faucigny direction Selles-Saint-Denis,TRIP,Saint-Pierre-en-Faucigny,Selles-Saint-Denis,
S000067,comment aller de le luc - le cannet a mionnay ?,TRIP,Le Luc - Le Cannet,Mionnay,
S007328,Je veux aller,NOT_TRIP,,,
S008037,Help,NOT_TRIP,,,
S002521,Aller de Allée de la Tour Rendez-Vous a Saint-Amand-Montrond - Orval,TRIP,Allée de la Tour Rendez-Vous,Saint-Amand-Montrond - Orval,
S007799,la sncf c'est pas mal,NOT_TRIP,,,
S007792,genial,NOT_TRIP,,,
S008263,Bonjour,NOT_TRIP,,,
S003546,comment aller de domfront-en-champagne a le creusot ?,TRIP,Domfront-en-Champagne,Le Creusot,
S000622,Je voudrais prendre un train de Antibes a Riom - Chatel-Guyon,TRIP,Antibes,Riom - Châtel-Guyon,
S002891,Jie os aller de Hériciurt a Orly Ville,TRIP,Héricourt,Orly Ville,
S001875,j'aimerais aller de balsièges a saint-cyr-en-val la source,TRIP,Balsièges,Saint-Cyr-en-Val La Source,
S006470,je voudrais aller de istres a colombier-fontaine en passant par forbach,TRIP,Istres,Colombier-Fontaine,Forbach
S003676,Demain je pars de Villeperdue pour Achiet-le-Grand,TRIP,Villeperdue,Achiet-le-Grand,
S003417,Je voudrais aller de Trémolat a LLes Fontinettess,TRIP,Trémolat,Les Fontinettes,
S007497,Troyes est un prenom original,NOT_TRIP,,,
S009249,Quiero ir de Paris a Lyon,NOT_FRENCH,,,
S001049,Comment aller e Grasse a Kurtzenhouse ?,TRIP,Grasse,Kurtzenhouse,
S004625,Partir de Poligny vers Bedous,TRIP,Poligny,Bedous,
S002631,Je voyage de Saint-Romain-le-Puy a Landaul - Mendon,TRIP,Saint-Romain-le-Puy,Landaul - Mendon,
S001194,Les Yvris Noisy-le-Grand vers Hasenrain,TRIP,Les Yvris Noisy-le-Grand,Hasenrain,
S002854,J'aimerais un billet de Éragny - Neuville a Châteaubriant,TRIP,Éragny - Neuville,Châteaubriant,
S009412,I want to go from Paris to Lyon,NOT_FRENCH,,,
S001456,Billet Breteuil Rilly-la-Montagne,TRIP,Breteuil,Rilly-la-Montagne,
S000832,gagny vers nuits-saint-georges,TRIP,Gagny,Nuits-Saint-Georges,
S002267,Comment aller de Avesnelles a Vaycelles ?,TRIP,Avesnelles,Vaucelles,
S008915,Train from Paris to Bordeaux please,NOT_FRENCH,,,
S002387,Je veux prendre le train de Pont-du-Château a Le Tréport - Mers-les-Bains,TRIP,Pont-du-Château,Le Tréport - Mers-les-Bains,
S004496,Comment aller de Saint-Gervai-oes-Baons Le Fsyet a Dieulouard ?,TRIP,Saint-Gervais-les-Bains Le Fayet,Dieulouard,
S004699,Demain je pars de Saint-Gildas-des-Bois pour Frépillon,TRIP,Saint-Gildas-des-Bois,Frépillon,
S009358,How do I get to Marseille,NOT_FRENCH,,,
S008658,Je want to go Lyon,NOT_FRENCH,,,
S003596,Y a-t-il un train de Les Longevilles-Rochejean a Waligator Parc,TRIP,Les Longevilles-Rochejean,Waligator Parc,
S001125,un train de ingrandes sur vienne a dreux pour demain,TRIP,Ingrandes sur Vienne,Dreux,
S003013,Je veux aller de Sisteron a Carpentras,TRIP,Sisteron,Carpentras,
S003448,Je vais de La Hisse a Tain-l'Hermitage - Tournon,TRIP,La Hisse,Tain-l'Hermitage - Tournon,
S008243,Arriver,NOT_TRIP,,,
S004203,Voyager de Chussay-en-Tourainne vers Carignan,TRIP,Chissay-en-Touraine,Carignan,
S007189,A bientot,NOT_TRIP,,,
S000652,Joncherey direction Munster,TRIP,Joncherey,Munster,
S008260,Albert est mon cousin,NOT_TRIP,,,
S008449,voyage,NOT_TRIP,,,
S007475,Partir,NOT_TRIP,,,
S005627,Je veux prendre le train de Roanne a Nesle,TRIP,Roanne,Nesle,
S004413,Je vais de Chemille-en-Anjou a Montauban-de-Bretagne,TRIP,Chemillé-en-Anjou,Montauban-de-Bretagne,
S006870,Ars-sur-Moselle puis Saint-Sulpice - Izon puis Fos-sur-Mer,TRIP,Ars-sur-Moselle,Fos-sur-Mer,Saint-Sulpice - Izon
S005643,Je dois aller de Champagnole Paul-Émile Victtor a Saint-Georges-de-Commiers demain,TRIP,Champagnole Paul-Émile Victor,Saint-Georges-de-Commiers,
S008734,Can you help me,NOT_FRENCH,,,
S001409,Direction Saint-Hilaire - Saint-Nazaire au depart de Saint-Etienne-de-Montluc,TRIP,Saint-Étienne-de-Montluc,Saint-Hilaire - Saint-Nazaire,
S009591,!!!,UNKNOWN,,,
S003789,Comment aller de Les Clairières de Verneuil a Saint-Chéron,TRIP,Les Clairières de Verneuil,Saint-Chéron,
S007129,Merci,NOT_TRIP,,,
S003965,Caffiers - Meriel,TRIP,Caffiers,Mériel,
S000421,Quel train pour aller de Neuilly - Porte Maillot a Châtelaillon-Plage,TRIP,Neuilly - Porte Maillot,Châtelaillon-Plage,
S007365,Bonjour,NOT_TRIP,,,
S001926,Prendre le train de Erstein a Chedde,TRIP,Erstein,Chedde,
S006532,Saint-Maurice-de-Beynost Belfort via Montfavet,TRIP,Saint-Maurice-de-Beynost,Belfort,Montfavet
S003287,Ce soir je vais de Tincques a Obermodern-Zutzendorf,TRIP,Tincques,Obermodern-Zutzendorf,
S004217,comment aller de royat - chamalières a ronchin,TRIP,Royat - Chamalières,Ronchin,
S003420,Un trin de Musée d'Orsay a Pont-à-Mousson pour demain,TRIP,Musée d'Orsay,Pont-à-Mousson,
S001088,J'aimerais aller de Beautiran a Langon,TRIP,Beautiran,Langon,
S000624,je dois aller de muhlbach-sur-munster a tourville-la-riviere,TRIP,Muhlbach-sur-Munster,Tourville-la-Rivière,
S001806,comment aller de varades - saint-florent le vieil a ostricourt,TRIP,Varades - Saint-Florent le Vieil,Ostricourt,
S009476,Book a ticket for me,NOT_FRENCH,,,
S007847,Je n'aime pas voyager,NOT_TRIP,,,
S009703,lorem ipsum,UNKNOWN,,,
S006545,"Je pars de Le Creusot - Montceau-les-Mines - Montchanin TGV, je passe par Rocamadour - Padirac et j'arrive a Itxassou",TRIP,Le Creusot - Montceau-les-Mines - Montchanin TGV,Itxassou,Rocamadour - Padirac
S008857,Wie komme ich nach Bordeaux,NOT_FRENCH,,,
S001007,Potanevau puis Saunt-Martin-du-Mont,TRIP,Pontanevaux,Saint-Martin-du-Mont,
S007624,Bonsoir,NOT_TRIP,,,
S002087,J'aimerais un billet de L'Isle-sur-le-Doubs a Polliat,TRIP,L'Isle-sur-le-Doubs,Polliat,
S004055,je veux prendre le train de pont de briques a cessieu,TRIP,Pont de Briques,Cessieu,
S007579,nice de te rencontrer,NOT_TRIP,,,
S001637,Je souhaite aller de Woippy a Polliat,TRIP,Woippy,Polliat,
S008898,Je want to go Lyon,NOT_FRENCH,,,
S005367,monistrol-d'allier puis laroque-timbaut,TRIP,Monistrol-d'Allier,Laroque-Timbaut,
S004502,Un train de Vergèze - Codognan a L'Ariane La Trinité,TRIP,Vergèze - Codognan,L'Ariane La Trinité,
S006701,quimperlé puis saint-chamond puis joigny-sur-meuse,TRIP,Quimperlé,Joigny-sur-Meuse,Saint-Chamond
S000800,Je souhaite aller de La Clayette - Baudemont a Luzenac - Garanou,TRIP,La Clayette - Baudemont,Luzenac - Garanou,
S007364,C'est quoi ce service,NOT_TRIP,,,
S002187,Un billet de Gardanne a La Defense,TRIP,Gardanne,La Défense,
S006886,je voudrais aller de lillers a collonges - fontaines en passant par caffiers,TRIP,Lillers,Collonges - Fontaines,Caffiers
S003182,Je voyage de Tracy - Sancerre a Lycée Henri Sellier,TRIP,Tracy - Sancerre,Lycée Henri Sellier,
S003629,chemilly - appoigny ribecourt-dreslincourt,TRIP,Chemilly - Appoigny,Ribécourt-Dreslincourt,
S007876,Les trains sont souvent en retard,NOT_TRIP,,,
S000586,un billet de assier a cordemais,TRIP,Assier,Cordemais,
S001933,Je souhaite aller de Corgoloin a Vanves - Malakoff,TRIP,Corgoloin,Vanves - Malakoff,
S005007,Chissay-en-Touraine direction Dordives,TRIP,Chissay-en-Touraine,Dordives,
S008187,A bientot,NOT_TRIP,,,
S001816,Je pars de Saint-Pierre-d'Aurillac pour aller a Itxassou,TRIP,Saint-Pierre-d'Aurillac,Itxassou,
S002716,Je vais a Walbourg depuis Mantes Station,TRIP,Mantes Station,Walbourg,
S007403,hello,NOT_TRIP,,,
S001989,Je voyage de Val-de-Vesle a Laboissière - Le Déluge,TRIP,Val-de-Vesle,Laboissière - Le Déluge,
S009170,Ich mochte von Paris nach Lyon fahren,NOT_FRENCH,,,
S004453,l'ariane la trinité vers landrecies,TRIP,L'Ariane La Trinité,Landrecies,
S006885,"Je pars de Galuzot, je passe par Chars et j'arrive a Remy",TRIP,Galuzot,Remy,Chars
S008093,Un train,NOT_TRIP,,,
S004907,Y a-t-il un train de Nomain a Banyuls-sur-Mer,TRIP,Nomain,Banyuls-sur-Mer,
S003912,je voudrais prendre un train de porté-puymorens a aix-en-provence,TRIP,Porté-Puymorens,Aix-en-Provence,
S000485,Aller de Crest a Chantilly - Gouvieux,TRIP,Crest,Chantilly - Gouvieux,
S007095,Bonjour,NOT_TRIP,,,
S009103,Wie komme ich nach Bordeaux,NOT_FRENCH,,,
S007564,Nicee de te renucontrer,NOT_TRIP,,,
S009110,Quiero ir de Paris a Lyon,NOT_FRENCH,,,
S004755,"S'il vous plait, un trajet de Saint-Étienne Carnot a Valenciennes",TRIP,Saint-Étienne Carnot,Valenciennes,
S009939,asdfghjkl,UNKNOWN,,,
S001478,Je voudrais me rendre a Saint-Symphorien-de-Mqrmagne depuis Saint-Antooine-du-Rocher,TRIP,Saint-Antoine-du-Rocher,Saint-Symphorien-de-Marmagne,
S005399,Avesnelles vers Champaggnole Paul-Émile Victor,TRIP,Avesnelles,Champagnole Paul-Émile Victor,
S003581,Y a-t-il un train de Houlgate a Parsac - Gouzon ?,TRIP,Houlgate,Parsac - Gouzon,
S005292,Voyager de Chambourg-sur-Indre vers Ebersheim,TRIP,Chambourg-sur-Indre,Ebersheim,
S009259,Un billete de tren por favor,NOT_FRENCH,,,
S002857,Je pars de Les Sables Blancs et je vais a Allassac,TRIP,Les Sables Blancs,Allassac,
S008845,Train from Paris to Bordeaux please,NOT_FRENCH,,,
S005566,Me rendre de Aspres-sur-Buëch a Pouzauges,TRIP,Aspres-sur-Buëch,Pouzauges,
S008846,What is the best route,NOT_FRENCH,,,
S002212,billet grand-combe la pise lourches,TRIP,Grand-Combe la Pise,Lourches,
S000248,"S'il vous plait, un trajet de Montry - Conde a Vidauban",TRIP,Montry - Condé,Vidauban,
S000079,Je pars de Nerondes et je vais a Santes,TRIP,Nérondes,Santes,
S009526,123456,UNKNOWN,,,
S009636,@#$%,UNKNOWN,,,
S003966,Me rendre de Villeherviers a Vif,TRIP,Villeherviers,Vif,
S009836,aaaaaaaa,UNKNOWN,,,
S000407,De Senozan jusqu'a Dinge,TRIP,Senozan,Dingé,
S008369,voyage,NOT_TRIP,,,
S001595,Basse-Ham - Tarare,TRIP,Basse-Ham,Tarare,
S003271,Macauu direcgion Chaponvall,TRIP,Macau,Chaponval,
S003380,y a-t-il un train de rennes a preignac,TRIP,Rennes,Preignac,
S004896,J'aimerais aller de Breteil a Bazoches,TRIP,Breteil,Bazoches,
S008684,I would like a train ticket,NOT_FRENCH,,,
S000148,Landas direction Moosch,TRIP,Landas,Moosch,
S006747,De Vertaizon vers Mirecourt avec correspondance a Diarville,TRIP,Vertaizon,Mirecourt,Diarville
S006291,Avignonet-Lauragais Saint-Julien-en-Genevois via Allenc,TRIP,Avignonet-Lauragais,Saint-Julien-en-Genevois,Allenc
S009162,Como llego a Marsella,NOT_FRENCH,,,
S003897,Je me rends a Wingen-sur-Moder depuit Marquise - Rinxent,TRIP,Marquise - Rinxent,Wingen-sur-Moder,
S009482,Un billete de tren por favor,NOT_FRENCH,,,
S001029,je voudrais prendre un train de nouvion-sur-meuse a nancy,TRIP,Nouvion-sur-Meuse,Nancy,
S006382,chateaudun lesparre-medoc via verneuil-l'etang,TRIP,Châteaudun,Lesparre-Médoc,Verneuil-l'Étang
S007353,Qu'est-ce que tu peux faire,NOT_TRIP,,,
S004588,Voyage de Elbeuf - Saint-Aubin a Waligator Parc,TRIP,Elbeuf - Saint-Aubin,Waligator Parc,
S003585,Comment smler de Igney a Sevran Beaudottes,TRIP,Igney,Sevran Beaudottes,
S006448,bar-le-duc puis nerondes puis meximieux - perouges,TRIP,Bar-le-Duc,Meximieux - Pérouges,Nérondes
S002700,Corbigny vers Carcassonne,TRIP,Corbigny,Carcassonne,
S008016,comment ca marche,NOT_TRIP,,,
S009332,Un billete de tren por favor,NOT_FRENCH,,,
S004170,De Croix L'Allumette a Foug,TRIP,Croix L'Allumette,Foug,
S002335,Depart Fécamp arrivee Riedseltz,TRIP,Fécamp,Riedseltz,
S007192,Comment ca marche,NOT_TRIP,,,
S000133,Me redre de Noissy-le-Roi a Assier,TRIP,Noisy-le-Roi,Assier,
S009563,@#$%,UNKNOWN,,,
S004716,Je veux me rendre a La Fouillouse en partant de Arnage,TRIP,Arnage,La Fouillouse,
S007592,albert est mon cousin,NOT_TRIP,,,
S003595,Je veux aller de Sainte-Cécile-d'Andorge a Mionnay,TRIP,Sainte-Cécile-d'Andorge,Mionnay,
S003269,Comment aller de Wimille - Wimereux a Briouze ?,TRIP,Wimille - Wimereux,Briouze,
S009558,asdfghjkl,UNKNOWN,,,
S002570,Partir de L'Isthme pour Angets Maître École,TRIP,L'Isthme,Angers Maître École,
S006589,Aigrefeuille le Thou puis Saint-Sébastien Frêne Rond puis Le Teich,TRIP,Aigrefeuille le Thou,Le Teich,Saint-Sébastien Frêne Rond
S001180,Je pars de Meriel et je vais a Nort-sur-Erdre,TRIP,Mériel,Nort-sur-Erdre,
S000521,j'aimerais un billet de l'hôpital-du-grosbois a séon-st-henry,TRIP,L'Hôpital-du-Grosbois,Séon-St-Henry,
S002529,De Belloy - Saint-Martin jusqu'a Rouille,TRIP,Belloy - Saint-Martin,Rouillé,
S006465,De Saujon vers Bologne avec correspondance a Corrèze,TRIP,Saujon,Bologne,Corrèze
S005979,de l'isthme a pont du garigliano - hopital europeen georges pompidou via saint-clement - laronxe,TRIP,L'Isthme,Pont du Garigliano - Hôpital Européen Georges Pompidou,Saint-Clément - Laronxe
S001838,depart de tanus arrivee a l'ariane la trinité,TRIP,Tanus,L'Ariane La Trinité,
S007501,D'accord,NOT_TRIP,,,
S002634,Je veux aller de L'Abbaye a Wisches,TRIP,L'Abbaye,Wisches,
S002039,j'aimerais aller de haybes a coignieres,TRIP,Haybes,Coignières,
S008930,Ein Zug nach Marseille bitte,NOT_FRENCH,,,
S005171,Voyager de Gundershoffen vers Le Dorat,TRIP,Gundershoffen,Le Dorat,
S009490,I want to go from Paris to Lyon,NOT_FRENCH,,,
S004499,Partir de Saint-Astier vers Vitry-le-François,TRIP,Saint-Astier,Vitry-le-François,
S002777,Depart Le Verdon-sur-Mer arrivee Cahors,TRIP,Le Verdon-sur-Mer,Cahors,
S007612,Aide moi,NOT_TRIP,,,
S001313,je dois aller de genlis a moissac,TRIP,Genlis,Moissac,
S009528,???,UNKNOWN,,,
S008997,I need to travel tomorrow,NOT_FRENCH,,,
S004930,depuis le trayas jusqu'a chagny,TRIP,Le Trayas,Chagny,
S008066,Aide moi,NOT_TRIP,,,
S004785,Voyager de Feuquières - Broquiers vers Liesle,TRIP,Feuquières - Broquiers,Liesle,
S003835,"S'il vous plait, un trajet de Franois a Les Tines",TRIP,Franois,Les Tines,
S003894,Voyage de Castelsarrasin a Saint-Jacques-de-la-Lande,TRIP,Castelsarrasin,Saint-Jacques-de-la-Lande,
S003133,Je dois aller de Le Poirier Uniiversité a Haute Picarrdie TGV,TRIP,Le Poirier Université,Haute Picardie TGV,
S002499,Barr Galuzot,TRIP,Barr,Galuzot,
S008616,I need to travel tomorrow,NOT_FRENCH,,,
S005003,Depart Avignon Centre arrivee Pulligny-Autrey,TRIP,Avignon Centre,Pulligny-Autrey,
S007114,il fait beau aujourd'hui,NOT_TRIP,,,
S005928,Coamment allet de SSomain a Bréauté - Beuzeville,TRIP,Somain,Bréauté - Beuzeville,
S009640,123456,UNKNOWN,,,
S003145,Je voyage de Orthez a L'Ariane La Trinite,TRIP,Orthez,L'Ariane La Trinité,
S001190,Je vais a Arcachon depuis Broye,TRIP,Broye,Arcachon,
S003467,Train de Montluuel a Saint-Mariens - Saint-Yzan,TRIP,Montluel,Saint-Mariens - Saint-Yzan,
S005455,comment aller de ribécourt-dreslincourt a aubigny-au-bac,TRIP,Ribécourt-Dreslincourt,Aubigny-au-Bac,
S007389,Les trains sont souvent en retard,NOT_TRIP,,,
S000502,J'aimerais aller de Bressuire a Siorac-en-Perigord,TRIP,Bressuire,Siorac-en-Périgord,
S004187,Je me rends a Charmes depuis Trois Chenes,TRIP,Trois Chênes,Charmes,
S000422,voyager de villeparisis - mitry-le-neuf vers le pallet,TRIP,Villeparisis - Mitry-le-Neuf,Le Pallet,
S006099,De Bersac-sur-Rivalier a Coron de Méricourt en passant par Sains-du-Nord,TRIP,Bersac-sur-Rivalier,Coron de Méricourt,Sains-du-Nord
S009927,@#$%,UNKNOWN,,,
S001215,voyage de valence a corbeil-essonnes,TRIP,Valence,Corbeil-Essonnes,
S004129,Je vais a Lantenay depuis Couëron,TRIP,Couëron,Lantenay,
S007737,Bonjour,NOT_TRIP,,,
S001572,Demain je pars de Nice pour Bibliotnèque François Mitteraand,TRIP,Nice,Bibliothèque François Mitterrand,
S006189,De Ste-Marguerite vers Montsoult - Maffliers avec correspondance a La Celle-Saint-Cloud,TRIP,Ste-Marguerite,Montsoult - Maffliers,La Celle-Saint-Cloud
S008353,Aujourd'hui,NOT_TRIP,,,
S003397,Quel train de Base Aérienne a L'Isle-Jourdain ?,TRIP,Base Aérienne,L'Isle-Jourdain,
S001929,depart de montrichard arrivee a champtocé-sur-loire,TRIP,Montrichard,Champtocé-sur-Loire,
S008451,Aujourd'hui,NOT_TRIP,,,
S007597,Coucou,NOT_TRIP,,,
S003416,Quel train pour aller de Collonges - Fontaines a Besle,TRIP,Collonges - Fontaines,Beslé,
S006211,je veux passer par chabenet pour aller de beillant a hirson,TRIP,Beillant,Hirson,Chabenet
S002096,de bellignat jusqu'a grisolles,TRIP,Bellignat,Grisolles,
S004666,Diemeringen direction Étaples - Le Touquet,TRIP,Diemeringen,Étaples - Le Touquet,
S002909,Est-ce qu'il y a un train de Villeneuve-Saint-Georges a Le Cendre - Orcet,TRIP,Villeneuve-Saint-Georges,Le Cendre - Orcet,
S002606,Je vais de VVitré a Aubiat,TRIP,Vitré,Aubiat,
S005080,Je veux aller de La Chaize-le-Vicomte a Sarlieve - Cournon,TRIP,La Chaize-le-Vicomte,Sarliève - Cournon,
S009160,Ein Zug nach Marseille bitte,NOT_FRENCH,,,
S006245,Je voudrais aller de Avignon TGV a La Menitre en passant par Saint-Pierre-le-Moutier,TRIP,Avignon TGV,La Ménitré,Saint-Pierre-le-Moûtier
S002230,Je vouodrais prendre un train de Lérouville a Lamanon,TRIP,Lérouville,Lamanon,
S002535,De Goncelin jusqu'a Vaas,TRIP,Goncelin,Vaas,
S003730,Train de Chaza - Maarcilly a Granville,TRIP,Chazay - Marcilly,Granville,
S007736,C'est quoi ce service,NOT_TRIP,,,
S004529,Je pars de Le Mée-sur-Seine pour allzr a Bruz,TRIP,Le Mée-sur-Seine,Bruz,
S008993,How do I get to Marseille,NOT_FRENCH,,,
S001109,depart de monthermé arrivee a la courneuve - aubervilliers,TRIP,Monthermé,La Courneuve - Aubervilliers,
S003765,Demain je pars de Méroux pour Lutterbach (Haut-Rhin),TRIP,Méroux,Lutterbach (Haut-Rhin),
S002478,Est-ce qu'il y a un train de Argentiere a Moyeuvre-Grande,TRIP,Argentière,Moyeuvre-Grande,
S007934,Bonjour,NOT_TRIP,,,
S001978,J'aimerais in billet de Miraumont a Saiint-Jean-de-Maurienne Arvan,TRIP,Miraumont,Saint-Jean-de-Maurienne Arvan,
S001928,Comment aller de Iteuil a Cornil,TRIP,Iteuil,Cornil,
S006553,De Béard vers Gevrey-Chambertin avec correspondance a Caudéran Mérignac,TRIP,Béard,Gevrey-Chambertin,Caudéran Mérignac
S000823,"Bonjour, je voudraiq amler de Fourmies a Belloy - Saint-Mrtin",TRIP,Fourmies,Belloy - Saint-Martin,
S005205,un train de chelles - gournay a saales,TRIP,Chelles - Gournay,Saales,
S006332,De Die vers Nîmes avec correspondance a Villers-Bretonneux,TRIP,Die,Nîmes,Villers-Bretonneux
S002181,De Xertigny jusqu'a Chagny,TRIP,Xertigny,Chagny,
S008312,C'est trop cher,NOT_TRIP,,,
S008381,Je veux aller,NOT_TRIP,,,
S004689,je voudrais prendre un train de bègles a bellignat,TRIP,Bègles,Bellignat,
S000305,je voudrais prendre un train de briare a marvejols,TRIP,Briare,Marvejols,
S004524,Demain je pars de Dugny - La Courneuve T11 pour Audun-le-Roman,TRIP,Dugny - La Courneuve T11,Audun-le-Roman,
S009257,Wie komme ich nach Bordeaux,NOT_FRENCH,,,
S009454,I need to travel tomorrow,NOT_FRENCH,,,
S003923,je vais de allée royale a saint-antoine-de-breuilh,TRIP,Allée Royale,Saint-Antoine-de-Breuilh,
S005392,Un train de Villefranche-sur-Cher a Nieul pour demain,TRIP,Villefranche-sur-Cher,Nieul,
S009328,Wie komme ich nach Bordeaux,NOT_FRENCH,,,
S002433,Je voudrais me rendre a Frévin-Capelle depuis Plougonver,TRIP,Plougonver,Frévin-Capelle,
S007480,Je n'aime pas voyager,NOT_TRIP,,,
S005736,billet callac valence tgv rhône-alpes sud,TRIP,Callac,Valence TGV Rhône-Alpes Sud,
S007019,Aujourd'hui,NOT_TRIP,,,
S003917,comment aller de la baule les pins a pontchâteau,TRIP,La Baule Les Pins,Pontchâteau,
S001722,Voyage de Massy Europe a Aubie - Saint-Antoine,TRIP,Massy Europe,Aubie - Saint-Antoine,
S009653,blablabla,UNKNOWN,,,
S006437,Aller de Champbenoist - Poigny a Avion avec un arret a Saint-Brice-sur-Vienne,TRIP,Champbenoist - Poigny,Avion,Saint-Brice-sur-Vienne
S000894,Direction Cassel au depart de Macau,TRIP,Macau,Cassel,
S006744,De Lisière Pereire vers Roeschwoog avec correspondance a Malansac,TRIP,Lisière Pereire,Roeschwoog,Malansac
S004979,demain je pars de marsac pour sauveterre-la-lémance,TRIP,Marsac,Sauveterre-la-Lémance,
S000040,Pourriez-vous me trouver un train de Limeyrat a Castelnau-d'Estrétefonds,TRIP,Limeyrat,Castelnau-d'Estrétefonds,
S002921,de la bastide - saint-laurent-les-bains a penhoët,TRIP,La Bastide - Saint-Laurent-les-Bains,Penhoët,
S003747,Comment aller de Libourne a Versailles Château Rive Gauche ?,TRIP,Libourne,Versailles Château Rive Gauche,
S001907,Partir de Iteuil pour Anse Halte,TRIP,Iteuil,Anse Halte,
S005870,Je voudrais me rendre a Savigny-sur-Orge depuis Loos lez Lille,TRIP,Loos lez Lille,Savigny-sur-Orge,
S000303,Je pars de Ascq pour aller a Vallorcine,TRIP,Ascq,Vallorcine,
S000244,J'aimerais aller de Culoz a Auchy-les-Hesdin,TRIP,Culoz,Auchy-lès-Hesdin,
S008782,Un biglietto per Marsiglia,NOT_FRENCH,,,
S004891,Schweighojsie-sur-Moder puis Gerzat,TRIP,Schweighouse-sur-Moder,Gerzat,
S002754,Quel train de Font-Romeu-Odeillo-Via a Ancy-sur-Moselle ?,TRIP,Font-Romeu-Odeillo-Via,Ancy-sur-Moselle,
S004541,je veux me rendre a yffiniac en partant de aubin-saint-vaast,TRIP,Aubin-Saint-Vaast,Yffiniac,
S002368,Thun le Paradis vers Pagny-le-Château,TRIP,Thun le Paradis,Pagny-le-Château,
S007606,Comment ca marche,NOT_TRIP,,,
S008096,Voyage,NOT_TRIP,,,
S007637,aide moi,NOT_TRIP,,,
S008905,Wie komme ich nach Bordeaux,NOT_FRENCH,,,
S000775,Pourriez-vous me trouver un train de Saint-Denis-des-Murs a Albertville,TRIP,Saint-Denis-des-Murs,Albertville,
S004711,Je me rends a Pont-Melvez depuis Les Quatre-Routes-du-Lot,TRIP,Les Quatre-Routes-du-Lot,Pont-Melvez,
S008332,qu'est-ce que tu peux faire,NOT_TRIP,,,
S003106,un billet de redon a vienne,TRIP,Redon,Vienne,
S006228,Trainn de Cihinon a Eleuf - Saint-Aibin passant par Arles,TRIP,Chinon,Elbeuf - Saint-Aubin,Arles
S004958,Bègles vers Nanteuil-le-Haudouin,TRIP,Bègles,Nanteuil-le-Haudouin,
S007014,C'est trop cher,NOT_TRIP,,,
S009938,lorem ipsum,UNKNOWN,,,
S006857,de xeuilley a boulogne tintelleries en passant par orthez,TRIP,Xeuilley,Boulogne Tintelleries,Orthez
S001512,Direction Trappes au depart de Tarascon,TRIP,Tarascon,Trappes,
S002367,quel train de haguenau a saint-médard-sur-ille ?,TRIP,Haguenau,Saint-Médard-sur-Ille,
S008816,Je want to go Lyon,NOT_FRENCH,,,
S000099,Voyager de Montmorillon vers Besançon Viotte,TRIP,Montmorillon,Besançon Viotte,
S001146,Je souhaite aller de Le Vert de Maisons a Parsac - Gouzon,TRIP,Le Vert de Maisons,Parsac - Gouzon,
S000539,Je souhaite aller de Grésy-sur-Aix a Rue,TRIP,Grésy-sur-Aix,Rue,
S008267,Help,NOT_TRIP,,,
S005397,Aller de Notre-Dame-d'Oé a Gauriaguet,TRIP,Notre-Dame-d'Oé,Gauriaguet,
S001580,Demain je pars de Varades - Saint-Florent le Vieil pour Feyzin,TRIP,Varades - Saint-Florent le Vieil,Feyzin,
S007435,Je m'appelle Paris,NOT_TRIP,,,
S002672,Comment aller de Châtillon d'Azergues a Aubiet,TRIP,Châtillon d'Azergues,Aubiet,
S009986,@#$%,UNKNOWN,,,
S001001,Un train de Reichshoffen a Beaumont-le-Roger pour demain,TRIP,Reichshoffen,Beaumont-le-Roger,
S009111,I need to travel tomorrow,NOT_FRENCH,,,
S009313,I would like a train ticket,NOT_FRENCH,,,
S001307,je voudrais aller de villetaneuse universite a saillat - chassenon,TRIP,Villetaneuse Université,Saillat - Chassenon,
S003475,Je pars de Montoir-de-Bretagne et je vais a Sainte-Cecile-d'Andorge,TRIP,Montoir-de-Bretagne,Sainte-Cécile-d'Andorge,
S007156,Troyes est un prenom origoinaal,NOT_TRIP,,,
S004841,partir de ailly-sur-somme vers saint-quentin en yvelines - montigny-le-bretonneux,TRIP,Ailly-sur-Somme,Saint-Quentin en Yvelines - Montigny-le-Bretonneux,
S006666,De Belz - Ploemel a Revin via Varilhes,TRIP,Belz - Ploemel,Revin,Varilhes
S001444,un train de calais a sainte-eulalie - carbon-blanc,TRIP,Calais,Sainte-Eulalie - Carbon-Blanc,
S000107,Voyage de Saillans a Montlucon Rimard,TRIP,Saillans,Montluçon Rimard,
S006576,Train de Trémolat a Marignier passant par Nouvion-sur-Meuse,TRIP,Trémolat,Marignier,Nouvion-sur-Meuse
S007979,Je voudrais,NOT_TRIP,,,
S001713,Billet Voiron Morhange,TRIP,Voiron,Morhange,
S009690,test test test,UNKNOWN,,,
S007759,Coucou,NOT_TRIP,,,
S009737,a,UNKNOWN,,,
S001458,partir de le genest-saint-isle vers base aerienne,TRIP,Le Genest-Saint-Isle,Base Aérienne,
S007265,k,NOT_TRIP,,,
S006259,De Rives a Le Luc - Le Cannet via Les Bardys,TRIP,Rives,Le Luc - Le Cannet,Les Bardys
S001418,je pars de massiac - blesle pour aller a ruffec,TRIP,Massiac - Blesle,Ruffec,
S004834,Je dois aller de Kuntzig a Ychoux demain,TRIP,Kuntzig,Ychoux,
S004224,je vais de chaingy fourneaux plage a dompierre sept fons,TRIP,Chaingy Fourneaux Plage,Dompierre Sept Fons,
S001446,"Bonjour, je voudrais aller de Chasseradès a Golfe Juan Vallauris",TRIP,Chasseradès,Golfe Juan Vallauris,
S004508,vieux-thann puis byans-sur-doubs,TRIP,Vieux-Thann,Byans-sur-Doubs,
S004087,"bonjour, je voudrais aller de fougeray - langon a suèvres",TRIP,Fougeray - Langon,Suèvres,
S009182,I want aller a Paris,NOT_FRENCH,,,
S005347,"S'il vous plait, un trajet de Aigueperse a Varangéville - Saint-Nicolas",TRIP,Aigueperse,Varangéville - Saint-Nicolas,
S005217,Voyage de Meaux a Voujeaucourt,TRIP,Meaux,Voujeaucourt,
S004706,Brazey-en-Plaine puis Roche-lez-Beaupré,TRIP,Brazey-en-Plaine,Roche-lez-Beaupré,
S006906,de laval a plaisir - grignon via lyon gorge de loup,TRIP,Laval,Plaisir - Grignon,Lyon Gorge de Loup
S000056,Je voudrais prendre un train de Erstein a Loulay,TRIP,Erstein,Loulay,
S000537,Je vais a Cergy Préfecture depuis Irigny Yvours,TRIP,Irigny Yvours,Cergy Préfecture,
S002363,J'aimerais un billet de Rombas - Clouange a Aguilcourt - Variscourt,TRIP,Rombas - Clouange,Aguilcourt - Variscourt,
S009164,Quiero ir de Paris a Lyon,NOT_FRENCH,,,
S007179,Mon ami Lyon va bien,NOT_TRIP,,,
S005398,est-ce qu'il y a un train de avignon centre a venerque - vernet,TRIP,Avignon Centre,Venerque - Vernet,
S004939,Voyage de Mertzwiller a Dordives,TRIP,Mertzwiller,Dordives,
S005762,Demain je pars de Lorient Bretagne Sud pour Wimille - Wimereux,TRIP,Lorient Bretagne Sud,Wimille - Wimereux,
S001201,Pourriez-vous me trouver un train de Massy - Palaiseau a La Hutte Coulombiers,TRIP,Massy - Palaiseau,La Hutte Coulombiers,
S000390,Comment aller de Savennières - Béhuard a Trilport ?,TRIP,Savennières - Béhuard,Trilport,
S003971,Quel train pour aller de Lalbenque - Fontanes  Arrass,TRIP,Lalbenque - Fontanes,Arras,
S003892,Lingolsheim Talence Médoquine,TRIP,Lingolsheim,Talence Médoquine,
S002312,je vais de gambsheim a luzarches,TRIP,Gambsheim,Luzarches,
S000500,Quel train pour aller de Sarreinsming a Le Teich,TRIP,Sarreinsming,Le Teich,
S009144,Je want to go Lyon,NOT_FRENCH,,,
S003947,Je voudrais me rendre a Motteville depuis Bischwiller,TRIP,Bischwiller,Motteville,
S004798,voyager de petit vaux vers suresnes mont valerien,TRIP,Petit Vaux,Suresnes Mont Valérien,
S009999,blablabla,UNKNOWN,,,
S002911,Je vais a Revigny-sur-Ornain depuis La Clayette - Baudemont,TRIP,La Clayette - Baudemont,Revigny-sur-Ornain,
S004893,partir de ingersheim - cite scolaire pour moissac,TRIP,Ingersheim - Cité Scolaire,Moissac,
S009630,asdfghjkl,UNKNOWN,,,
S005712,Je voudrais aller de Goussainville a Ermont - Eaubonne,TRIP,Goussainville,Ermont - Eaubonne,
S000254,"S'il vous plait, un trajet de Wihr-au-Val - Soultzbach a Chemillé-en-Anjou",TRIP,Wihr-au-Val - Soultzbach,Chemillé-en-Anjou,
S007261,les trains sont souvent en retard,NOT_TRIP,,,
S009722,ab,UNKNOWN,,,
S002028,saint-victor - thizy puis raon-l'étape,TRIP,Saint-Victor - Thizy,Raon-l'Étape,
S002045,Depart de La Teste-de-Buch arrivee a Rouillé,TRIP,La Teste-de-Buch,Rouillé,
S000916,Je veux aller de Pérenchies a Fougeré,TRIP,Pérenchies,Fougeré,
S005372,direction l'abbaye au depart de royat - chamalieres,TRIP,Royat - Chamalières,L'Abbaye,
S001087,"S'il vous plait, un trajet de Étival-Clairefontaine a Saint-Omer-en-Chaussée",TRIP,Étival-Clairefontaine,Saint-Omer-en-Chaussée,
S007166,tu fais quoi,NOT_TRIP,,,
S008497,Bonjour,NOT_TRIP,,,
S003838,orchamps vers nouzonville,TRIP,Orchamps,Nouzonville,
S002157,Je souhaite aller de Rouillé a Le Buisson-de-Cadouin,TRIP,Rouillé,Le Buisson-de-Cadouin,
S009363,How do I get to Marseille,NOT_FRENCH,,,
S004370,depuis walbourg jusqu'a servon-sur-vilaine,TRIP,Walbourg,Servon-sur-Vilaine,
S006600,"Je pars de Jeumont, je passe par Naintré et j'arrive a Ermont - Eaubonne",TRIP,Jeumont,Ermont - Eaubonne,Naintré
S001286,"s'il vous plait, un trajet de la poterie a vivonne",TRIP,La Poterie,Vivonne,
S007881,Ok,NOT_TRIP,,,
S003809,Prendre le train de La Joux a Barenton-Bugny,TRIP,La Joux,Barenton-Bugny,
S007658,Salut,NOT_TRIP,,,
S007473,Un train,NOT_TRIP,,,
S000139,je voudrais prendre un train de lingolsheim a vaux-sur-seine,TRIP,Lingolsheim,Vaux-sur-Seine,
S007746,Je n'aime pas voyager,NOT_TRIP,,,
S009006,Ein Zug nach Marseille bitte,NOT_FRENCH,,,
S000322,"S'il vous plait, un trajet de Issoudun a Saint-Leu-d'Esserent",TRIP,Issoudun,Saint-Leu-d'Esserent,
S003049,J'aimerais un billet de Lourches a Saint-Hilaire - Saint-Nazaire,TRIP,Lourches,Saint-Hilaire - Saint-Nazaire,
S002669,Demain je pars de Saint-Mars-la-Briere pour Avion,TRIP,Saint-Mars-la-Brière,Avion,
S005806,quel train de allenc a aix-en-provence tgv ?,TRIP,Allenc,Aix-en-Provence TGV,
S002565,je pars de longueville-sur-scie et je vais a munster badischhof,TRIP,Longueville-sur-Scie,Munster Badischhof,
S003458,Je veux prendre le train de Cercottes a Hirson Écoles,TRIP,Cercottes,Hirson Écoles,
S002768,Châteaubriant vers Avord,TRIP,Châteaubriant,Avord,
S001690,Depart Douzillac arrivee Saint-Pierre-Quiberon,TRIP,Douzillac,Saint-Pierre-Quiberon,
S004411,Savennières - Béhuard Vieilleville,TRIP,Savennières - Béhuard,Vieilleville,
S002843,"s'il vous plait, un trajet de saint-laurent-d'aigouze a saint-chély-d'apcher",TRIP,Saint-Laurent-d'Aigouze,Saint-Chély-d'Apcher,
S008230,A bientot,NOT_TRIP,,,
S002871,demain je pars de grand bourg pour prin-deyrancon,TRIP,Grand Bourg,Prin-Deyrançon,
S003916,Voyager de Tourville-la-Rivière vers Condat - Le Lardin,TRIP,Tourville-la-Rivière,Condat - Le Lardin,
S004241,Voyage de Firminy a Sathonay - Rillieux,TRIP,Firminy,Sathonay - Rillieux,
S005872,Quel train pour aller de Kurtzenhouse a Bellignat,TRIP,Kurtzenhouse,Bellignat,
S007536,Il fait beau aujourd'hui,NOT_TRIP,,,
S003909,Aller de Luzenac - Garanou a Generac,TRIP,Luzenac - Garanou,Générac,
S001127,Epinay-sur-Seine direction Deluz,TRIP,Épinay-sur-Seine,Deluz,
S001158,Quel train pour aller de Pont Cardinet a Gemeaux,TRIP,Pont Cardinet,Gemeaux,
S008355,C'est quoi ce service,NOT_TRIP,,,
S002428,futuroscope wingen-sur-moder,TRIP,Futuroscope,Wingen-sur-Moder,
S002282,Partir de Les Flacheres pour La Penne-sur-Huveaune,TRIP,Les Flachères,La Penne-sur-Huveaune,
S008134,C'est quoi ce service,NOT_TRIP,,,
S004556,aller de villeneuve-saint-georges a woippy,TRIP,Villeneuve-Saint-Georges,Woippy,
S003699,Je voyaje de Bonson a Belfort - Montbéliard TGV,TRIP,Bonson,Belfort - Montbéliard TGV,
S006450,train de prin-deyrançon a pontrieux halte passant par ay,TRIP,Prin-Deyrançon,Pontrieux Halte,Ay
S003820,j'aimerais aller de le coteau a aiguebelette-le-lac,TRIP,Le Coteau,Aiguebelette-le-Lac,
S007568,Les trains sont souvent en retard,NOT_TRIP,,,
S007514,Nice de te rencontrer,NOT_TRIP,,,
S001683,Danjoutin Mulhouse,TRIP,Danjoutin,Mulhouse,
S001601,Je veux aller de Marcelcave a Basse-Ham,TRIP,Marcelcave,Basse-Ham,
S007861,mon ami lyon va bien,NOT_TRIP,,,
S009432,Train from Paris to Bordeaux please,NOT_FRENCH,,,
S008625,Ich mochte von Paris nach Lyon fahren,NOT_FRENCH,,,
S004186,Je vais de Strasbourg Roethig a Verrey-sous-Salmaise,TRIP,Strasbourg Roethig,Verrey-sous-Salmaise,
S002961,aller de saint-leu-la-forêt a tenay - hauteville,TRIP,Saint-Leu-la-Forêt,Tenay - Hauteville,
S003465,"Bonjour, je voudrais aller de Cassel a Chantilly - Gouvieux",TRIP,Cassel,Chantilly - Gouvieux,
S000609,Je voudrais prendre un train de Bigny a Assier,TRIP,Bigny,Assier,
S007938,Les trains sont souvent en retard,NOT_TRIP,,,
S001033,Motteville puis Saknr-Remy-en-l'Eau,TRIP,Motteville,Saint-Remy-en-l'Eau,
S006903,Balbigny Châteaubourg via Vannes,TRIP,Balbigny,Châteaubourg,Vannes
S008255,salut,NOT_TRIP,,,
S007565,Salut,NOT_TRIP,,,
S009829,!!!,UNKNOWN,,,
S007347,A bientot,NOT_TRIP,,,
S009378,I need to travel tomorrow,NOT_FRENCH,,,
S000103,Saint-Macaire puis Thourotte,TRIP,Saint-Macaire,Thourotte,
S009222,How do I get to Marseille,NOT_FRENCH,,,
S003469,Parotir de Fouffah vers Dait-Breieuc,TRIP,Rouffach,Saint-Brieuc,
S000751,Je vais de Capdenac a Lutterbach (Haut-Rhin),TRIP,Capdenac,Lutterbach (Haut-Rhin),
S006380,je voudrais aller de allenc a jonzac en passant par bayonne,TRIP,Allenc,Jonzac,Bayonne
S009098,Vorrei andare da Parigi a Lione,NOT_FRENCH,,,
S004358,Quel train de Savonnières a Pont Cardinet ?,TRIP,Savonnières,Pont Cardinet,
S006705,Train de Libercourt a Les Cauquillous passant par Joinville,TRIP,Libercourt,Les Cauquillous,Joinville
S006738,Je veux passer par Sathonay - Rillieux pour aller de Pouilly-sur-Loire a Saint-Macaire,TRIP,Pouilly-sur-Loire,Saint-Macaire,Sathonay - Rillieux
S002090,Partir de Saint-Andre-lez-Lille vers Chateauneuf - Bujaleuf,TRIP,Saint-André-lez-Lille,Châteauneuf - Bujaleuf,
S009531,...,UNKNOWN,,,
S002472,Je veux me rendre a Paris Saint-Lazare en partant de Bueil,TRIP,Bueil,Paris Saint-Lazare,
S002674,billet kerhuon beaucaire,TRIP,Kerhuon,Beaucaire,
S005156,Quel train de Le Pont-de-Beauvoisin a Sains-du-Nord ?,TRIP,Le Pont-de-Beauvoisin,Sains-du-Nord,
S002826,Je veux aller de Neuvic a Le Treport - Mers-les-Bains,TRIP,Neuvic,Le Tréport - Mers-les-Bains,
S002352,Comment aller de Conflans - Jarny a Auch ?,TRIP,Conflans - Jarny,Auch,
S000379,Ce soir je vais de Cesson-Sevigne a Saint-Clair - Les Roches,TRIP,Cesson-Sévigné,Saint-Clair - Les Roches,
S006311,train de saint-gervais-les-bains le fayet a port-vendres passant par muizon,TRIP,Saint-Gervais-les-Bains Le Fayet,Port-Vendres,Muizon
S009650,lorem ipsum,UNKNOWN,,,
S007931,D'accord,NOT_TRIP,,,
S008880,Quiero ir de Paris a Lyon,NOT_FRENCH,,,
S008228,tu fais quoi,NOT_TRIP,,,
S005404,Billet Cramoisy Raedersheim,TRIP,Cramoisy,Raedersheim,
S003438,Billet Gazeran Les Martres-de-Veyre,TRIP,Gazeran,Les Martres-de-Veyre,
S002248,Hundling direction Les Églisottes-et-Chalaures,TRIP,Hundling,Les Églisottes-et-Chalaures,
S000225,Billet Hellemmes Bourg-Madame,TRIP,Hellemmes,Bourg-Madame,
S004258,Pourriez-vous me trouver un train de Chinon a L'Ariane La Trinité,TRIP,Chinon,L'Ariane La Trinité,
S008703,I would like a train ticket,NOT_FRENCH,,,
S001539,Aubigny-en-Artois vers Deville,TRIP,Aubigny-en-Artois,Deville,
S002252,un train de quincieux a sept-saulx,TRIP,Quincieux,Sept-Saulx,
S003414,je voudrais me rendre a assat depuis sathonay - rillieux,TRIP,Sathonay - Rillieux,Assat,
S002176,depart coignières arrivee louroux-de-bouble,TRIP,Coignières,Louroux-de-Bouble,
S004744,Billet Diarville Tende,TRIP,Diarville,Tende,
S006293,aller de chaugey a monnaie avec un arret a lubersac,TRIP,Chaugey,Monnaie,Lubersac
S007040,Partir,NOT_TRIP,,,
S006720,Gièvres puis Asnières-sur-Seine puis Le Pont-de-Beauvoisin,TRIP,Gièvres,Le Pont-de-Beauvoisin,Asnières-sur-Seine
S007001,Partir,NOT_TRIP,,,
S003599,comment aller de millas a argentan,TRIP,Millas,Argentan,
S008021,Nancy est ma soeur,NOT_TRIP,,,
S006727,de issoire a luneville via aubin,TRIP,Issoire,Lunéville,Aubin
S008692,Un billete de tren por favor,NOT_FRENCH,,,
S006488,Aller de Albertville a Correze avec un arret a Illiers-Combray,TRIP,Albertville,Corrèze,Illiers-Combray
S004135,Prendre le train de Coulanges-sur-Yonne a Soulac-sur-Mer,TRIP,Coulanges-sur-Yonne,Soulac-sur-Mer,
S007693,Je n'aime pas voyager,NOT_TRIP,,,
S009534,a,UNKNOWN,,,
S009360,Book a ticket for me,NOT_FRENCH,,,
S004104,J'aimerais un billet de Vonnas a Champagné,TRIP,Vonnas,Champagné,
S009878,ab,UNKNOWN,,,
S007398,J'aime les trains,NOT_TRIP,,,
S002685,Depart de Ablon-sur-Seine arrivee a Bois-d'Oingt - Légny,TRIP,Ablon-sur-Seine,Bois-d'Oingt - Légny,
S000227,De Landry a L'Ariane La Trinité,TRIP,Landry,L'Ariane La Trinité,
S002145,Je voudrais prendre un train de Angerville a Bois-d'Oingt - Légny,TRIP,Angerville,Bois-d'Oingt - Légny,
S003573,Depuis Weyersheim jusqu'a Plerguer,TRIP,Weyersheim,Plerguer,
S006660,je veux passer par brion - montreal-la-cluse pour aller de ecully - tassin a carhaix-plouguer,TRIP,Ecully - Tassin,Carhaix-Plouguer,Brion - Montréal-la-Cluse
S005583,Je pars de Mennessis pour aller a Thiennes,TRIP,Mennessis,Thiennes,
S009274,I want aller a Paris,NOT_FRENCH,,,
S009104,Vorrei andare da Parigi a Lione,NOT_FRENCH,,,
S003285,Douis Liloges Monetjovis jusqu'a La Mothe-Achard,TRIP,Limoges Montjovis,La Mothe-Achard,
S002085,Aller de Chevillon a Etainhus - Saint-Romain,TRIP,Chevillon,Étainhus - Saint-Romain,
S005684,Ce soir je vais de Saint-Denis a Épinay - Villetaneuse,TRIP,Saint-Denis,Épinay - Villetaneuse,
S002276,Prendre le train de Chouzy-sur-Cisse a Dijon,TRIP,Chouzy-sur-Cisse,Dijon,
S006599,Train de Vauzelles a Nérondes passant par Saint-Seurin-sur-l'Isle,TRIP,Vauzelles,Nérondes,Saint-Seurin-sur-l'Isle
S008167,Salut,NOT_TRIP,,,
S007046,J'ai rencontre Marseille hier,NOT_TRIP,,,
S003310,Je voudrai me rendre a Lucé depui Pontrieux,TRIP,Pontrieux,Lucé,
S000309,Quel train pour alle de Saint-Jacques-de-la-Lande a Martigné-Ferchaud,TRIP,Saint-Jacques-de-la-Lande,Martigné-Ferchaud,
S005621,je vais de la charite-sur-loire a marssac-sur-tarn,TRIP,La Charité-sur-Loire,Marssac-sur-Tarn,
S006040,De Champagne-Ardenne TGoV vers Caudrot avec correspondance au Us,TRIP,Champagne-Ardenne TGV,Caudrot,Us
S000172,Prendre le train de Quédillac a Gunsbach - Griesbach,TRIP,Quédillac,Gunsbach - Griesbach,
S006755,Wallers Agde via Château-Gaillard,TRIP,Wallers,Agde,Château-Gaillard
S000677,De Bonneville a Rethel,TRIP,Bonneville,Rethel,
S002406,véretz - montlouis puis munster,TRIP,Véretz - Montlouis,Munster,
S001221,Demain je pars de Sable-sur-Sarthe pour Froncles Buxieres,TRIP,Sablé-sur-Sarthe,Froncles Buxières,
S001804,Je veux me rendre a Herrlisheim-près-Colmar en partant de Sées,TRIP,Sées,Herrlisheim-près-Colmar,
S002458,Saint-Hilaire-de-Chaléons vers L'Herbergement - Les Brouzils,TRIP,Saint-Hilaire-de-Chaléons,L'Herbergement - Les Brouzils,
S006059,De Bailleau-le-Pin a Villers-les-Pots via Saint-Dié-des-Vosges,TRIP,Bailleau-le-Pin,Villers-les-Pots,Saint-Dié-des-Vosges
S007253,Merci,NOT_TRIP,,,
S001948,Quel train pour aller de Vitry-sur-Seine a Joinville,TRIP,Vitry-sur-Seine,Joinville,
S006768,je voudrais aller de fréjus a fréteval - morée en passant par beaucaire,TRIP,Fréjus,Fréteval - Morée,Beaucaire
S002365,De Théoulr-sur-Mer a Chisxay-en-Tourzine,TRIP,Théoule-sur-Mer,Chissay-en-Touraine,
S001573,Je veux me rendre a Sées en partant de Saint-Martin du Touch,TRIP,Saint-Martin du Touch,Sées,
S005041,Partir de Epernon pour Perigueux,TRIP,Épernon,Périgueux,
S005950,depart ollioules - sanary-sur-mer arrivee givors canal,TRIP,Ollioules - Sanary-sur-Mer,Givors Canal,
S008541,Je want to go Lyon,NOT_FRENCH,,,
S003429,aller de annappes a le poirier université,TRIP,Annappes,Le Poirier Université,
S004255,je pars de connerre - beille pour aller a einvaux,TRIP,Connerré - Beillé,Einvaux,
S003383,Aller de Vrigne-Meuse a Loriol-su-Deôme,TRIP,Vrigne-Meuse,Loriol-sur-Drôme,
S006223,"Je pars de Saint-Étienne Le Clapier, je passe par Renescure et j'arrive a Danjoutin",TRIP,Saint-Étienne Le Clapier,Danjoutin,Renescure
S008600,I need to travel tomorrow,NOT_FRENCH,,,
S003547,Je voudrais me rendre a Les Saules depuis Tourcoing,TRIP,Tourcoing,Les Saules,
S000639,Pourriez-vous me trouver un train de Couilly - Saint-Germain - Quincy a Marquette,TRIP,Couilly - Saint-Germain - Quincy,Marquette,
S005716,je vais de saint-laurent-de-la-pree - fouras a cordemais,TRIP,Saint-Laurent-de-la-Prée - Fouras,Cordemais,
S009333,Ich mochte von Paris nach Lyon fahren,NOT_FRENCH,,,
S008979,I would like a train ticket,NOT_FRENCH,,,
S008640,Wie komme ich nach Bordeaux,NOT_FRENCH,,,
S002118,"S'il vous plait, un trajet de Chantenay a Boulainvilliers",TRIP,Chantenay,Boulainvilliers,
S005124,Je me rends a Neuillé-Pont-Pierre depuis La Fontaine,TRIP,La Fontaine,Neuillé-Pont-Pierre,
S004471,Margaux puis Larseillan Plage,TRIP,Margaux,Marseillan Plage,
S000569,Je dois aller de Château-du-Loir a Saint-Ouen-l'Aumône Liesse,TRIP,Château-du-Loir,Saint-Ouen-l'Aumône Liesse,
S001726,De Remise à Jorelle jusqu'a Saint-Sulpice - Auteuil,TRIP,Remise à Jorelle,Saint-Sulpice - Auteuil,
S002544,ce soir je vais de rombas - clouange a le haut banc,TRIP,Rombas - Clouange,Le Haut Banc,
S008018,Je m'appelle Paris,NOT_TRIP,,,
S001319,je voudrais me rendre a chaponost depuis solliès-pont,TRIP,Solliès-Pont,Chaponost,
S002846,La Tour-du-Pin direction Aubigné-Racan,TRIP,La Tour-du-Pin,Aubigné-Racan,
S006206,"je pars de lutzelhouse, je passe par villeneuve-lès-maguelone et j'arrive a brélidy - plouëc",TRIP,Lutzelhouse,Brélidy - Plouëc,Villeneuve-lès-Maguelone
S006496,De Saint-Florent-sur-Cher vers Clacy - Mons avec correspondance a Fréjus,TRIP,Saint-Florent-sur-Cher,Clacy - Mons,Fréjus
S007288,J'ai rencontre Marseille hier,NOT_TRIP,,,
S002668,Je souhaite aller de Grésy-sur-Aix a Allée Royale,TRIP,Grésy-sur-Aix,Allée Royale,
S004505,Partir de Les Quatre Roues pour Leentillyy Charpenay,TRIP,Les Quatre Roues,Lentilly Charpenay,
S005229,Est-ce qu'il y a un trin de Moirans La Galifette a Questembert,TRIP,Moirans La Galifette,Questembert,
S006534,Train de Pontoise a Ingrandes-Le Fresne-sur-Loire passant par Mézidon-Canon,TRIP,Pontoise,Ingrandes-Le Fresne-sur-Loire,Mézidon-Canon
S006847,Chaingy Fourneaux Olage Saint-Vallier sur Rhônr via Saint-Vincent le Château,TRIP,Chaingy Fourneaux Plage,Saint-Vallier sur Rhône,Saint-Vincent le Château
S003975,Je voudrais prendre un train de Meymac a Strasbourg Roethig,TRIP,Meymac,Strasbourg Roethig,
S008432,je veux aller,NOT_TRIP,,,
S009068,How do I get to Marseille,NOT_FRENCH,,,
S006198,"je pars de lamballe, je passe par thuès carença et j'arrive a vidauban",TRIP,Lamballe,Vidauban,Thuès Carença
S003720,Je voyage de Rumilly a Rosières-en-Santerre,TRIP,Rumilly,Rosières-en-Santerre,
S001470,Quel train de Rouffach a Chantilly - Gouvieux ?,TRIP,Rouffach,Chantilly - Gouvieux,
S007835,Voyage,NOT_TRIP,,,
S005322,je pars de saint-clair - les roches pour aller a montchanin,TRIP,Saint-Clair - Les Roches,Montchanin,
S008679,I want to go from Paris to Lyon,NOT_FRENCH,,,
S005186,Demain je pars de Vesoul pour Saint-Raphaël Valescure,TRIP,Vesoul,Saint-Raphaël Valescure,
S001288,j'aimerais un billet de embrun a puteaux,TRIP,Embrun,Puteaux,
S002583,Je dois aller de Sainte-Bazeille a Tacoignières - Richebourg,TRIP,Sainte-Bazeille,Tacoignières - Richebourg,
S008163,Tu fais quoi,NOT_TRIP,,,
S001692,Je veux aller de Crépy-en-Valois a Walbourg,TRIP,Crépy-en-Valois,Walbourg,
S005790,Riom - Châtel-Guyon - Beautiran,TRIP,Riom - Châtel-Guyon,Beautiran,
S007295,Arriver,NOT_TRIP,,,
S004794,Je vais a Saint-Quentin en Yvelines - Montigny-le-Bretonneux depuis Bergues,TRIP,Bergues,Saint-Quentin en Yvelines - Montigny-le-Bretonneux,
S003557,"bonjour, je voudrais aller de st-germain-st-rémy a monte-carlo country club",TRIP,St-Germain-St-Rémy,Monte-Carlo Country Club,
S002300,Je mars de Bologne plur aller a Malrsherbes,TRIP,Bologne,Malesherbes,
S008118,Ok,NOT_TRIP,,,
S008165,Mon ami Lyon va bien,NOT_TRIP,,,
S003076,J'aimerais aller de Chenonceaux a Étainhus - Saint-Romain,TRIP,Chenonceaux,Étainhus - Saint-Romain,
S009436,Book a ticket for me,NOT_FRENCH,,,
S009596,a,UNKNOWN,,,
S001639,Je veux aller de Pornic a Saint-Rambert-en-Bugey,TRIP,Pornic,Saint-Rambert-en-Bugey,
S001166,un train de la bastide - saint-laurent-les-bains a geispolsheim pour demain,TRIP,La Bastide - Saint-Laurent-les-Bains,Geispolsheim,
S003984,Me rendre de L'Ariane La Trinité a Olonne-sur-Mer,TRIP,L'Ariane La Trinité,Olonne-sur-Mer,
S002905,Un trin de Fons - Saint-Mamert a Saillat - Chassenon,TRIP,Fons - Saint-Mamert,Saillat - Chassenon,
S006979,De Sotteville-lès-Rouen a Dormans via Ribécourt-Dreslincourt,TRIP,Sotteville-lès-Rouen,Dormans,Ribécourt-Dreslincourt
S000433,Je voudrais prendre un train de L'Aiguille a Billy-Montigny,TRIP,L'Aiguille,Billy-Montigny,
S008893,Can you help me,NOT_FRENCH,,,
S009331,Train from Paris to Bordeaux please,NOT_FRENCH,,,
S008097,je m'appelle paris,NOT_TRIP,,,
S002296,Partir de Pont-Remy pour Luxe,TRIP,Pont-Remy,Luxé,
S001597,Voyager de Ballancourt-sur-Essonne vers Blangy-sur-Ternoise,TRIP,Ballancourt-sur-Essonne,Blangy-sur-Ternoise,
S001629,prendre le train de coudekerque-branche a saint-michel-sur-orge,TRIP,Coudekerque-Branche,Saint-Michel-sur-Orge,
S002649,je voyage de montreux-vieux a valleiry,TRIP,Montreux-Vieux,Valleiry,
S003626,Quel train de Neufchâtel-Hardelot a Saint-Léon-sur-l'Isle ?,TRIP,Neufchâtel-Hardelot,Saint-Léon-sur-l'Isle,
S005601,je veux aller de aubazines - saint-hilaire a gros noyer saint-prix,TRIP,Aubazines - Saint-Hilaire,Gros Noyer Saint-Prix,
S009823,lorem ipsum,UNKNOWN,,,
S001516,Quel train pour aller de Ascq a Pont Petit,TRIP,Ascq,Pont Petit,
S001506,Comment aller de Septemes-les-Vallons a Hoelschloch ?,TRIP,Septèmes-les-Vallons,Hoelschloch,
S006914,de maisons-alfort - alfortville a givors via le cateau-cambrésis,TRIP,Maisons-Alfort - Alfortville,Givors,Le Cateau-Cambrésis
S003797,"Bonjour, je voudrais alle de Saint-Nabord a Marvejols",TRIP,Saint-Nabord,Marvejols,
S009933,ab,UNKNOWN,,,
S003261,comment aller de chaingy fourneaux plage a chamelet ?,TRIP,Chaingy Fourneaux Plage,Chamelet,
S001122,la borne blanche vers choisy-le-roi,TRIP,La Borne Blanche,Choisy-le-Roi,
S005312,Je voyage de Bonneval a Hoenheim Tram,TRIP,Bonneval,Hoenheim Tram,
S004620,Je dois aller de Cransac a Verneuil-sur-Avre,TRIP,Cransac,Verneuil-sur-Avre,
S006608,Villeneuve Triage Villenave-d'Ornon via Lumes,TRIP,Villeneuve Triage,Villenave-d'Ornon,Lumes
S006517,De Ruffec vers Saint-Amand-Montrond - Orval avec correspondance a Cloyes-sur-le-Loir,TRIP,Ruffec,Saint-Amand-Montrond - Orval,Cloyes-sur-le-Loir
S009419,Quiero ir de Paris a Lyon,NOT_FRENCH,,,
S000837,Labège Village direction Viloefranche-sur-Mer,TRIP,Labège Village,Villefranche-sur-Mer,
S003635,depart de saléchan-siradan arrivee a saint-martin-d'oney,TRIP,Saléchan-Siradan,Saint-Martin-d'Oney,
S006690,je veux passer par montluçon rimard pour aller de dingé a sarrebourg,TRIP,Dingé,Sarrebourg,Montluçon Rimard
S007310,Nancy est ma soeur,NOT_TRIP,,,
S005809,J'aimerais aller de Le Perray-en-Yvelines a Morteau,TRIP,Le Perray-en-Yvelines,Morteau,
S008994,I would like a train ticket,NOT_FRENCH,,,
S006513,éguzon-chantôme puis chalon-sur-saône puis ostricourt,TRIP,Éguzon-Chantôme,Ostricourt,Chalon-sur-Saône
S002032,est-ce qu'il y a un train de strazeele a miribel,TRIP,Strazeele,Miribel,
S009540,ab,UNKNOWN,,,
S004336,voyage de grand-combe la pise a nuits sous ravières,TRIP,Grand-Combe la Pise,Nuits sous Ravières,
S007438,J'aime les trains,NOT_TRIP,,,
S000005,billet courcy - brimont les mureaux,TRIP,Courcy - Brimont,Les Mureaux,
S002342,Voyage de Plounérin a Paris Gare du Nord,TRIP,Plounérin,Paris Gare du Nord,
S002987,Je pars de Vanves - Malakoff et je vais a Garchizy,TRIP,Vanves - Malakoff,Garchizy,
S006932,Gros Noyer Saint-Prix puis Woippy puis Agen,TRIP,Gros Noyer Saint-Prix,Agen,Woippy
S001911,Comment aller de Aiguebelle a Guimiliau,TRIP,Aiguebelle,Guimiliau,
S005586,Partir de Boulazac pour Pleyber-Christ,TRIP,Boulazac,Pleyber-Christ,
S008826,How do I get to Marseille,NOT_FRENCH,,,
S005266,Voyager de Nice Riquier vers Bouchain,TRIP,Nice Riquier,Bouchain,
S003034,je voudrais aller de reichshoffen a courcay - tauxigny,TRIP,Reichshoffen,Courcay - Tauxigny,
S009320,Como llego a Marsella,NOT_FRENCH,,,
S004328,je dois aller de hymont-mattaincourt a la méaugon,TRIP,Hymont-Mattaincourt,La Méaugon,
S003870,je dois aller de dombasle-sur-meurthe a magenta,TRIP,Dombasle-sur-Meurthe,Magenta,
S000285,Je pars de Champagne-sur-Seine et je vais a Praye-sous-Vaudémont,TRIP,Champagne-sur-Seine,Praye-sous-Vaudémont,
S001789,je voudrais aller de varades - saint-florent le vieil a mennessis,TRIP,Varades - Saint-Florent le Vieil,Mennessis,
S009268,I need to travel tomorrow,NOT_FRENCH,,,
S001394,y a-t-il un train de gerzat a pontcharra sur bréda,TRIP,Gerzat,Pontcharra sur Bréda,
S003981,Est-ce qu'il y a un train de Mazamet a Villiers - Neauphle - Pontchartrain,TRIP,Mazamet,Villiers - Neauphle - Pontchartrain,
S006817,De Sablé-sur-Sarthe a Carnoules via La Norville - Saint-Germain-lès-Arpajon,TRIP,Sablé-sur-Sarthe,Carnoules,La Norville - Saint-Germain-lès-Arpajon
S005099,quel train pour aller de culoz a rang-du-fliers - verton - berck,TRIP,Culoz,Rang-du-Fliers - Verton - Berck,
S003431,De Lapeyrouse a La Grave d'Ambarès,TRIP,Lapeyrouse,La Grave d'Ambarès,
S007004,albert est mon cousin,NOT_TRIP,,,
S009389,Un biglietto per Marsiglia,NOT_FRENCH,,,
S003763,un train de aigueperse a le treport - mers-les-bains,TRIP,Aigueperse,Le Tréport - Mers-les-Bains,
S001949,Je vludrais prendire un train de Menars a Grande-Synthe,TRIP,Menars,Grande-Synthe,
S000828,Je pars de Mareil-sur-Mauldre et je vais a Achiet-le-Grand,TRIP,Mareil-sur-Mauldre,Achiet-le-Grand,
S004909,"Bonjour, je voudrais aller de Gardanne a Plouaret Trégor",TRIP,Gardanne,Plouaret Trégor,
S008483,Arriver,NOT_TRIP,,,
S009243,Ein Zug nach Marseille bitte,NOT_FRENCH,,,
S002811,Pourriez-vous me trouver un train de Le Burg a Ollioules - Sanary-sur-Mer,TRIP,Le Burg,Ollioules - Sanary-sur-Mer,
S000286,azerailles vers le quesnoy,TRIP,Azerailles,Le Quesnoy,
S004659,"S'il vous plait, un trajet de Grande-Synthe a Le Plessis-Belleville",TRIP,Grande-Synthe,Le Plessis-Belleville,
S005958,Aller de Bénesse-Maremne a Le Theil - La Rouge avec un arret a Ham,TRIP,Bénesse-Maremne,Le Theil - La Rouge,Ham
S002590,"S'il vous plait, un trajet de Wambaix a Ay",TRIP,Wambaix,Ay,
S005443,depuis bruyères jusqu'a garancières - la queue,TRIP,Bruyères,Garancières - La Queue,
S008496,C'est trop cher,NOT_TRIP,,,
S006656,Je veux passer par Bouthéon pour aller de Brioude a Sainte-Colombe Septveilles,TRIP,Brioude,Sainte-Colombe Septveilles,Bouthéon
S001017,je me rends a thouars depuis aubazines - saint-hilaire,TRIP,Aubazines - Saint-Hilaire,Thouars,
S005419,Depary de Fontenoy-sur-Meoselle arrivee a La Guefche-sur-l'Aubois,TRIP,Fontenoy-sur-Moselle,La Guerche-sur-l'Aubois,
S004719,Comment aller de Saint-Césaire a Ria-Sirach,TRIP,Saint-Césaire,Ria-Sirach,
S008180,Je n'aime pas voyager,NOT_TRIP,,,
S005288,Voyager de Baume-les-Dames vers Fretin,TRIP,Baume-les-Dames,Fretin,
S002298,Les Saules - Frontenex,TRIP,Les Saules,Frontenex,
S002163,Depart Saillans arrivee Choisy-le-Roi,TRIP,Saillans,Choisy-le-Roi,
S009464,Can you help me,NOT_FRENCH,,,
S005713,Je veux me rendre a Nuits sous Ravières en partant de Jeumont,TRIP,Jeumont,Nuits sous Ravières,
S004605,Billet Menars Vivoin - Beaumont,TRIP,Menars,Vivoin - Beaumont,
S006864,"je pars de don - sainghin, je passe par la wantzenau et j'arrive a pont-de-l'arche",TRIP,Don - Sainghin,Pont-de-l'Arche,La Wantzenau
S008664,Train from Paris to Bordeaux please,NOT_FRENCH,,,
S005991,Train de Montreuil-sur-Therain a Lille Porte de Douai passant par Montelimar,TRIP,Montreuil-sur-Thérain,Lille Porte de Douai,Montélimar
S006271,"je pars de tassin, je passe par savonnieres et j'arrive a le bruel",TRIP,Tassin,Le Bruel,Savonnières
S002667,Demain je pars de Colombes pour Caules,TRIP,Colombes,Caulnes,
S004935,De Lyon Perrache jusqu'a Les Eyzies-de-Tayac-Sireuil,TRIP,Lyon Perrache,Les Eyzies-de-Tayac-Sireuil,
S006003,de thiers a hautmont via saint-julien-du-sault,TRIP,Thiers,Hautmont,Saint-Julien-du-Sault
S005202,Je pars de Le Vert de Maisons et je vais a Baraqueville Carcenac Peyralès,TRIP,Le Vert de Maisons,Baraqueville Carcenac Peyralès,
S009608,ab,UNKNOWN,,,
S008164,j'ai rencontre marseille hier,NOT_TRIP,,,
S007200,c'est quoi ce service,NOT_TRIP,,,
S004037,Marmande vers Dannemarie,TRIP,Marmande,Dannemarie,
S007745,voyage,NOT_TRIP,,,
S000773,Depart Évry-Courcouronnes arrivee Voutré,TRIP,Évry-Courcouronnes,Voutré,
S005338,Chaumont-en-Vexin Saint-Quentin en Yvelines - Montigny-le-Bretonneux,TRIP,Chaumont-en-Vexin,Saint-Quentin en Yvelines - Montigny-le-Bretonneux,
S005530,Pourriez-vous me trouver un train de Saint-Louis La Chaussée a Ivry-sur-Seine,TRIP,Saint-Louis La Chaussée,Ivry-sur-Seine,
S009909,aaaaaaaa,UNKNOWN,,,
S002515,Un train de Lardy a Capvern pour demain,TRIP,Lardy,Capvern,
S003372,partir de angerville vers eymoutiers vassivière,TRIP,Angerville,Eymoutiers Vassivière,
S009928,@#$%,UNKNOWN,,,
S003553,Depart de Clermont de l'Oise arrivee a Luant,TRIP,Clermont de l'Oise,Luant,
S000256,"S'il vous plait, un trajet de Mont-Nprrz-Dame a Herblay",TRIP,Mont-Notre-Dame,Herblay,
S001417,je dois aller de elbeuf - saint-aubin a groslay,TRIP,Elbeuf - Saint-Aubin,Groslay,
S004501,Y a-t-il un train de Mauzé-sur-le-Mignon a Villedieu-les-Poêles ?,TRIP,Mauzé-sur-le-Mignon,Villedieu-les-Poêles,
S009356,Wie komme ich nach Bordeaux,NOT_FRENCH,,,
S006805,De L'Isthme a Chemille-en-Anjou via Marignier,TRIP,L'Isthme,Chemillé-en-Anjou,Marignier
S001435,saint-gilles lycée haut-rhin clerval,TRIP,Saint-Gilles Lycée Haut-Rhin,Clerval,
S005298,je voudrais aller de plouaret trégor a labège innopole,TRIP,Plouaret Trégor,Labège Innopole,
S006260,La Baule-Escoublac puis Druye puis Chauny,TRIP,La Baule-Escoublac,Chauny,Druye
S003868,je vais a parsac - gouzon depuis épluches,TRIP,Épluches,Parsac - Gouzon,
S002983,billet saint-chély-d'apcher neuvy-pailloux,TRIP,Saint-Chély-d'Apcher,Neuvy-Pailloux,
S006892,"Je ars d Szint-Brieuc, je passe par Bouccoiran-et-Nozièreus et j'arrivee a Saint-Cyr-en-Val La Source",TRIP,Saint-Brieuc,Saint-Cyr-en-Val La Source,Boucoiran-et-Nozières
S002720,Les Portes de Saint-Cyr direction Gournay - Ferrières,TRIP,Les Portes de Saint-Cyr,Gournay - Ferrières,
S009734,aaaaaaaa,UNKNOWN,,,
S001014,Je voudrais me rendre a Anvin depuis Steinbourg,TRIP,Steinbourg,Anvin,
S005635,C skr je vais de Port Boulet a Cicht - Levaloois,TRIP,Port Boulet,Clichy - Levallois,
S007302,Bonsoir,NOT_TRIP,,,
S003054,Marssac-sur-Tarn direction Nanterre La Folie,TRIP,Marssac-sur-Tarn,Nanterre La Folie,
S002443,Voyager de Romaneche-Thorins vers Saint-Savinien,TRIP,Romanèche-Thorins,Saint-Savinien,
S004734,billet blangy-sur-ternoise saint-christophe-vallon,TRIP,Blangy-sur-Ternoise,Saint-Christophe-Vallon,
S003093,Je pars de Beillant et je vais a Lezennes,TRIP,Beillant,Lezennes,
S004644,De Civrieux-d'Azergues jusqu'a Joncet,TRIP,Civrieux-d'Azergues,Joncet,
S005109,J'aimerais un billet de Jaux a Donges,TRIP,Jaux,Donges,
S007922,Je m'appelle Paris,NOT_TRIP,,,
S003760,Je pars de Sainte-Gauburge pour aller a Saint-Raphael Valescure,TRIP,Sainte-Gauburge,Saint-Raphaël Valescure,
S000557,Voyage de Baule a Bussac-Forêt,TRIP,Baule,Bussac-Forêt,
S000958,De Colmar Saint-Joseph jusqu'a Montbizot,TRIP,Colmar Saint-Joseph,Montbizot,
S008429,il fait beau aujourd'hui,NOT_TRIP,,,
S007402,genial,NOT_TRIP,,,
S002142,Je voudrais me rendre a Isbergues depuis Gardanne,TRIP,Gardanne,Isbergues,
S005600,je souhaite aller de crépy-en-valois a corbeil-essonnes,TRIP,Crépy-en-Valois,Corbeil-Essonnes,
S006825,Villeparisis - Mitry-le-Neuf Boussy-Saint-Antoine via Vitrolles Aéroport Marseille Provence,TRIP,Villeparisis - Mitry-le-Neuf,Boussy-Saint-Antoine,Vitrolles Aéroport Marseille Provence
S009408,Wie komme ich nach Bordeaux,NOT_FRENCH,,,
S001318,voyage de podensac a saint-ouen,TRIP,Podensac,Saint-Ouen,
S000470,Saint-Vincent le Château - Faulquemont,TRIP,Saint-Vincent le Château,Faulquemont,
S009782,blablabla,UNKNOWN,,,
S006420,je voudrais aller de saint-étienne carnot a colombier-fontaine en passant par bayonne,TRIP,Saint-Étienne Carnot,Colombier-Fontaine,Bayonne
S000114,"Bonjour, je voudrais aller de Le Quesnoy a Port-Brillet",TRIP,Le Quesnoy,Port-Brillet,
S007882,D'accord,NOT_TRIP,,,
S005638,vougeot - gilly-les-citeaux puis la jarrie,TRIP,Vougeot - Gilly-lès-Cîteaux,La Jarrie,
S003946,depuis la trinité victor jusqu'a cherbourg-en-cotentin,TRIP,La Trinité Victor,Cherbourg-en-Cotentin,
S007136,Je m'appelle Paris,NOT_TRIP,,,
S004618,De Lyon Part Dieu a Brignoud,TRIP,Lyon Part Dieu,Brignoud,
S009251,How do I get to Marseille,NOT_FRENCH,,,
S002337,de garches - marnes-la-coquette jusqu'a bitschwiller-lès-thann,TRIP,Garches - Marnes-la-Coquette,Bitschwiller-lès-Thann,
S001257,je vais a lavaur depuis le coudray-montceaux,TRIP,Le Coudray-Montceaux,Lavaur,
S009198,How do I get to Marseille,NOT_FRENCH,,,
S001314,je veux prendre le train de le creusot - montceau-les-mines - montchanin tgv a aubergenville elisabethville,TRIP,Le Creusot - Montceau-les-Mines - Montchanin TGV,Aubergenville Élisabethville,
S007897,Salut,NOT_TRIP,,,
S009410,I want aller a Paris,NOT_FRENCH,,,
S009387,Wie komme ich nach Bordeaux,NOT_FRENCH,,,
S001292,Direction Longuerue - Vieux-Manoir au depart de Champ de Mars Tour Eiffel,TRIP,Champ de Mars Tour Eiffel,Longuerue - Vieux-Manoir,
S005043,Pourriez-vous me trouver un train de Aix-en-Provence a Saint-Germain-au-Mont-d'Or,TRIP,Aix-en-Provence,Saint-Germain-au-Mont-d'Or,
S002360,Je vais a Marienthal depuis Vierzy,TRIP,Vierzy,Marienthal,
S005453,Y a-t-il un train de Cloyes-sur-le-Loir a Saint-Amour,TRIP,Cloyes-sur-le-Loir,Saint-Amour,
S006014,De Prisse-la-Charriere vers Dommartin - Lissieu avec correspondance a Faremoutiers - Pommeuse,TRIP,Prissé-la-Charrière,Dommartin - Lissieu,Faremoutiers - Pommeuse
S001577,"S'il vous plait, un trajet de Issou - Porcheville a Condé-sur-Huisne",TRIP,Issou - Porcheville,Condé-sur-Huisne,
S004274,De Haguenau a Forbach,TRIP,Haguenau,Forbach,
S000959,direction picon busserine au depart de rue,TRIP,Rue,Picon Busserine,
S003314,Billet Plougonver Vimy,TRIP,Plougonver,Vimy,
S002240,je veux me rendre a champ de mars tour eiffel en partant de montfort-le-gesnois,TRIP,Montfort-le-Gesnois,Champ de Mars Tour Eiffel,
S008004,Nancy est ma soeur,NOT_TRIP,,,
S002623,Me rendre de Assier a Lesparre-Médoc,TRIP,Assier,Lesparre-Médoc,
S000023,prandre le trin de Pompey a La Tricherie,TRIP,Pompey,La Tricherie,
S002640,Je veux me rendre a Aéroport Charles de Gaulle 2 TGV en partant de Gerzat,TRIP,Gerzat,Aéroport Charles de Gaulle 2 TGV,
S000818,Pourriez-vous me trouver un train de Bretigny - Norges a Saint-Pierre-sur-Dives,TRIP,Bretigny - Norges,Saint-Pierre-sur-Dives,
S000049,De Pont-à-Mousson jusqu'a Louveciennes,TRIP,Pont-à-Mousson,Louveciennes,
S009634,aaaaaaaa,UNKNOWN,,,
S000840,Depuis Versigny jusqu'a Uckange,TRIP,Versigny,Uckange,
S007034,Partir,NOT_TRIP,,,
S006175,Train de Saint-Médard-d'Eyrans a Valleiry passant par Escalquens,TRIP,Saint-Médard-d'Eyrans,Valleiry,Escalquens
S004934,Krimmeri Meinau - Le Plessis-Belleville,TRIP,Krimmeri Meinau,Le Plessis-Belleville,
S003365,Depuis Les Praz de Chamonix jusqu'a Montrichard,TRIP,Les Praz de Chamonix,Montrichard,
S002376,Je veux prendr le tran de Montigny-sur-Loing a Reuilly,TRIP,Montigny-sur-Loing,Reuilly,
S003538,Y a-t-i un train de Langres a Fourmies ?,TRIP,Langres,Fourmies,
S003808,je me rends a alençon depuis saint-victor-l'abbaye,TRIP,Saint-Victor-l'Abbaye,Alençon,
S006688,Neussargues puis Thuès Carença puis Brignais,TRIP,Neussargues,Brignais,Thuès Carença
S009976,blablabla,UNKNOWN,,,
S005125,Est-ce qu'il y a un train de Bords a Ollioules - Sanary-sur-Mer,TRIP,Bords,Ollioules - Sanary-sur-Mer,
S008894,Un biglietto per Marsiglia,NOT_FRENCH,,,
S009904,qwerty,UNKNOWN,,,
S008314,Mon ami Lyon va bien,NOT_TRIP,,,
S007496,bonjour,NOT_TRIP,,,
S001177,demain je pars de bellenaves pour peyrilhac - saint-jouvent,TRIP,Bellenaves,Peyrilhac - Saint-Jouvent,
S001717,Comment aller de Blanzy a Viaduc Sainte-Marie,TRIP,Blanzy,Viaduc Sainte-Marie,
S004953,Je dois aller de Neuilly-St-Front a Marvejols demain,TRIP,Neuilly-St-Front,Marvejols,
S008883,Ich mochte von Paris nach Lyon fahren,NOT_FRENCH,,,
S008737,Ein Zug nach Marseille bitte,NOT_FRENCH,,,
S001028,Est-ce qu'il y a un train de Razac-sur-l'Isle a Alai,TRIP,Razac-sur-l'Isle,Alaï,
S003990,demain je pars de port-sainte-marie pour la ferté-milon,TRIP,Port-Sainte-Marie,La Ferté-Milon,
S000816,un billet de montreuil a morcenx,TRIP,Montreuil,Morcenx,
S001448,quel train de cheilly-lès-maranges a dordives ?,TRIP,Cheilly-lès-Maranges,Dordives,
S006523,Montpon-Ménestérol puis Imphy puis Corbeil-Essonnes,TRIP,Montpon-Ménestérol,Corbeil-Essonnes,Imphy
S001492,Partir de Paris Austerlitz pour Saint-Quentin,TRIP,Paris Austerlitz,Saint-Quentin,
S003936,partir de dommartin - remiencourt vers la chaize-le-vicomte,TRIP,Dommartin - Remiencourt,La Chaize-le-Vicomte,
S004737,me rendre de sarreinsming a niort,TRIP,Sarreinsming,Niort,
S008660,Book a ticket for me,NOT_FRENCH,,,
S000647,Je voudrais alle de Septèmes-les-Vallons a Bannalec,TRIP,Septèmes-les-Vallons,Bannalec,
S001942,Je dois aller de Deville a Mennetou-sur-Cher demain,TRIP,Deville,Mennetou-sur-Cher,
S000665,"Bonjour, je voudrais aller de Vayrac a Bedous",TRIP,Vayrac,Bedous,
S005526,Je voudrais me rendre a Fegersheim - Lipsheim depuis Saint-Vallier sur Rhône,TRIP,Saint-Vallier sur Rhône,Fegersheim - Lipsheim,
S009149,Train from Paris to Bordeaux please,NOT_FRENCH,,,
S002042,je veux aller de nice a fépin,TRIP,Nice,Fépin,
S003678,Ce soir je vais de Voivres-lès-le-Mans a La Ricamarie,TRIP,Voivres-lès-le-Mans,La Ricamarie,
S006120,De Saint-Michel Notre-Dame a Issy-les-Moulineaux via Willer-sur-Thur,TRIP,Saint-Michel Notre-Dame,Issy-les-Moulineaux,Willer-sur-Thur
S000464,Aller de Morvillars a Saint-Rome-de-Cernon,TRIP,Morvillars,Saint-Rome-de-Cernon,
S003108,j'aimerais aller de sedan a lexos,TRIP,Sedan,Lexos,
S007802,Demain,NOT_TRIP,,,
S001927,Je veux me rendre a Champigny sjr Yonne en patant de Cravant - Bazarnes,TRIP,Cravant - Bazarnes,Champigny sur Yonne,
S005074,Comment aller de Marseille Blancarde a Brassac-les-Mines - Sainte-Florine,TRIP,Marseille Blancarde,Brassac-les-Mines - Sainte-Florine,
S000971,un billet de pont-d'ain a saint-etienne-de-montluc,TRIP,Pont-d'Ain,Saint-Étienne-de-Montluc,
S008668,Quiero ir de Paris a Lyon,NOT_FRENCH,,,
S002012,Train de Brignac a La Coquille,TRIP,Brignac,La Coquille,
S000081,Partir de Castelnau-d'Estrétefonds pour Saint-Pierre-la-Cour,TRIP,Castelnau-d'Estrétefonds,Saint-Pierre-la-Cour,
S001296,Je me rends a Bussiere-Galant depuis Marne-la-Vallee Chessy,TRIP,Marne-la-Vallée Chessy,Bussière-Galant,
S002211,Je pars de Saint-Aubin - Saint-Luperce et je vais a Ablon-sur-Seine,TRIP,Saint-Aubin - Saint-Luperce,Ablon-sur-Seine,
S002673,Je dois aller de Longpre-les-Corps-Saints a Port-Sainte-Marie,TRIP,Longpré-les-Corps-Saints,Port-Sainte-Marie,
S003704,Ludon-Médoc direction Servas - Lent,TRIP,Ludon-Médoc,Servas - Lent,
S000630,Un billet de Courcelles-sur-Nied a Aubigny-en-Artois,TRIP,Courcelles-sur-Nied,Aubigny-en-Artois,
S006020,De Haute Picareie TGV vers Pins-Juqtaret avec cofrespondance a Rouillé,TRIP,Haute Picardie TGV,Pins-Justaret,Rouillé
S008988,Un billete de tren por favor,NOT_FRENCH,,,
S003086,J'aimerais un billet de L'Aiguille a Estressin,TRIP,L'Aiguille,Estressin,
S008624,Como llego a Marsella,NOT_FRENCH,,,
S001614,Partir de Saint-Aigulin - La Roche-Chalais pour Saint-Jean-de-Luz - Ciboure,TRIP,Saint-Aigulin - La Roche-Chalais,Saint-Jean-de-Luz - Ciboure,
S003658,Un billet de Achiet-le-Grand a Reaumont - Saint-Cassien,TRIP,Achiet-le-Grand,Réaumont - Saint-Cassien,
S001152,Y a-t-il un train de Liancourt - Rantigny a Murat,TRIP,Liancourt - Rantigny,Murat,
S001825,Quem train pour sller de Coursan a Msizaca-et-Grand-Castiang,TRIP,Coursan,Mauzac-et-Grand-Castang,
S007160,je m'appelle paris,NOT_TRIP,,,
S005742,Je voudrais aller de Longueil-Annel a La Trinité Victor,TRIP,Longueil-Annel,La Trinité Victor,
S006482,Cosne-Cours-sur-Loire Audrieu via Nouan-le-Fuzelier,TRIP,Cosne-Cours-sur-Loire,Audrieu,Nouan-le-Fuzelier
S002630,De Phalempin a Chamborigaud,TRIP,Phalempin,Chamborigaud,
S004149,Voyauger de Véretz - Montlouis vers Pontchâtteau,TRIP,Véretz - Montlouis,Pontchâteau,
S003171,Pont-de-Buis Puget-Ville,TRIP,Pont-de-Buis,Puget-Ville,
S001957,Je voudrais prendre un train de La Penne-sur-Huveaune a Fontaines - Mercurey,TRIP,La Penne-sur-Huveaune,Fontaines - Mercurey,
S000278,Je voudrais me rendre a Lucé depuis Haute Picardie TGV,TRIP,Haute Picardie TGV,Lucé,
S000182,Train de Jonzac a Épunay-sur-Seine T11,TRIP,Jonzac,Épinay-sur-Seine T11,
S004026,De Valmondois a Massy - alaiseau,TRIP,Valmondois,Massy - Palaiseau,
S008947,I want to go from Paris to Lyon,NOT_FRENCH,,,
S004641,je voudrais aller de berthelming a callac,TRIP,Berthelming,Callac,
S008623,What is the best route,NOT_FRENCH,,,
S002082,un train de courcay - tauxigny a lavaufranche,TRIP,Courcay - Tauxigny,Lavaufranche,
S008960,Ein Zug nach Marseille bitte,NOT_FRENCH,,,
S009129,Ein Zug nach Marseille bitte,NOT_FRENCH,,,
S004688,un train de obernai a oudon pour demain,TRIP,Obernai,Oudon,
S002815,Pourriez-vous me trouver un train de Chamousset a Revin,TRIP,Chamousset,Revin,
S007721,super,NOT_TRIP,,,
S000321,Je voudrais prendre un train de Dardilly Le Jubin a Saint-Léger-sur-Dheune,TRIP,Dardilly Le Jubin,Saint-Léger-sur-Dheune,
S008050,Qu'est-ce que tu peux faire,NOT_TRIP,,,
S003628,Ce soir je vais de Laguépie a Verneuil-l'Étang,TRIP,Laguépie,Verneuil-l'Étang,
S000883,Autun Saint-Dié-des-Vosges,TRIP,Autun,Saint-Dié-des-Vosges,
S008609,Un billete de tren por favor,NOT_FRENCH,,,
S002632,Limersheim vers Orly Ville,TRIP,Limersheim,Orly Ville,
S009042,Vorrei andare da Parigi a Lione,NOT_FRENCH,,,
S007717,Bonjour,NOT_TRIP,,,
S001021,Prendre le train de Saulon a Steenbecque,TRIP,Saulon,Steenbecque,
S004595,Aubiet - Champ de Mars Tour Eiffel,TRIP,Aubiet,Champ de Mars Tour Eiffel,
S004770,Voyager de Wingen-sur-Moder vers Belvezet,TRIP,Wingen-sur-Moder,Belvezet,
S002173,Je veux me rendre a Marolles-en-Hurepoix en partant de Épluches,TRIP,Épluches,Marolles-en-Hurepoix,
S008581,Un billete de tren por favor,NOT_FRENCH,,,
S005820,Je veux me rendre a Villeneuve-la-Comtesse en partant de Vielmur-sur-Agout,TRIP,Vielmur-sur-Agout,Villeneuve-la-Comtesse,
S002895,Me rendre de Nanterre La Folie a Laragne-Monteglin,TRIP,Nanterre La Folie,Laragne-Montéglin,
S001546,Y a-t-il un train de Lentilly a Hyères ?,TRIP,Lentilly,Hyères,
S009072,Je want to go Lyon,NOT_FRENCH,,,
S000394,Un billet de Drancy a Reignac-sur-Indre,TRIP,Drancy,Reignac-sur-Indre,
S009217,Ich mochte von Paris nach Lyon fahren,NOT_FRENCH,,,
S000427,Partir de Rosa Parks pour Chenevières,TRIP,Rosa Parks,Chenevières,
S007953,Un train,NOT_TRIP,,,
S009557,...,UNKNOWN,,,
S006891,"Je pars de Aubusson, je passe par Courcay - Tauxigny et j'arrive a Viaduc Sainte-Marie",TRIP,Aubusson,Viaduc Sainte-Marie,Courcay - Tauxigny
S005083,Saint-Victor - Thizy vers Pont-Melvez,TRIP,Saint-Victor - Thizy,Pont-Melvez,
S008463,C'est quoi ce service,NOT_TRIP,,,
S002343,je pars de mézidon-canon pour aller a molsheim,TRIP,Mézidon-Canon,Molsheim,
S003638,Partir de Frouard vers Saint-Ouen-l'Aumône,TRIP,Frouard,Saint-Ouen-l'Aumône,
S002035,Me rendre de Longwy a Strazeele,TRIP,Longwy,Strazeele,
S004762,depart de la hume arrivee a marssac-sur-tarn,TRIP,La Hume,Marssac-sur-Tarn,
S000684,Direction Miribel au depart de Pezou,TRIP,Pezou,Miribel,
S005644,Je voudrais prendre un train de La Rivière de Mansac a Gauriaguet,TRIP,La Rivière de Mansac,Gauriaguet,
S005069,saint-julien - clenay - saint-sebastien frene rond,TRIP,Saint-Julien - Clénay,Saint-Sébastien Frêne Rond,
S001996,Y a-t-il un train de Baule a Boussy-Saint-Antoine ?,TRIP,Baule,Boussy-Saint-Antoine,
S008486,Aide moi,NOT_TRIP,,,
S003317,Je veux me rendre a Vic-le-Comte en partant de Lannion,TRIP,Lannion,Vic-le-Comte,
S003680,Etival-Clairefontaine Lesparre-Medoc,TRIP,Étival-Clairefontaine,Lesparre-Médoc,
S003441,Quel train de Le Creusot a Cysoing ?,TRIP,Le Creusot,Cysoing,
S005472,Je veux prendre le train de La Crau a Serquigny,TRIP,La Crau,Serquigny,
S002979,Je dois aller de Grande-Synthe a Saint-Georges-de-Reneins,TRIP,Grande-Synthe,Saint-Georges-de-Reneins,
S003618,je voudrais aller de liancourt-saint-pierre a port-de-bouc,TRIP,Liancourt-Saint-Pierre,Port-de-Bouc,
S004418,j'aimerais un billet de gannes a vermenton,TRIP,Gannes,Vermenton,
S003304,je voyage de mamirolle a auray,TRIP,Mamirolle,Auray,
S009585,test test test,UNKNOWN,,,
S000706,Quel train pour aller de Maubeuge a Chartrettes,TRIP,Maubeuge,Chartrettes,
S007499,Super,NOT_TRIP,,,
S006922,"je pars de guignicourt, je passe par leucate la franqui et j'arrive a bédarrides",TRIP,Guignicourt,Bédarrides,Leucate La Franqui
S008690,How do I get to Marseille,NOT_FRENCH,,,
S007542,bonjour,NOT_TRIP,,,
S001678,Je voudrais me rendre a Babinière depuis Melun,TRIP,Melun,Babinière,
S000824,direction petit-croix au depart de bourbourg,TRIP,Bourbourg,Petit-Croix,
S003551,Billet CCormeilles-en-Parosus Sainnt-Pierre-la-Cour,TRIP,Cormeilles-en-Parisis,Saint-Pierre-la-Cour,
S003167,Voyager de Tourville-la-Rivière vers Saint-Jean-Pied-de-Port,TRIP,Tourville-la-Rivière,Saint-Jean-Pied-de-Port,
S002955,Je voyage ce Ambronay - Priay a Gaillon - Aubevoyeu,TRIP,Ambronay - Priay,Gaillon - Aubevoye,
S007127,Partir,NOT_TRIP,,,
S005901,je me rends a joinville depuis formerie,TRIP,Formerie,Joinville,
S002545,Je vais de Pont-du-Casse a Landrecies,TRIP,Pont-du-Casse,Landrecies,
S000718,ce soir je vais de nanteuil-le-haudouin a pont petit,TRIP,Nanteuil-le-Haudouin,Pont Petit,
S002977,Me rendre de Pont-de-Buis a L'Isle-Jourdain,TRIP,Pont-de-Buis,L'Isle-Jourdain,
S002325,Billet Bigny Bergues,TRIP,Bigny,Bergues,
S008620,I want aller a Paris,NOT_FRENCH,,,
S008025,nice de te rencontrer,NOT_TRIP,,,
S001412,Je veux me rendre a Lourches en partant de Bailleul,TRIP,Bailleul,Lourches,
S004229,Je dois aller de Garchizy a Villeneuve Triage demain,TRIP,Garchizy,Villeneuve Triage,
S007442,Demain,NOT_TRIP,,,
S001275,prendre le train de frévin-capelle a les ardoines,TRIP,Frévin-Capelle,Les Ardoines,
S001960,y a-t-il un train de saint-jodard a garchizy ?,TRIP,Saint-Jodard,Garchizy,
S005812,Estt-cee qu'il y a un train de Oudon a BBoënu-sur-Lgnon,TRIP,Oudon,Boën-sur-Lignon,
S006992,Je veux passer par Salon-de-Provence pour aller de Provenchères-sur-Fave a Penhoët,TRIP,Provenchères-sur-Fave,Penhoët,Salon-de-Provence
S001930,le dorat - cergy le haut,TRIP,Le Dorat,Cergy le Haut,
S001396,partir de loivre vers villers-cotterêts,TRIP,Loivre,Villers-Cotterêts,
S001335,Quel train de Taverny a Arleux ?,TRIP,Taverny,Arleux,
S004608,Je voyage de La Ferté-Imbault a Feuquières - Broquiers,TRIP,La Ferté-Imbault,Feuquières - Broquiers,
S002473,Je veux prendre le train de Chaponval a Rosa Parks,TRIP,Chaponval,Rosa Parks,
S008244,Qu'est-ce que tu peux faire,NOT_TRIP,,,
S002856,voyage de la grande-paroisse a vendenheim,TRIP,La Grande-Paroisse,Vendenheim,
S001057,Depuis Pont de la Deule jusqu'a Lauterbourg,TRIP,Pont de la Deûle,Lauterbourg,
S007782,Aide moi,NOT_TRIP,,,
S003833,Prendre le train de Colombier-Fontaine a Courville-sur-Eure,TRIP,Colombier-Fontaine,Courville-sur-Eure,
S006089,De Saint-Urieix-la-Perche vefs Mangeac avec correspoondance a Istres,TRIP,Saint-Yrieix-la-Perche,Langeac,Istres
S008570,I would like a train ticket,NOT_FRENCH,,,
S009613,@#$%,UNKNOWN,,,
S003320,un billet de caudry a ranspach,TRIP,Caudry,Ranspach,
S004680,Je voudrais prendre un train de Esquelbecq a Villefranche-du-Périgord,TRIP,Esquelbecq,Villefranche-du-Périgord,
S001954,Comment allez de Duttlenheim a L'Aiguille,TRIP,Duttlenheim,L'Aiguille,
S009520,lorem ipsum,UNKNOWN,,,
S009241,Train from Paris to Bordeaux please,NOT_FRENCH,,,
S001807,Saint-Aubin - Saint-Luperce puis Hellemmes,TRIP,Saint-Aubin - Saint-Luperce,Hellemmes,
S008502,What is the best route,NOT_FRENCH,,,
S003683,Voyager de Magenta vers Wimille - Wimereux,TRIP,Magenta,Wimille - Wimereux,
S006630,De Ebblinghem a Monnerville en passant par Molsheim,TRIP,Ebblinghem,Monnerville,Molsheim
S005555,je voyage de tours a vitry-sur-seine,TRIP,Tours,Vitry-sur-Seine,
S008455,Partir,NOT_TRIP,,,
S008523,What is the best route,NOT_FRENCH,,,
S008825,Book a ticket for me,NOT_FRENCH,,,
S003082,comment aller de nézel - aulnay a anzeling ?,TRIP,Nézel - Aulnay,Anzeling,
S006472,Je voudrais aller de Soissons a Dammartin - Juilly - Saint-Mard en passant par Mesves - Bulcy,TRIP,Soissons,Dammartin - Juilly - Saint-Mard,Mesves - Bulcy
S002861,Un billet de Cramoisy a Taverny,TRIP,Cramoisy,Taverny,
S005353,Je voudrais me rendre a Rives depuis Le Verdon-sur-Mer,TRIP,Le Verdon-sur-Mer,Rives,
S007845,J'aime les trains,NOT_TRIP,,,
S004600,prendre le train de bons-en-chablais a saint-claude,TRIP,Bons-en-Chablais,Saint-Claude,
S005748,Direction Ballan-Mire au depart de Figeac,TRIP,Figeac,Ballan-Miré,
S007833,partir,NOT_TRIP,,,
S009580,123456,UNKNOWN,,,
S006940,De Lutzelbourg a Limoges Bénédictins via La Taye,TRIP,Lutzelbourg,Limoges Bénédictins,La Taye
S006092,Aller de Vonnas a Granville vec un aeret a Vrigne-Meuxe,TRIP,Vonnas,Granville,Vrigne-Meuse
S003378,Je souhaite aller de Motteville a Carpentras,TRIP,Motteville,Carpentras,
S006483,Amler de Bzillargues a Lunel avzc un arret a Rarébbersvilker,TRIP,Baillargues,Lunel,Farébersviller
S002000,Je veux me rendre a La Fère en partant de Avignon TGV,TRIP,Avignon TGV,La Fère,
S006039,"Je mars de Luc, je oasse par Roilly-la-Puthenauye et j'arrivd a Corseul - Manguenan",TRIP,Luc,Corseul - Languenan,Romilly-la-Puthenaye
S002078,Y a-ta-il un train de Guéret s Saaint-Émilion,TRIP,Guéret,Saint-Émilion,
S002040,Bollwiller Saint-Césaire,TRIP,Bollwiller,Saint-Césaire,
S000158,Je voyage de Evry Val de Seine a Boisseaux,TRIP,Évry Val de Seine,Boisseaux,
S004740,Je veux prendre le train de Villers-Saint-Paul a Tours,TRIP,Villers-Saint-Paul,Tours,
S008413,Merci,NOT_TRIP,,,
S002933,est-ce qu'il y a un train de crouy-sur-ourcq a saint-pierre-en-faucigny,TRIP,Crouy-sur-Ourcq,Saint-Pierre-en-Faucigny,
S004164,Un billet de Fouquereuil a Varennes-sur-Fouzon,TRIP,Fouquereuil,Varennes-sur-Fouzon,
S001585,Je veux aller de Erdre Active a La Bastide - Saint-Laurent-les-Bains,TRIP,Erdre Active,La Bastide - Saint-Laurent-les-Bains,
S004962,j'aimerais un billet de pont-d'ain a ecommoy,TRIP,Pont-d'Ain,Écommoy,
S009070,Can you help me,NOT_FRENCH,,,
S006723,De Pins-Justaret a Boves en passant par Montreuil-sur-Thérain,TRIP,Pins-Justaret,Boves,Montreuil-sur-Thérain
S002089,agde - ancenis,TRIP,Agde,Ancenis,
S005405,"bonjour, je voudrais aller de laifour a balsièges",TRIP,Laifour,Balsièges,
S009572,,UNKNOWN,,,
S000093,de viviers-du-lac jusqu'a margaux,TRIP,Viviers-du-Lac,Margaux,
S006913,De Porte de Clichy a Hargicourt - Pierrepont en passant par Grand Bourg,TRIP,Porte de Clichy,Hargicourt - Pierrepont,Grand Bourg
S009851,   ,UNKNOWN,,,
S008465,Qu'est-ce que tu peux faire,NOT_TRIP,,,
S000275,Partir de Bons-en-Chablais vers Reignac-sur-Indre,TRIP,Bons-en-Chablais,Reignac-sur-Indre,
S001388,Partir de Bourgtheroulde - Thuit-Hebert pour Brimeux,TRIP,Bourgtheroulde - Thuit-Hébert,Brimeux,
S007548,Hello,NOT_TRIP,,,
S000423,un train de l'isle-sur-le-doubs a cheilly-lès-maranges pour demain,TRIP,L'Isle-sur-le-Doubs,Cheilly-lès-Maranges,
S004205,Ce soir je vais de Aubrives a Walbach,TRIP,Aubrives,Walbach,
S003232,"bonjour, je voudrais aller de landerneau a ygos-saint-saturnin",TRIP,Landerneau,Ygos-Saint-Saturnin,
S006619,De Bonnemain a Le Bosquet via Lamothe-Landerron,TRIP,Bonnemain,Le Bosquet,Lamothe-Landerron
S006976,"Je pars de Rieux - Angicourt, je passe par Raedersheim et j'arrive a Thionville",TRIP,Rieux - Angicourt,Thionville,Raedersheim
S003369,Me rendre de Liverdun a Viry-Noureuil,TRIP,Liverdun,Viry-Noureuil,
S007013,C'est quoi ce service,NOT_TRIP,,,
S008536,How do I get to Marseille,NOT_FRENCH,,,
S008799,Book a ticket for me,NOT_FRENCH,,,
S000264,est-ce qu'il y a un train de callac a chantenay-saint-imbert,TRIP,Callac,Chantenay-Saint-Imbert,
S001202,Je pars de Bagnols - Chadenet et je vais a Bretoncelles,TRIP,Bagnols - Chadenet,Bretoncelles,
S008911,Como llego a Marsella,NOT_FRENCH,,,
S006715,De Aiguebelette-le-Lac a Ecole-Valentin via Chamonix Aiguille du Midi,TRIP,Aiguebelette-le-Lac,École-Valentin,Chamonix Aiguille du Midi
S003033,Un train de Hesdin a Lunel-Viel,TRIP,Hesdin,Lunel-Viel,
S008410,J'ai rencontre Marseille hier,NOT_TRIP,,,
S002301,Ce soir je vais de Mantes-la-Jolie a Rivarennes,TRIP,Mantes-la-Jolie,Rivarennes,
S005554,Me rendre de Jouy a Torpes - Boussières,TRIP,Jouy,Torpes - Boussières,
S001069,Leucatee La Frannqui puix Francheeville,TRIP,Leucate La Franqui,Francheville,
S005126,"S'il vous plait, un trajet de Marseille-en-Beauvaisis a Dreuil-lès-Amiens",TRIP,Marseille-en-Beauvaisis,Dreuil-lès-Amiens,
S003434,Pourriez-vous me trouver un train de La Chapelle Aulnay a Parsac - Gouzon,TRIP,La Chapelle Aulnay,Parsac - Gouzon,
S003811,Comment aller de Halsou - Larressore a Ambazac,TRIP,Halsou - Larressore,Ambazac,
S007716,Salut,NOT_TRIP,,,
S008469,Je voudrais,NOT_TRIP,,,
S006620,Aller de Dardilly Le Jubin a Loison-sous-Lens avec un arret a Bessay-sur-Allier,TRIP,Dardilly Le Jubin,Loison-sous-Lens,Bessay-sur-Allier
S001669,Château-Gaillard - Gironde-sur-Dropt,TRIP,Château-Gaillard,Gironde-sur-Dropt,
S000471,Pourriez-vous me trouver un train de Rosières-aux-Salines a Morvillars,TRIP,Rosières-aux-Salines,Morvillars,
S003300,quel train pour aller de la borne blanche a lardy,TRIP,La Borne Blanche,Lardy,
S001944,Je voiage de Morières-lès-Avignon a Allée de la Tour Rendez-Vous,TRIP,Morières-lès-Avignon,Allée de la Tour Rendez-Vous,
S000562,Un train de Cintegabelle a Dammartin - Juilly - Saint-Mard pour demain,TRIP,Cintegabelle,Dammartin - Juilly - Saint-Mard,
S001653,Comment aller de Blangy-sur-Ternoise a Monistrol-d'Allier,TRIP,Blangy-sur-Ternoise,Monistrol-d'Allier,
S002067,Aller de Saint-Laurent - Gainneville a Longueil-Annel,TRIP,Saint-Laurent - Gainneville,Longueil-Annel,
S000801,De Lafarge a Portet Saint-Simon,TRIP,Lafarge,Portet Saint-Simon,
S003627,Un billet de Saint-Jory a Villefranche-de-Lauragais,TRIP,Saint-Jory,Villefranche-de-Lauragais,
S008069,Demain,NOT_TRIP,,,
S004519,Je voudrais aller de Saint-Georges-de-Reneins a Pamproux,TRIP,Saint-Georges-de-Reneins,Pamproux,
S004097,Betton Véretz - Montlouis,TRIP,Betton,Véretz - Montlouis,
S007937,Merci,NOT_TRIP,,,
S007491,Merci,NOT_TRIP,,,
S007121,Nancy est ma soeur,NOT_TRIP,,,
S000821,Vielmur-sur-Agout direction Mouchard,TRIP,Vielmur-sur-Agout,Mouchard,
S004882,Je eux aoler de La Mothe-Achard a BBlrnel - ele-Église,TRIP,La Mothe-Achard,Bornel - Belle-Église,
S008168,Genial,NOT_TRIP,,,
S005222,aller de anse halte a cires-les-mello,TRIP,Anse Halte,Cires-lès-Mello,
S009477,How do I get to Marseille,NOT_FRENCH,,,
S002113,Depart de Breuillet - Bruyeres-le-Chatel arrivee a Broye,TRIP,Breuillet - Bruyères-le-Châtel,Broye,
S007915,aide moi,NOT_TRIP,,,
S000180,Je vais a Colomiers Lycée International depuis Périgueux,TRIP,Périgueux,Colomiers Lycée International,
S008049,Help,NOT_TRIP,,,
S005414,Comment aller de Saint-Mars-la-Brière a Fréjus,TRIP,Saint-Mars-la-Brière,Fréjus,
S002424,De Luc a Ondres,TRIP,Luc,Ondres,
S003986,ce soir je vais de caen a la baule les pins,TRIP,Caen,La Baule Les Pins,
S000494,Je dois aller de Fons - Saint-Mamert a Colombes,TRIP,Fons - Saint-Mamert,Colombes,
S007424,qu'est-ce que tu peux faire,NOT_TRIP,,,
S004671,y a-t-il un train de les abrets - fitilieu a ollioules - sanary-sur-mer ?,TRIP,Les Abrets - Fitilieu,Ollioules - Sanary-sur-Mer,
S006396,"Je pars de Neussargues, je passe par Haluchere Batignolles et j'arrive a Ogeu-les-Bains",TRIP,Neussargues,Ogeu-les-Bains,Haluchère Batignolles
S009337,I need to travel tomorrow,NOT_FRENCH,,,
S007380,C'est quoi ce service,NOT_TRIP,,,
S007299,Demain,NOT_TRIP,,,
S005495,"Bonjour, je voudrais aller de Us a Colmar Mesanges",TRIP,Us,Colmar Mésanges,
S007405,La SNCF c'est pas mal,NOT_TRIP,,,
S002591,Billet Marmagne sous Creusot Vénissieux,TRIP,Marmagne sous Creusot,Vénissieux,
S003617,Je veux aller de Mont de Terre a Champagné,TRIP,Mont de Terre,Champagné,
S009958,123456,UNKNOWN,,,
S001747,Y a-t-il un train de Die a Sainte-Anne,TRIP,Die,Sainte-Anne,
S003094,je voyage de frontignan a loos lez lille,TRIP,Frontignan,Loos lez Lille,
S009718,a,UNKNOWN,,,
S003003,un billet de lieusaint - moissy a nœux-les-mines,TRIP,Lieusaint - Moissy,Nœux-les-Mines,
S005539,train de denain a aytré plage,TRIP,Denain,Aytré Plage,
S006299,Aller de Aubrives a Paulhaguet avec un arret a La Baule-Escoublac,TRIP,Aubrives,Paulhaguet,La Baule-Escoublac
S001764,J'aimerais un billet de Poissy a Avenue Foch,TRIP,Poissy,Avenue Foch,
S006412,Je veux passer par Damiatte - Saint-Paul pour allez de Noisy-le-Roi a Gravelines,TRIP,Noisy-le-Roi,Gravelines,Damiatte - Saint-Paul
S001332,de dieppe a la crau,TRIP,Dieppe,La Crau,
S008104,mon ami lyon va bien,NOT_TRIP,,,
S007780,J'ai rencontre Marseille hier,NOT_TRIP,,,
S007153,mon ami lyon va bien,NOT_TRIP,,,
S007355,Nancy est ma soeur,NOT_TRIP,,,
S006411,Aller de Cérons a Villenave-d'Ornon avec un arret a Saint-Julien-en-Genevois,TRIP,Cérons,Villenave-d'Ornon,Saint-Julien-en-Genevois
S007616,Bonsoir,NOT_TRIP,,,
S009424,Un biglietto per Marsiglia,NOT_FRENCH,,,
S002271,je vais de gardonne a saint-louis,TRIP,Gardonne,Saint-Louis,
S001060,Je souhaite aller de Naintre a Ceyzeriat,TRIP,Naintré,Ceyzériat,
S007538,Tu fais quoi,NOT_TRIP,,,
S003152,Depuis Saint-Geniès-de-Malgoirès jusqu'a Pommevic,TRIP,Saint-Geniès-de-Malgoirès,Pommevic,
S008186,mon ami lyon va bien,NOT_TRIP,,,
S007429,c'est quoi ce service,NOT_TRIP,,,
S002019,Partir de Miniiac-Morva vers Bidaarray Pont Noblia,TRIP,Miniac-Morvan,Bidarray Pont Noblia,
S005735,je vais de l'estaque a bourgtheroulde - thuit-hebert,TRIP,L'Estaque,Bourgtheroulde - Thuit-Hébert,
S009289,I want to go from Paris to Lyon,NOT_FRENCH,,,
S001895,De Nanteuil - Saâcy jusqu'a Gagny,TRIP,Nanteuil - Saâcy,Gagny,
S009380,Can you help me,NOT_FRENCH,,,
S007889,Je n'aime pas voyager,NOT_TRIP,,,
S008958,Wie komme ich nach Bordeaux,NOT_FRENCH,,,
S008986,Ein Zug nach Marseille bitte,NOT_FRENCH,,,
S008892,Book a ticket for me,NOT_FRENCH,,,
S008100,help,NOT_TRIP,,,
S004675,J'aimerais un billet de Péreire - Levallois a Le Genest-Saint-Isle,TRIP,Péreire - Levallois,Le Genest-Saint-Isle,
S007599,Nancy est ma soeur,NOT_TRIP,,,
S001630,Y a-t-il un trin de Revin a Saint-Seurin-sur-l'Isle,TRIP,Revin,Saint-Seurin-sur-l'Isle,
S002064,pourriez-vous me trouver un train de saint-andré-lez-lille a châteaubriant,TRIP,Saint-André-lez-Lille,Châteaubriant,
S006300,De Saint-Ouen-l'Aumône a Agay en passant par Chessy,TRIP,Saint-Ouen-l'Aumône,Agay,Chessy
S009152,I want to go from Paris to Lyon,NOT_FRENCH,,,
S009713,aaaaaaaa,UNKNOWN,,,
S004522,Jae voudrais prendre un trrain de Saint-Quentin en Yvelines - Montigny-le-Bretonneux a Fontenay-lr-Fleury,TRIP,Saint-Quentin en Yvelines - Montigny-le-Bretonneux,Fontenay-le-Fleury,
S008170,Tu fais quoi,NOT_TRIP,,,
S003655,de morbier jusqu'a saint-priest,TRIP,Morbier,Saint-Priest,
S004792,partir de les vallees vers pont de briques,TRIP,Les Vallées,Pont de Briques,
S008419,la sncf c'est pas mal,NOT_TRIP,,,
S000621,voyage de meyrargues a ribécourt-dreslincourt,TRIP,Meyrargues,Ribécourt-Dreslincourt,
S006791,Train de Namps - Quevauvillers a Villaines-sous-Bois passant par La Penne-sur-Huveaune,TRIP,Namps - Quevauvillers,Villaines-sous-Bois,La Penne-sur-Huveaune
S003702,Un train de Bidos a Die pour demain,TRIP,Bidos,Die,
S007849,les trains sont souvent en retard,NOT_TRIP,,,
S002954,Comment aller de Bourg-Saint-Maurice a Vendôme - Villiers-sur-Loir TGV,TRIP,Bourg-Saint-Maurice,Vendôme - Villiers-sur-Loir TGV,
S005579,depart noyal - acigne arrivee beuvry les bethune,TRIP,Noyal - Acigné,Beuvry lès Béthune,
S005236,Depart Obernai arrivee Moyeuvre-Grande,TRIP,Obernai,Moyeuvre-Grande,
S004965,Pontorson - Mont-Saint-Michel - Froncles Buxieres,TRIP,Pontorson - Mont-Saint-Michel,Froncles Buxières,
S001327,Je vais a Thenon depuis Gundershoffen,TRIP,Gundershoffen,Thenon,
S004299,j'aimerais un billet de rodez a pont de dore,TRIP,Rodez,Pont de Dore,
S006276,Je voudrais aller de Miribel a Veynes Dévoluy en passant par Corseul - Languenan,TRIP,Miribel,Veynes Dévoluy,Corseul - Languenan
S002420,train de nouvion-sur-meuse a bornel - belle-eglise,TRIP,Nouvion-sur-Meuse,Bornel - Belle-Église,
S000948,Je souhaite aller de Avignon Centre a Rue,TRIP,Avignon Centre,Rue,
S002520,Je veux prendre le train de Bertry a Avrechy,TRIP,Bertry,Avrechy,
S002752,comment aller de saint-pierre-d'aurillac a lons-le-saunier,TRIP,Saint-Pierre-d'Aurillac,Lons-le-Saunier,
S000014,J'aimerais aller de Saint-Pierre-d'Albigny a Hangest-sur-Somme,TRIP,Saint-Pierre-d'Albigny,Hangest-sur-Somme,
S008395,Super,NOT_TRIP,,,
S008822,Vorrei andare da Parigi a Lione,NOT_FRENCH,,,
S004172,Je veux aller de Les Praz de Chamonix a Sainte-Bazeille,TRIP,Les Praz de Chamonix,Sainte-Bazeille,
S003818,comment aller de auvers-sur-oise a morbier ?,TRIP,Auvers-sur-Oise,Morbier,
S003780,quel train pour aller de montescourt-lizerolles a benfeld,TRIP,Montescourt-Lizerolles,Benfeld,
S005976,De Montlaur vers Saint-Amarin avec correspondance a Belleville sur Saone,TRIP,Montlaur,Saint-Amarin,Belleville sur Sâone
S003717,quel train de mont-sur-meurthe a saint-pierre-le-moûtier ?,TRIP,Mont-sur-Meurthe,Saint-Pierre-le-Moûtier,
S004064,Coknznt aloer ee Mignalouxx - Nouaiellé a Paimpol,TRIP,Mignaloux - Nouaillé,Paimpol,
S003696,De Avord jusqu'a Beslé,TRIP,Avord,Beslé,
S003091,Quel train pour aller de Avrechy a Marquillies,TRIP,Avrechy,Marquillies,
S001571,Y a-t-il un train de Saujon a Sainte-Colombe Septveilles ?,TRIP,Saujon,Sainte-Colombe Septveilles,
S005365,je pars de mulhouse musées et je vais a la rivière de mansac,TRIP,Mulhouse Musées,La Rivière de Mansac,
S004807,Y a-t-il un train de Entzheim Aéroport a Saint-Pierre-la-Cour ?,TRIP,Entzheim Aéroport,Saint-Pierre-la-Cour,
S009048,Je want to go Lyon,NOT_FRENCH,,,
S009338,Un biglietto per Marsiglia,NOT_FRENCH,,,
S003914,Depart de Laigneville arrivee a Bourgneuf-en-Retz,TRIP,Laigneville,Bourgneuf-en-Retz,
S001344,Un train de Itxassou a Dangé-Saint-Romain,TRIP,Itxassou,Dangé-Saint-Romain,
S007775,Comment ca marche,NOT_TRIP,,,
S006699,Courcelles-sur-Nied puis Muret puis Thézy-Glimont,TRIP,Courcelles-sur-Nied,Thézy-Glimont,Muret
S006989,De Laon a Lentilly en passant par Mulhouse Dornach,TRIP,Laon,Lentilly,Mulhouse Dornach
S005493,Je voudrais prendre un train de Chenonceaux a Le Coteau,TRIP,Chenonceaux,Le Coteau,
S005040,comment aller de leval a les vallées ?,TRIP,Leval,Les Vallées,
S006264,je veux passer par sainte-bazeille pour aller de peltre a laneuveville-devant-nancy,TRIP,Peltre,Laneuveville-devant-Nancy,Sainte-Bazeille
S006827,Les Bossons Kruth via Marseille Saint-Charles,TRIP,Les Bossons,Kruth,Marseille Saint-Charles
S008538,I would like a train ticket,NOT_FRENCH,,,
S007895,D'accord,NOT_TRIP,,,
S009581,@#$%,UNKNOWN,,,
S007216,Albert est mon cousin,NOT_TRIP,,,
S007812,Je veux aller,NOT_TRIP,,,
S005972,Ttain de Hombourg-Haut q Trouville - Deauville passant par Bouvines,TRIP,Hombourg-Haut,Trouville - Deauville,Bouvines
S004304,Me rendre de Les Aubrais a Crest,TRIP,Les Aubrais,Crest,
S004713,je vais a frasne depuis les essarts-le-roi,TRIP,Les Essarts-le-Roi,Frasne,
S003358,Je veux prendre le train de La Joux a Pérenchies,TRIP,La Joux,Pérenchies,
S007427,tu fais quoi,NOT_TRIP,,,
S007401,aujourd'hui,NOT_TRIP,,,
S001062,Je viudrais aller de Rosny Bois Perrier a Périgueux,TRIP,Rosny Bois Perrier,Périgueux,
S002883,Saint-Gaufens puis Brimeux,TRIP,Saint-Gaudens,Brimeux,
S003488,"s'il vous plait, un trajet de maurecourt a cauderan merignac",TRIP,Maurecourt,Caudéran Mérignac,
S000195,Saint-Chamas Liancourt-Saint-Pierre,TRIP,Saint-Chamas,Liancourt-Saint-Pierre,
S008024,Aide moi,NOT_TRIP,,,
S002638,billet sarre-union houdan,TRIP,Sarre-Union,Houdan,
S006785,De Lothiers vers Boissy-l'Aillerie avec correspondance a La Frayere,TRIP,Lothiers,Boissy-l'Aillerie,La Frayère
S006648,"je pars de vitry-en-artois, je passe par trégonneau - squiffiec et j'arrive a le mans",TRIP,Vitry-en-Artois,Le Mans,Trégonneau - Squiffiec
S003096,de l'hermitage - mordelles jusqu'a le theil-de-bretagne,TRIP,L'Hermitage - Mordelles,Le Theil-de-Bretagne,
S001468,Est-ce qu'il y a un train de Erstein a Issé,TRIP,Erstein,Issé,
S001258,Je vais a Senoozan depuis Vendôme - Villierud-sur-Loir TGV,TRIP,Vendôme - Villiers-sur-Loir TGV,Senozan,
S000347,Voyager de Aubigny-au-Bac vers Châtel-Censoir,TRIP,Aubigny-au-Bac,Châtel-Censoir,
S008681,I need to travel tomorrow,NOT_FRENCH,,,
S009808,,UNKNOWN,,,
S004832,Je mr rends a Pontrieux Halte depuis Gallieni Cancéropôle,TRIP,Gallieni Cancéropôle,Pontrieux Halte,
S006307,je voudrais aller de sarreguemines a boën-sur-lignon en passant par bologne,TRIP,Sarreguemines,Boën-sur-Lignon,Bologne
S007764,salut,NOT_TRIP,,,
S003260,y a-t-il un train de port-brillet a issoudun ?,TRIP,Port-Brillet,Issoudun,
S006527,aller de boussens a saint-cyprien arenes avec un arret a perpignan,TRIP,Boussens,Saint-Cyprien Arènes,Perpignan
S005944,Prendre le train de Montérolier - Buchy q Rounntzenheim,TRIP,Montérolier - Buchy,Rountzenheim,
S001732,Me rendre de Nogent-sur-Seine a Bretigny - Norges,TRIP,Nogent-sur-Seine,Bretigny - Norges,
S001236,Je voudrais aller de Les Vallées a Sain-Bel,TRIP,Les Vallées,Sain-Bel,
S005295,voyager de le toec vers morgny-la-pommeraye,TRIP,Le Toec,Morgny-la-Pommeraye,
S004276,Je veux prendre le train de Jaunay-Clan a Deuil - Montmagny,TRIP,Jaunay-Clan,Deuil - Montmagny,
S006284,Aller de Denain a Saint-Saviol avec un arret a Épinay-sur-Seine T11,TRIP,Denain,Saint-Saviol,Épinay-sur-Seine T11
S004349,raedersheim puis hirson,TRIP,Raedersheim,Hirson,
S009076,How do I get to Marseille,NOT_FRENCH,,,
S009647,qwerty,UNKNOWN,,,
S001090,Je voudrais prendre un train de Denain a Boulogne Tintelleries,TRIP,Denain,Boulogne Tintelleries,
S005585,Comment aller de Sainte-Foy-la-Grande a La Suze-sur-Sarthe,TRIP,Sainte-Foy-la-Grande,La Suze-sur-Sarthe,
S008803,Vorrei andare da Parigi a Lione,NOT_FRENCH,,,
S007211,nice de te rencontrer,NOT_TRIP,,,
S004858,Y a-t-il un train de Saint-Beron - La Bridoire a Le Chambon-Feugerolles ?,TRIP,Saint-Béron - La Bridoire,Le Chambon-Feugerolles,
S008945,Quiero ir de Paris a Lyon,NOT_FRENCH,,,
S005753,Je voudrais aller de Montlaur a Châtelaillon-Plage,TRIP,Montlaur,Châtelaillon-Plage,
S008984,Un biglietto per Marsiglia,NOT_FRENCH,,,
S001631,Je voudrais prendre un train de Chambly a Goncelin,TRIP,Chambly,Goncelin,
S007069,Je m'appelle Paris,NOT_TRIP,,,
S009044,I want to go from Paris to Lyon,NOT_FRENCH,,,
S009124,Je want to go Lyon,NOT_FRENCH,,,
S006054,de angerville a boussy-saint-antoine via vayrac,TRIP,Angerville,Boussy-Saint-Antoine,Vayrac
S005100,Direction Qarcealles - Sqint-Brice au depart de Vulaines-sur-Seind - Samoreau,TRIP,Vulaines-sur-Seine - Samoreau,Sarcelles - Saint-Brice,
S006439,Aller de Tergnier a Nanterre La Folie avec un arret a Morières-lès-Avignon,TRIP,Tergnier,Nanterre La Folie,Morières-lès-Avignon
S006581,Je veux passer par Lachaud Curmilhac pour aller de Gazeran a Farébersviller,TRIP,Gazeran,Farébersviller,Lachaud Curmilhac
S007039,Ok,NOT_TRIP,,,
S008818,I need to travel tomorrow,NOT_FRENCH,,,
S001584,je me rends a busigny depuis javel,TRIP,Javel,Busigny,
S009623,aaaaaaaa,UNKNOWN,,,
S003542,je vais a cercottes depuis pont de lignon,TRIP,Pont de Lignon,Cercottes,
S008068,Hey,NOT_TRIP,,,
S009438,I would like a train ticket,NOT_FRENCH,,,
S003153,Je veux aller de Maisse a Portet Saint-Simon,TRIP,Maisse,Portet Saint-Simon,
S005831,Direction Saint-Leu-la-Forêt au depart de Aiserey,TRIP,Aiserey,Saint-Leu-la-Forêt,
S006368,De Saint-Vincent le Château vers Étival-Clairefontaine avec correspondance a Lusignan,TRIP,Saint-Vincent le Château,Étival-Clairefontaine,Lusignan
S002474,Y a-t-il un train de Sarlat-la-Canéda a Chenevières,TRIP,Sarlat-la-Canéda,Chenevières,
S006518,je veux passer par lurbe-saint-christau pour aller de anchamps a dourdan la foret,TRIP,Anchamps,Dourdan La Forêt,Lurbe-Saint-Christau
S003519,De Onzain - Chaumont-sur-Loire a Marmagne,TRIP,Onzain - Chaumont-sur-Loire,Marmagne,
S007176,Nancy est ma soeur,NOT_TRIP,,,
S005429,Je me rends a Arnage depuis Le Tréport - Mers-les-Bains,TRIP,Le Tréport - Mers-les-Bains,Arnage,
S004158,Un billet de Luxe a Fouquereuil,TRIP,Luxé,Fouquereuil,
S004750,Un train de Saubusse a Escaudœuvres pour demain,TRIP,Saubusse,Escaudœuvres,
S006165,trin de Le Vieux Briollay a Montélimar passant par Saint-Sulpice - Auteuil,TRIP,Le Vieux Briollay,Montélimar,Saint-Sulpice - Auteuil
S003869,De Raedersheim a Vincelles,TRIP,Raedersheim,Vincelles,
S005512,Pont-à-Vendin Joigny,TRIP,Pont-à-Vendin,Joigny,
S003799,Voyager de petnon vers Beslé,TRIP,Épernon,Beslé,
S009146,Book a ticket for me,NOT_FRENCH,,,
S009816,!!!,UNKNOWN,,,
S002874,châteaubourg vers chamarande,TRIP,Châteaubourg,Chamarande,
S008386,Super,NOT_TRIP,,,
S000977,Quel train pour aller de Tours a Nogent - Le Perreux,TRIP,Tours,Nogent - Le Perreux,
S000466,lamonzie-saint-martin puis lille flandres,TRIP,Lamonzie-Saint-Martin,Lille Flandres,
S001902,Je vais de Conteexéville a La Chaize-le-VVicomte,TRIP,Contrexéville,La Chaize-le-Vicomte,
S004576,direction l'isle-d'abeau au depart de savigny-sur-orge,TRIP,Savigny-sur-Orge,L'Isle-d'Abeau,
S008509,Un biglietto per Marsiglia,NOT_FRENCH,,,
S004344,Pouriez-vous me trouuvet un train de Mpntigny-en-strevent a Monteuil-Beloay,TRIP,Montigny-en-Ostrevent,Montreuil-Bellay,
S009497,Quiero ir de Paris a Lyon,NOT_FRENCH,,,
S004095,Je pars de Beaumont-le-Roger pour aller a Royat - Chamalieres,TRIP,Beaumont-le-Roger,Royat - Chamalières,
S002944,je dois aller de dives-sur-mer - cabourg a liancourt-saint-pierre,TRIP,Dives-sur-Mer - Cabourg,Liancourt-Saint-Pierre,
S001408,j'aimerais un billet de saint-cyprien a bougival,TRIP,Saint-Cyprien,Bougival,
S003645,Un train de Civrieux-d'Azergues a Munster pour demain,TRIP,Civrieux-d'Azergues,Munster,
S003781,Comment aller de Pihen-lès-Guînes a Sainte-Bazeille,TRIP,Pihen-lès-Guînes,Sainte-Bazeille,
S002018,Voyage de Montérolier - Buchy a Montchanin,TRIP,Montérolier - Buchy,Montchanin,
S002122,Train de Saint-Louis La Chaussée a Le Grand-Lemps,TRIP,Saint-Louis La Chaussée,Le Grand-Lemps,
S003689,Ce soir je vais de Mareil-Marly a Le Creusot,TRIP,Mareil-Marly,Le Creusot,
S005685,"Bonjour, je voudrais aler de Asnières-sur-Seine a Nice Pont Michel",TRIP,Asnières-sur-Seine,Nice Pont Michel,
S007052,Nice de te rencontrer,NOT_TRIP,,,
S005741,Billet Auxerre Saint-Gervais Châtel-Censoir,TRIP,Auxerre Saint-Gervais,Châtel-Censoir,
S006001,Ham puis Coutras puis Montluel,TRIP,Ham,Montluel,Coutras
S001813,de pauillac jusqu'a lunery,TRIP,Pauillac,Lunery,
S004325,Direction Beauvoisin au depart de Sainte-Lizaigne,TRIP,Sainte-Lizaigne,Beauvoisin,
S006443,Neuilly - Porte Maillot La Trinnitté Victor via Boissy-l'Aillerie,TRIP,Neuilly - Porte Maillot,La Trinité Victor,Boissy-l'Aillerie
S007892,C'est quoi ce service,NOT_TRIP,,,
S001464,De Rungis La Fraternelle jusqu'a Jaunay-Clan,TRIP,Rungis La Fraternelle,Jaunay-Clan,
S002453,je pars de la roche-maurice et je vais a dorlisheim,TRIP,La Roche-Maurice,Dorlisheim,
S004668,quel train de laon a longjumeau ?,TRIP,Laon,Longjumeau,
S000763,Prendre le train de Le Vernet d'Ariège a Maizières-lès-Metz,TRIP,Le Vernet d'Ariège,Maizières-lès-Metz,
S007057,tu fais quoi,NOT_TRIP,,,
S001316,"S'il vous pllait, un trajet de Réaumont - Saint-Cassien a Vénissieux",TRIP,Réaumont - Saint-Cassien,Vénissieux,
S000344,j'aimerais un billet de picquigny a vernouillet - verneuil,TRIP,Picquigny,Vernouillet - Verneuil,
S000459,Un train de Schwindratzheim a Breuil - Romain,TRIP,Schwindratzheim,Breuil - Romain,
S006163,Je veux oasser par Lalknde pour aller de Corbiz a Pontrieux,TRIP,Corbie,Pontrieux,Lalinde
S005904,j'aimerais aller de orgerus - behoust a damblain,TRIP,Orgerus - Béhoust,Damblain,
S004142,Je voudrais prendre un train de La Penne-sur-Huveaune a La Courneuve - Aubervilliers,TRIP,La Penne-sur-Huveaune,La Courneuve - Aubervilliers,
S005510,Je voudrais me rendre a Lentilly depuis Avignon TGV,TRIP,Avignon TGV,Lentilly,
S006929,Je veux passer par Conches-en-Ouche pour aller de Pont de Lignon a Cluses,TRIP,Pont de Lignon,Cluses,Conches-en-Ouche
S003732,je dois aller de alleyras a bedous demain,TRIP,Alleyras,Bedous,
S000475,Je vais a Bagnols-sur-Cèze depuis Hendaye,TRIP,Hendaye,Bagnols-sur-Cèze,
S004288,Je veux prendre le train de Bruyères a Versailles Château Rive Gauche,TRIP,Bruyères,Versailles Château Rive Gauche,
S000217,"S'il vous plait, un trajet de Boulogne-sur-Mer a Versailles Rive Droite",TRIP,Boulogne-sur-Mer,Versailles Rive Droite,
S009586,@#$%,UNKNOWN,,,
S001237,Je vais de Hoffen a Coutras,TRIP,Hoffen,Coutras,
S002434,quel train de gourland a la clayette - baudemont ?,TRIP,Gourland,La Clayette - Baudemont,
S002864,Comment aller de Bourgneuf-en-Retz a Lacapelle-Viescamp ?,TRIP,Bourgneuf-en-Retz,Lacapelle-Viescamp,
S000635,Lentilly direction Callac,TRIP,Lentilly,Callac,
S008931,Un billete de tren por favor,NOT_FRENCH,,,
S002097,Armentières direction Les Laumes Alésia,TRIP,Armentières,Les Laumes Alésia,
S001596,Partir de Bellevue vers Picon Busserine,TRIP,Bellevue,Picon Busserine,
S006612,De Nice Saint-Augustin a Sarrance en passant par Walbach,TRIP,Nice Saint-Augustin,Sarrance,Walbach
S001369,Jee voudrais ller de Verneuil-l'Étang a Bazancout,TRIP,Verneuil-l'Étang,Bazancourt,
S002171,"S'il vous plait, un trajet de Saint-Georges-d'Aurac a Tiercé",TRIP,Saint-Georges-d'Aurac,Tiercé,
S007602,Troyes est un prenom original,NOT_TRIP,,,
S009962,a,UNKNOWN,,,
S003176,Depuis Nanterre Université jusqu'a Veigné,TRIP,Nanterre Université,Veigné,
S007708,D'accprd,NOT_TRIP,,,
S006173,"Je pars de La Frayère, je passe par Coat Guégan et j'arrive a Épône - Mézières",TRIP,La Frayère,Épône - Mézières,Coat Guégan
S003139,Aller de Dirinon a Meymac,TRIP,Dirinon,Meymac,
S006528,Champgne-sur-Seine Raismes via Brélidy - Plouëc,TRIP,Champagne-sur-Seine,Raismes,Brélidy - Plouëc
S007077,arriver,NOT_TRIP,,,
S006865,Mailly-la-Ville puis Belvès puis Chambourg-sur-Inde,TRIP,Mailly-la-Ville,Chambourg-sur-Indre,Belvès
S007240,je n'aime pas voyager,NOT_TRIP,,,
S003348,je vais a saint-maurice-de-beynost depuis vanves - malakoff,TRIP,Vanves - Malakoff,Saint-Maurice-de-Beynost,
S007273,Partir,NOT_TRIP,,,
S002449,de durtol - nohanent jusqu'a biarritz,TRIP,Durtol - Nohanent,Biarritz,
S009896,lorem ipsum,UNKNOWN,,,
S000987,Je pars de Étain pour aller a Boulogne-sur-Mer,TRIP,Étain,Boulogne-sur-Mer,
S004284,train de maisons-alfort - alfortville a fontaine-le-port,TRIP,Maisons-Alfort - Alfortville,Fontaine-le-Port,
S003209,Y a-t-il un train de Cuers - Pierrefeu a Onzain - Chaumont-sur-Loire,TRIP,Cuers - Pierrefeu,Onzain - Chaumont-sur-Loire,
S005213,le creusot - montceau-les-mines - montchanin tgv puis grésy-sur-aix,TRIP,Le Creusot - Montceau-les-Mines - Montchanin TGV,Grésy-sur-Aix,
S007073,bonsoir,NOT_TRIP,,,
S008074,qu'est-ce que tu peux faire,NOT_TRIP,,,
S004397,Je veux aller de L'Etang les Sablons a Rombzs - Clouane,TRIP,L'Etang les Sablons,Rombas - Clouange,
S002665,Je dois aller de Montbarrey a Gorges,TRIP,Montbarrey,Gorges,
S004679,depuis vitry-sur-seine jusqu'a chateau-l'eveque,TRIP,Vitry-sur-Seine,Château-l'Évêque,
S009064,Train from Paris to Bordeaux please,NOT_FRENCH,,,
S000516,y a-t-il un train de maintenon a crouy-sur-ourcq ?,TRIP,Maintenon,Crouy-sur-Ourcq,
S000191,Quel train de Montreuil-sur-Ille a Beslé ?,TRIP,Montreuil-sur-Ille,Beslé,
S006261,Guillerval puis Rosny-sous-Bois puis Oudon,TRIP,Guillerval,Oudon,Rosny-sous-Bois
S008136,Albert est mon cousin,NOT_TRIP,,,
S001718,Y a-t-il un train de Landevant a Farschviller ?,TRIP,Landévant,Farschviller,
S001640,Me rendre de Uchaud a Les Praaz de Chhamonix,TRIP,Uchaud,Les Praz de Chamonix,
S007283,Bonjiur,NOT_TRIP,,,
S005184,j'aimerais un billet de voiron a chaville - vélizy,TRIP,Voiron,Chaville - Vélizy,
S006095,"je pars de rumilly, je passe par aime - la plagne et j'arrive a belvezet",TRIP,Rumilly,Belvezet,Aime - La Plagne
S002822,Je pars de Barsac pour aller a Villers-Saint-Sepulcre,TRIP,Barsac,Villers-Saint-Sépulcre,
S003352,je me rends a pont du garigliano - hopital europeen georges pompidou depuis triel-sur-seine,TRIP,Triel-sur-Seine,Pont du Garigliano - Hôpital Européen Georges Pompidou,
S006444,"Je pars de Sévérac, je passe par Anchamps et j'arrive a Montpaon",TRIP,Sévérac,Montpaon,Anchamps
S003124,Mussidan vers Vidauban,TRIP,Mussidan,Vidauban,
S001733,un billet de liancourt - rantigny a aurec-sur-loire,TRIP,Liancourt - Rantigny,Aurec-sur-Loire,
S007685,Coucou,NOT_TRIP,,,
S003402,depart cahors arrivee la bernerie-en-retz,TRIP,Cahors,La Bernerie-en-Retz,
S003664,Me rendre de Le Buet a Bouray,TRIP,Le Buet,Bouray,
S009744,asdfghjkl,UNKNOWN,,,
S005320,je souhaite aller de yerres a méroux,TRIP,Yerres,Méroux,
S006097,Aller de Rezé Pont Rousseau a Chambly avec un arret a Le Mée-sur-Seine,TRIP,Rezé Pont Rousseau,Chambly,Le Mée-sur-Seine
S006021,de la taye a guignicourt via selles-sur-cher,TRIP,La Taye,Guignicourt,Selles-sur-Cher
S009335,Un biglietto per Marsiglia,NOT_FRENCH,,,
S007576,la sncf c'est pas mal,NOT_TRIP,,,
S003950,Y a-t-il un tran de La Crèche a Montmorillon,TRIP,La Crèche,Montmorillon,
S006491,"je pars de toulouse matabiau, je passe par hatrize et j'arrive a la plaine stade de france - saint-denis - aubervilliers",TRIP,Toulouse Matabiau,La Plaine Stade de France - Saint-Denis - Aubervilliers,Hatrize
S003610,Ce soir je vais dr Oly Ville a inay,TRIP,Orly Ville,Vinay,
S009598,aaaaaaaa,UNKNOWN,,,
S005263,Je veux me rendre a Uchaud en partant de Balagny Saint-Épin,TRIP,Balagny Saint-Épin,Uchaud,
S001515,Je vaoudrais me rendre a Maurecourt depuis Lorraine TGV,TRIP,Lorraine TGV,Maurecourt,
S007742,J'ai rencontre Marseille hier,NOT_TRIP,,,
S003952,Y a-t-il un train de Cattenieres a Thann Saint-Jacques,TRIP,Cattenières,Thann Saint-Jacques,
S005272,voyage de ludres a saint-michel notre-dame,TRIP,Ludres,Saint-Michel Notre-Dame,
S000607,Pourriez-vous me trouver un train de Pointe de Grave a Collonges-les-Premieres,TRIP,Pointe de Grave,Collonges-lès-Premières,
S003398,Y a-t-il un train de Nanteuil - Saâcy a Redon,TRIP,Nanteuil - Saâcy,Redon,
S002273,Pierrefitte - Stains puis Tergnier,TRIP,Pierrefitte - Stains,Tergnier,
S002981,Y a-t-il un train de Les Vallees a Bressuire,TRIP,Les Vallées,Bressuire,
S000892,je dois aller de montmorillon a geispolsheim,TRIP,Montmorillon,Geispolsheim,
S004663,La Rochelle Porte Dauphine - Avenay,TRIP,La Rochelle Porte Dauphine,Avenay,
S005561,Saint-Léonard-de-Noblat vers Elbeuf - Saint-Aubin,TRIP,Saint-Léonard-de-Noblat,Elbeuf - Saint-Aubin,
S006013,de pouzauges a bouthéon via lamotte-beuvron,TRIP,Pouzauges,Bouthéon,Lamotte-Beuvron
S000737,prendre le train de mareil-sur-mauldre a uckange,TRIP,Mareil-sur-Mauldre,Uckange,
S003569,Je vais de Chemilly - Appoigny a Servon-sur-Vilaine,TRIP,Chemilly - Appoigny,Servon-sur-Vilaine,
S006062,je veux passer par macau pour aller de lannion a yerres,TRIP,Lannion,Yerres,Macau
S002906,J'aimeris allier de Weyersheim a Arengosse,TRIP,Weyersheim,Arengosse,
S006251,Sain-Bel puis Alencon puis Villeneuve-Loubet,TRIP,Sain-Bel,Villeneuve-Loubet,Alençon
S001351,Me rendre de Miribel a Rosières-aux-Salines,TRIP,Miribel,Rosières-aux-Salines,
S004661,Je vais de Chessy a Lyon Saint-Exupery TGV,TRIP,Chessy,Lyon Saint-Exupéry TGV,
S007125,J'aime les trains,NOT_TRIP,,,
S002395,"S'il vous plait, un trajet de Gallieni Cancéropôle a Audruicq",TRIP,Gallieni Cancéropôle,Audruicq,
S001192,Je veux aler de Aigues-Mortes a Landas,TRIP,Aigues-Mortes,Landas,
S000417,un train de halsou - larressore a flez-cuzy - tannay,TRIP,Halsou - Larressore,Flez-Cuzy - Tannay,
S001004,Comment aller de Albias a Longuzville ?,TRIP,Albias,Longueville,
S006800,de pont petit a gennevilliers via beaucaire,TRIP,Pont Petit,Gennevilliers,Beaucaire
S009056,Quiero ir de Paris a Lyon,NOT_FRENCH,,,
S007250,Qu'est-ce que tu peux faire,NOT_TRIP,,,
S009189,Book a ticket for me,NOT_FRENCH,,,
S007059,demain,NOT_TRIP,,,
S007573,voyage,NOT_TRIP,,,
S001450,"bonjour, je voudrais aller de vern-sur-seiche a trouville - deauville",TRIP,Vern-sur-Seiche,Trouville - Deauville,
S001112,je veux me rendre a dommartin - lissieu en partant de nogent - le perreux,TRIP,Nogent - Le Perreux,Dommartin - Lissieu,
S004372,Est-ce qu'il y a un train de Dannes - Camiers a Basse-Ham,TRIP,Dannes - Camiers,Basse-Ham,
S000812,Je veux aller de Lourches a Walbach,TRIP,Lourches,Walbach,
S006652,Je voudrais aller de Saint-Aignan - Noyers a Les Essarts-le-Roi en passant par Le Pont-de-Beauvoisin,TRIP,Saint-Aignan - Noyers,Les Essarts-le-Roi,Le Pont-de-Beauvoisin
S006546,je veux passer par saint-flour - chaudes-aigues pour aller de les houches a nîmes pont du gard,TRIP,Les Houches,Nîmes Pont du Gard,Saint-Flour - Chaudes-Aigues
S000542,"S'il vous plait, un trajet de Les Versannes a Jonzac",TRIP,Les Versannes,Jonzac,
S005379,Je voyage de Poitiers a Dombasle-sur-Meurthe,TRIP,Poitiers,Dombasle-sur-Meurthe,
S001777,Partir de Saint-Claude pour Gauriaguet,TRIP,Saint-Claude,Gauriaguet,
S002800,je veux aller de saint-omer a maurs,TRIP,Saint-Omer,Maurs,
S009994,   ,UNKNOWN,,,
S004772,Je vais a Sens depuis Vierzon Forges,TRIP,Vierzon Forges,Sens,
S004883,Un train de Laillé a Le Creusot - Montceau-les-Mines - Montchanin TGV pour demain,TRIP,Laillé,Le Creusot - Montceau-les-Mines - Montchanin TGV,
S001250,j'aimerais aller de esbly a le grand-lemps,TRIP,Esbly,Le Grand-Lemps,
S000529,Depaart Luc arrivee Villers-Saint-Sépulcre,TRIP,Luc,Villers-Saint-Sépulcre,
S006196,Château-Arnoux-Saint-Auban Montgeron - Crosne via Écouen - Ézanville,TRIP,Château-Arnoux-Saint-Auban,Montgeron - Crosne,Écouen - Ézanville
S002124,Demain je pars de Pérenchies pour Thuès Carença,TRIP,Pérenchies,Thuès Carença,
S007184,Merci,NOT_TRIP,,,
S001086,je vais a lacelle depuis crest,TRIP,Crest,Lacelle,
S006584,monnaie puis bruges puis biache-saint-vaast,TRIP,Monnaie,Biache-Saint-Vaast,Bruges
S004918,Je pars de Armentières et je vais a Béthune,TRIP,Armentières,Béthune,
S001576,Direction Saint-Sulpice - Autruil au ddepart de Lépznges,TRIP,Lépanges,Saint-Sulpice - Auteuil,
S007452,Il fait beau aujourd'hui,NOT_TRIP,,,
S000352,Je veux prendre le train de Mont-de-Marsan a Suèvres,TRIP,Mont-de-Marsan,Suèvres,
S007785,tu fais quoi,NOT_TRIP,,,
S003172,Est-ce qu'il y a un train de Milhaud a Villers-Bretonneux,TRIP,Milhaud,Villers-Bretonneux,
S005388,Je vais de Tiercé a Terrasson-Lavilledieu,TRIP,Tiercé,Terrasson-Lavilledieu,
S004063,Aller de La Chapelle-sur-Loire a Marvejols,TRIP,La Chapelle-sur-Loire,Marvejols,
S004436,Depart Rountzenheim arrivee Saint-Victor - Thizy,TRIP,Rountzenheim,Saint-Victor - Thizy,
S009281,I would like a train ticket,NOT_FRENCH,,,
S008862,Quiero ir de Paris a Lyon,NOT_FRENCH,,,
S003461,je veux prendre le train de chelles - gournay a hesdin,TRIP,Chelles - Gournay,Hesdin,
S007980,Troyes est un prenom original,NOT_TRIP,,,
S004811,prendre le train de betton a moulins sur allier,TRIP,Betton,Moulins sur Allier,
S009697,...,UNKNOWN,,,
S007951,Les trains sont souvent en retard,NOT_TRIP,,,
S008146,Les trains sont souvent en retard,NOT_TRIP,,,
S008630,Como llego a Marsella,NOT_FRENCH,,,
S006672,Beuyèrrs-sur-Oise puis Esslnines Robinson puis Lussac-les-Cahâteeaux,TRIP,Bruyères-sur-Oise,Lussac-les-Châteaux,Essonnes Robinson
S009209,Vorrei andare da Parigi a Lione,NOT_FRENCH,,,
S007832,Super,NOT_TRIP,,,
S004113,De Persan - Beaumont jusqui'a Caoutras,TRIP,Persan - Beaumont,Coutras,
S003516,Je veux prendre le train de Meudon Val Fleury a Riedseltz,TRIP,Meudon Val Fleury,Riedseltz,
S001880,depuis brion - montréal-la-cluse jusqu'a saint-jory,TRIP,Brion - Montréal-la-Cluse,Saint-Jory,
S005913,Je pars de Saint-Pé-de-Bigorre et je vais a Geispolsheim,TRIP,Saint-Pé-de-Bigorre,Geispolsheim,
S002378,prendre le train de courtalain - saint-pellerin a pontchâteau,TRIP,Courtalain - Saint-Pellerin,Pontchâteau,
S002601,de maule a sainte-gauburge,TRIP,Maule,Sainte-Gauburge,
S004865,Quel train pour aller de Hazebrouck a Bourth,TRIP,Hazebrouck,Bourth,
S009756,blablabla,UNKNOWN,,,
S006487,De Saverdun vers Courcay - Tauxigny avec correspondance a Bram,TRIP,Saverdun,Courcay - Tauxigny,Bram
S001568,montastruc-la-conseillère vers cagnes-sur-mer,TRIP,Montastruc-la-Conseillère,Cagnes-sur-Mer,
S000098,Je voudrais prendre un train de Gros Noyer Saint-Prix a Angers Maître École,TRIP,Gros Noyer Saint-Prix,Angers Maître École,
S000481,Depuis Rivarennes jusqu'a Oudon,TRIP,Rivarennes,Oudon,
S004531,Je dois aller de Lavilletertre a La Ferté-Bernard demain,TRIP,Lavilletertre,La Ferté-Bernard,
S002041,petit jouy - les loges vers sermizelles - vézelay,TRIP,Petit Jouy - Les Loges,Sermizelles - Vézelay,
S003692,Je voudrais prendre un train de Wattignies - Templemars a Blonville-sur-Mer - Benerville,TRIP,Wattignies - Templemars,Blonville-sur-Mer - Benerville,
S009906,...,UNKNOWN,,,
S000659,je voudrais prendre un train de aiguebelette-le-lac a saint-pierre-d'albigny,TRIP,Aiguebelette-le-Lac,Saint-Pierre-d'Albigny,
S009985,,UNKNOWN,,,
S008651,Un biglietto per Marsiglia,NOT_FRENCH,,,
S009012,Como llego a Marsella,NOT_FRENCH,,,
S000284,je voyage de champagnole paul-émile victor a font-romeu-odeillo-via,TRIP,Champagnole Paul-Émile Victor,Font-Romeu-Odeillo-Via,
S007063,Comment ca marche,NOT_TRIP,,,
S001711,j'aimerais un billet de le cateau-cambresis a bohain-en-vermandois,TRIP,Le Cateau-Cambrésis,Bohain-en-Vermandois,
S002014,je dois aller de bordeaux saint-jean a moreuil,TRIP,Bordeaux Saint-Jean,Moreuil,
S000523,de parsac - gouzon a bauvin - provin,TRIP,Parsac - Gouzon,Bauvin - Provin,
S005211,Voyage de Les Quatre Roues a Issy-les-Moulineaux,TRIP,Les Quatre Roues,Issy-les-Moulineaux,
S003901,Je voudrais aller de Le Meux - La Croix-Saint-Ouen a Hargicourt - Pierrepont,TRIP,Le Meux - La Croix-Saint-Ouen,Hargicourt - Pierrepont,
S003736,Partir de Colmar Mésanbees pour Courbbevoie,TRIP,Colmar Mésanges,Courbevoie,
S004281,Ingwiller - Auneau,TRIP,Ingwiller,Auneau,
S009460,Como llego a Marsella,NOT_FRENCH,,,
S002712,"Bonjour, je voudrais aller de La Hume a Marlieux - Châtillon",TRIP,La Hume,Marlieux - Châtillon,
S006266,je veux passer par avranches pour aller de saint-michel-sur-meurthe a villeneuve-la-guyard,TRIP,Saint-Michel-sur-Meurthe,Villeneuve-la-Guyard,Avranches
S006098,Je vooudraios alle de Vias a Baraqueville Carcenc Peyralès en padsant par Cormeilles-ein-Parisis,TRIP,Vias,Baraqueville Carcenac Peyralès,Cormeilles-en-Parisis
S004267,Je veux me rendre a Saoubusse en partant de Beuvry lès Béthune,TRIP,Beuvry lès Béthune,Saubusse,
S004392,J'aimerais un billet de Égly a Kalhausen,TRIP,Égly,Kalhausen,
S007006,Genial,NOT_TRIP,,,
S009359,Vorrei andare da Parigi a Lione,NOT_FRENCH,,,
S004155,Demain je pars de Vire pour Saint-Remy-en-l'Eau,TRIP,Vire,Saint-Remy-en-l'Eau,
S007263,Les trains sont souvent en retard,NOT_TRIP,,,
S002696,Je me rends a Leucate La Franqui depuis Rungis La Fraternelle,TRIP,Rungis La Fraternelle,Leucate La Franqui,
S007392,Au revoir,NOT_TRIP,,,
S000202,Grandvilliers - Belfort - Montbeliard TGV,TRIP,Grandvilliers,Belfort - Montbéliard TGV,
S002341,Y a-t-il un train de Albens a Gazeran,TRIP,Albens,Gazeran,
S005286,Ya a-t-il un train de Rivesaltes a Pntarlier ?,TRIP,Rivesaltes,Pontarlier,
S007474,Hey,NOT_TRIP,,,
S000915,J'aimerais un billet de Sète a Berthelming,TRIP,Sète,Berthelming,
S001574,Comment aller de Boussay - La Bruffière a Reignac-sur-Indre,TRIP,Boussay - La Bruffière,Reignac-sur-Indre,
S005581,Je veux aller de Montrichard a Vernouillet - Verneuil,TRIP,Montrichard,Vernouillet - Verneuil,
S003591,depart de cerbère arrivee a marsac,TRIP,Cerbère,Marsac,
S006257,Je voudrais aller de Saint-Leon-sur-l'Isle a Fumay en passant par Joigny-sur-Meuse,TRIP,Saint-Léon-sur-l'Isle,Fumay,Joigny-sur-Meuse
S009093,Je want to go Lyon,NOT_FRENCH,,,
S009428,Un biglietto per Marsiglia,NOT_FRENCH,,,
S009840,...,UNKNOWN,,,
S001714,Est-ce qu'il y a un train de Brignac a Maizières-lès-Metz,TRIP,Brignac,Maizières-lès-Metz,
S002488,train de rive-de-gier a saint-pol-sur-ternoise,TRIP,Rive-de-Gier,Saint-Pol-sur-Ternoise,
S002972,Y a-t-il un train de Nieppe a Saint-Laurent-du-Var ?,TRIP,Nieppe,Saint-Laurent-du-Var,
S007669,tu fais quoi,NOT_TRIP,,,
S004208,Vinay vers Gardanne,TRIP,Vinay,Gardanne,
S008435,Jeo veux aller,NOT_TRIP,,,
S004667,De Montfort-le-Gesnois a Vauboyen,TRIP,Montfort-le-Gesnois,Vauboyen,
S007308,C'est quoi ce service,NOT_TRIP,,,
S005433,villars-les-dombes - corseul - languenan,TRIP,Villars-les-Dombes,Corseul - Languenan,
S003688,Aller de Recquignies a Montbazon,TRIP,Recquignies,Montbazon,
S004347,Je souhaite aller de Herchies a Ménil Flin,TRIP,Herchies,Ménil Flin,
S001531,J'aimerais un billet de Grésy-sur-Isère a Chalonnes-sur-Loire,TRIP,Grésy-sur-Isère,Chalonnes-sur-Loire,
S007543,hey,NOT_TRIP,,,
S004863,Me rendre de Saint-Aubin - Saint-Luperce a Pont-à-Vendin,TRIP,Saint-Aubin - Saint-Luperce,Pont-à-Vendin,
S001676,Saint-Nom-la-Bretèche Forêt de Marly Fellering,TRIP,Saint-Nom-la-Bretèche Forêt de Marly,Fellering,
S008683,I want aller a Paris,NOT_FRENCH,,,
S001632,Jeu me reends a Orléans depuis Queqnoy-le-Montannt,TRIP,Quesnoy-le-Montant,Orléans,
S005628,Voyage de Belvezet a Longueville-sur-Scie,TRIP,Belvezet,Longueville-sur-Scie,
S008214,au revoir,NOT_TRIP,,,
S002910,Y a-t-il un train de Chambourg-sur-Indre a Fourqueux - Bel-Air,TRIP,Chambourg-sur-Indre,Fourqueux - Bel-Air,
S004640,J'aimerais un billet de Rouillé a Hatrize,TRIP,Rouillé,Hatrize,
S008014,Je veux aller,NOT_TRIP,,,
S005473,J'aimerais un billet de Les Cauquillous a Crest,TRIP,Les Cauquillous,Crest,
S006473,"je pars de chemillé-en-anjou, je passe par mailly-la-ville et j'arrive a menars",TRIP,Chemillé-en-Anjou,Menars,Mailly-la-Ville
S009887,   ,UNKNOWN,,,
S007385,Genial,NOT_TRIP,,,
S005166,Je me rends a Saint-Pierre-des-Corps depuis Lacapelle-Viescamp,TRIP,Lacapelle-Viescamp,Saint-Pierre-des-Corps,
S002836,quel train pour aller de morez a provins,TRIP,Morez,Provins,
S001378,Voyage de Bertry a Montgeron - Crosne,TRIP,Bertry,Montgeron - Crosne,
S009691,asdfghjkl,UNKNOWN,,,
S001465,Comment aller de Vayrac a Perigueux,TRIP,Vayrac,Périgueux,
S004088,carcassonne direction saint-denis-lès-martel,TRIP,Carcassonne,Saint-Denis-lès-Martel,
S007447,Nancy est ma soeur,NOT_TRIP,,,
S001189,De Gerzat jusqu'a Vern-sur-Seiche,TRIP,Gerzat,Vern-sur-Seiche,
S009727,aaaaaaaa,UNKNOWN,,,
S007338,la sncf c'est pas mal,NOT_TRIP,,,
S000825,Demain je pars de Marquise - Rinxent pour Esches,TRIP,Marquise - Rinxent,Esches,
S006128,De Juan les Pins a Givors via Lavaur,TRIP,Juan les Pins,Givors,Lavaur
S006971,De Vierzon a Saint-Nabord en passant par Charleville-Mezieres,TRIP,Vierzon,Saint-Nabord,Charleville-Mézières
S006032,Je voudrais aller de Le Bugue a Louhossoa en passant par Lavilletertre,TRIP,Le Bugue,Louhossoa,Lavilletertre
S000082,je veux me rendre a villefranche-de-lauragais en partant de la souterraine,TRIP,La Souterraine,Villefranche-de-Lauragais,
S000002,Je souhaite aller de Saint-Étienne Châteaucreux a Montpellier Sud de France,TRIP,Saint-Étienne Châteaucreux,Montpellier Sud de France,
S007083,Nancy est ma soeur,NOT_TRIP,,,
S001848,Un bilet de Château-l'Évêque a Liévin,TRIP,Château-l'Évêque,Liévin,
S008174,d'accord,NOT_TRIP,,,
S006855,"Je pars de Saint-Chély-d'Apcher, je passe par Châteaulin et j'arrive a Tarbes",TRIP,Saint-Chély-d'Apcher,Tarbes,Châteaulin
S005847,Vaucresson Saint-Naabord,TRIP,Vaucresson,Saint-Nabord,
S008494,Albert est mon cousin,NOT_TRIP,,,
S003993,de recquignies a la taye,TRIP,Recquignies,La Taye,
S001689,Depart La Défense arrivee Domblans - Voiteur,TRIP,La Défense,Domblans - Voiteur,
S007079,Il fait beau aujourd'hui,NOT_TRIP,,,
S001024,Y a-t-il un tran de Bonson a Gemeaux ?,TRIP,Bonson,Gemeaux,
S006547,L'Hôpital-du-Grosbois puis L'Etang les Sablons puis L'Étang-la-Ville,TRIP,L'Hôpital-du-Grosbois,L'Étang-la-Ville,L'Etang les Sablons
S000396,Je dois aller de Angoulême a Puget-Ville demain,TRIP,Angoulême,Puget-Ville,
S001845,Je voyage de Miramas a Pertuis,TRIP,Miramas,Pertuis,
S003007,Je vais de Saint-Jean-de-Luz - Ciboure a Vauzelles,TRIP,Saint-Jean-de-Luz - Ciboure,Vauzelles,
S009407,Ich mochte von Paris nach Lyon fahren,NOT_FRENCH,,,
S006071,de tincques vers raedersheim avec correspondance a bournezeau,TRIP,Tincques,Raedersheim,Bournezeau
S006535,De Kerhostin vers Saint-Geours-de-Maremne avec correspondance a Rosières-aux-Salines,TRIP,Kerhostin,Saint-Geours-de-Maremne,Rosières-aux-Salines
S009109,I want aller a Paris,NOT_FRENCH,,,
S000259,Je vais de Montpon-Ménestérol a Picon Busserine,TRIP,Montpon-Ménestérol,Picon Busserine,
S000831,Saint-Bonnet-de-Rochefort vers Le Bouscat - Saint-Germaine,TRIP,Saint-Bonnet-de-Rochefort,Le Bouscat - Saint-Germaine,
S003667,"Bonjour, je voudrai alle de Mulhouse Dornach a Montchanin",TRIP,Mulhouse Dornach,Montchanin,
S009969,@#$%,UNKNOWN,,,
S000613,Je oudrais me rendre a Chammpabné depuis Auduno-le-Roman,TRIP,Audun-le-Roman,Champagné,
S008375,Aide moi,NOT_TRIP,,,
S000144,"Bonjour, je voudrais aller de Lutzelbourg a Meudon Val Fleury",TRIP,Lutzelbourg,Meudon Val Fleury,
S004837,Je voudrais me rendre a Loreux depuis Donges,TRIP,Donges,Loreux,
S003864,Ille-sur-Têt puis Hombourg-Haut,TRIP,Ille-sur-Têt,Hombourg-Haut,
S005376,Je souhaite aller de Lisle-syr-Tarn a Bully - Grenau,TRIP,Lisle-sur-Tarn,Bully - Grenay,
S001697,comment aller de reignier-ésery a souillac,TRIP,Reignier-Ésery,Souillac,
S006190,"Je pars de Saint-Laurent-du-Var, je passe par Hendaye et j'arrive a Cintegabelle",TRIP,Saint-Laurent-du-Var,Cintegabelle,Hendaye
S006711,je voudrais aller de brelidy - plouec a cernay (val-d'oise) en passant par masserac,TRIP,Brélidy - Plouëc,Cernay (Val-d'Oise),Massérac
S002741,De Houdan jusqu'a Tonneins,TRIP,Houdan,Tonneins,
S003996,De Saint-Paul-de-Varax jusqu'a Marcheprime,TRIP,Saint-Paul-de-Varax,Marcheprime,
S008333,Merci,NOT_TRIP,,,
S003183,De Rumilly jusqu'a Pringy,TRIP,Rumilly,Pringy,
S006923,Je voudris aller de Mertzwillee a Lonugecourt-en-Plaine en passant par Chindrieux,TRIP,Mertzwiller,Longecourt-en-Plaine,Chindrieux
S000382,Je vais de Saunt-Blaise-oz-Roche Poutay a Tourville-la-Rkvière,TRIP,Saint-Blaise-la-Roche Poutay,Tourville-la-Rivière,
S000676,Je me rends a Rosa Parks depuis Labruguière,TRIP,Labruguière,Rosa Parks,
S003011,un train de chemillé-en-anjou a condat - le lardin,TRIP,Chemillé-en-Anjou,Condat - Le Lardin,
S001038,De Tournay jusqu'a Vaires - Torcy,TRIP,Tournay,Vaires - Torcy,
S008522,Je want to go Lyon,NOT_FRENCH,,,
S008384,c'est trop cher,NOT_TRIP,,,
S008109,Je m'appelle Paris,NOT_TRIP,,,
S008576,I would like a train ticket,NOT_FRENCH,,,
S007472,La SNCF c'est pas mal,NOT_TRIP,,,
S005113,j'aimerais aller de font-romeu-odeillo-via a langogne,TRIP,Font-Romeu-Odeillo-Via,Langogne,
S002593,Merxheim Corrèze,TRIP,Merxheim,Corrèze,
S009377,I want to go from Paris to Lyon,NOT_FRENCH,,,
S001660,Ce soir je vais de Chaponost a Pont de Rungis Aéroport d'Orly,TRIP,Chaponost,Pont de Rungis Aéroport d'Orly,
S000720,un train de rennes a chamonix aiguille du midi pour demain,TRIP,Rennes,Chamonix Aiguille du Midi,
S005670,Je souhaite aller de Cavaillon a Écommoy,TRIP,Cavaillon,Écommoy,
S000498,Pourriez-vous me trouver un train de Loriol-sur-Drôme a Briouze,TRIP,Loriol-sur-Drôme,Briouze,
S004857,Voyage de Romaneche-Thorins a Lorient Bretagne Sud,TRIP,Romanèche-Thorins,Lorient Bretagne Sud,
S005133,Direction Esquelbecq au depart de Eichhoffen,TRIP,Eichhoffen,Esquelbecq,
S001467,Prendre le train de La Plaine Stade de France - Saint-Denis - Aubervilliers a Fretin,TRIP,La Plaine Stade de France - Saint-Denis - Aubervilliers,Fretin,
S009617,blablabla,UNKNOWN,,,
S004533,Partir de L'Arbresle vers Kuntzig,TRIP,L'Arbresle,Kuntzig,
S002060,Je souhaitee aller de Maisonss-Alfort - Alfortville a Landry,TRIP,Maisons-Alfort - Alfortville,Landry,
S008874,Un billete de tren por favor,NOT_FRENCH,,,
S000634,voyager de boulazac vers pont-l'évêque,TRIP,Boulazac,Pont-l'Évêque,
S007326,Salut,NOT_TRIP,,,
S007674,partir,NOT_TRIP,,,
S007695,Demain,NOT_TRIP,,,
S006459,"je pars de saint-piat, je passe par marquillies et j'arrive a chambourg-sur-indre",TRIP,Saint-Piat,Chambourg-sur-Indre,Marquillies
S007494,Partir,NOT_TRIP,,,
S001026,Je pars de Le Bruel pour aller a Saint-Roch,TRIP,Le Bruel,Saint-Roch,
S005380,partir de la frayère pour l'hôpital-du-grosbois,TRIP,La Frayère,L'Hôpital-du-Grosbois,
S002824,Partir de Vosves vers Paris Saint-Lazare,TRIP,Vosves,Paris Saint-Lazare,
S009296,Un biglietto per Marsiglia,NOT_FRENCH,,,
S005616,Aller de L'Hopital-du-Grosbois a Aumont-Aubrac,TRIP,L'Hôpital-du-Grosbois,Aumont-Aubrac,
S008440,Demain,NOT_TRIP,,,
S002810,Je voudrais prenre un train de Viarmes a La Crau,TRIP,Viarmes,La Crau,
S005098,J'aimerais un billet de Agen a Reuilly,TRIP,Agen,Reuilly,
S009575,123456,UNKNOWN,,,
S008978,Je want to go Lyon,NOT_FRENCH,,,
S002258,Je voudrais aller de La Bernerie-en-Retz a Gardanne,TRIP,La Bernerie-en-Retz,Gardanne,
S005096,Un billet de Saint-Erme-Outre-et-Ramecourt a Lutzelbourg,TRIP,Saint-Erme-Outre-et-Ramecourt,Lutzelbourg,
S006602,Je veux passer par Vrigne-Meuse pour aller de Lorraine TGV a Nice Saint-Augustin,TRIP,Lorraine TGV,Nice Saint-Augustin,Vrigne-Meuse
S000690,Je veux aller de Nevers a Paulhaguet,TRIP,Nevers,Paulhaguet,
S006676,Aller de Leforest a La Tricherie avec un arret a Thézy-Glimont,TRIP,Leforest,La Tricherie,Thézy-Glimont
S000426,un billet de nérondes a montbard,TRIP,Nérondes,Montbard,
S000403,j'aimerais aller de calais - frethun a meung-sur-loire,TRIP,Calais - Fréthun,Meung-sur-Loire,
S004766,ce soir je vais de guéret a magnac - vicq,TRIP,Guéret,Magnac - Vicq,
S004054,Un billet de Saint-Léger-sur-Dheune a La Guierche,TRIP,Saint-Léger-sur-Dheune,La Guierche,
S007968,Salut,NOT_TRIP,,,
S009171,How do I get to Marseille,NOT_FRENCH,,,
S005562,Quel train pour aller de Meaux a Ker Lann,TRIP,Meaux,Ker Lann,
S004321,"bonjour, je voudrais aller de auboué a bouffémont - moisselles",TRIP,Auboué,Bouffémont - Moisselles,
S007094,nancy est ma soeur,NOT_TRIP,,,
S005491,Je doisa aler de Vigneux-sur-Seine a Saint-Avold demain,TRIP,Vigneux-sur-Seine,Saint-Avold,
S007084,Demain,NOT_TRIP,,,
S004985,Creil - Mery-sur-Oise,TRIP,Creil,Méry-sur-Oise,
S000062,je souhaite aller de viviers-du-lac a saint-rome-de-cernon,TRIP,Viviers-du-Lac,Saint-Rome-de-Cernon,
S007000,Je veux passer par La Ferte-Saint-Aubin pour aller de Cagnes-sur-Mer a Vorey,TRIP,Cagnes-sur-Mer,Vorey,La Ferté-Saint-Aubin
S007755,Qu'est-ce que tu peux faire,NOT_TRIP,,,
S007322,C'est trop cher,NOT_TRIP,,,
S001646,"S'il vous plait, un trajet de Lorient Bretagne Sud a Rosny Bois Perrier",TRIP,Lorient Bretagne Sud,Rosny Bois Perrier,
S003619,Y a-t-il un train de Tiercé a Avenue Foch,TRIP,Tiercé,Avenue Foch,
S007678,A bientot,NOT_TRIP,,,
S007885,Albert est mon cousin,NOT_TRIP,,,
S008775,I want aller a Paris,NOT_FRENCH,,,
S006130,Train de Poitiers a Sarrebourg passant par Aubiet,TRIP,Poitiers,Sarrebourg,Aubiet
S000891,J'aimerais un billet de Port-Vendres a Juvisy-sur-Orge,TRIP,Port-Vendres,Juvisy-sur-Orge,
S008368,Hello,NOT_TRIP,,,
S008963,Ich mochte von Paris nach Lyon fahren,NOT_FRENCH,,,
S005760,est-ce qu'il y a un train de thieux - nantouillet a chevaigné,TRIP,Thieux - Nantouillet,Chevaigné,
S005389,je souhaite aller de vosves a janzé,TRIP,Vosves,Janzé,
S003246,Je souhaite aller de Obermodern-Zutzendorf a Cousance,TRIP,Obermodern-Zutzendorf,Cousance,
S005117,Mantes-la-Jolie vers Sérifontaine,TRIP,Mantes-la-Jolie,Sérifontaine,
S009420,Ich mochte von Paris nach Lyon fahren,NOT_FRENCH,,,
S007888,un train,NOT_TRIP,,,
S005152,Quel trin pour aller de Colmar Mésanges a Montargis,TRIP,Colmar Mésanges,Montargis,
S004297,je vais a cramoisy depuis grand bourg,TRIP,Grand Bourg,Cramoisy,
S002047,Voyage de Saint-Maurice-de-Beynost a Vergeze - Codognan,TRIP,Saint-Maurice-de-Beynost,Vergèze - Codognan,
S004441,trin de Mailly-la-Ville a Ossès - Saint-Martin-d'Arrossa,TRIP,Mailly-la-Ville,Ossès - Saint-Martin-d'Arrossa,
S007284,D'accord,NOT_TRIP,,,
S008756,Book a ticket for me,NOT_FRENCH,,,
S006928,Je voudrais aller e NNozières - Brignon a Épanvilliers en passsant par Boigneviloe,TRIP,Nozières - Brignon,Épanvilliers,Boigneville
S006069,Je veux passer par Nexon pour aller de Viviers-du-Lac a Chemin d'Antony,TRIP,Viviers-du-Lac,Chemin d'Antony,Nexon
S003726,Depart de Belz - Ploemel arrivee a Amboise,TRIP,Belz - Ploemel,Amboise,
S000174,ce soir je vais de castres a jouy,TRIP,Castres,Jouy,
S005755,Je veux aller ce Thésée a Berlailont,TRIP,Thésée,Berlaimont,
S006362,Aller de Neau a La Rochelle avec un arret a Ingrandes sur Vienne,TRIP,Neau,La Rochelle,Ingrandes sur Vienne
S007076,il fait beau aujourd'hui,NOT_TRIP,,,
S004563,un billet de pont-remy a forbach,TRIP,Pont-Remy,Forbach,
S006781,recquignies dole via saint-fons,TRIP,Recquignies,Dole,Saint-Fons
S002224,vaudagne vers aéroport charles de gaulle 2 tgv,TRIP,Vaudagne,Aéroport Charles de Gaulle 2 TGV,
S006218,Mézidon-Canon puis Verdun puis Troyes,TRIP,Mézidon-Canon,Troyes,Verdun
S001161,De Douai a Le Teich,TRIP,Douai,Le Teich,
S005718,Je dois aller de Couryamain - Saint-Pellerin a Dieulouard demain,TRIP,Courtalain - Saint-Pellerin,Dieulouard,
S006469,Aller de Limoux Flassian a Ormoy-Villers avec un arret a Lamanon,TRIP,Limoux Flassian,Ormoy-Villers,Lamanon
S003053,je voudrais prendre un train de mourmelon-le-petit a vougeot - gilly-les-citeaux,TRIP,Mourmelon-le-Petit,Vougeot - Gilly-lès-Cîteaux,
S002622,J'aimerais aller de Noman-Ouvignies a Lure,TRIP,Nomain-Ouvignies,Lure,
S009977,,UNKNOWN,,,
S009549,aaaaaaaa,UNKNOWN,,,
S001141,Villefort direction Laigneville,TRIP,Villefort,Laigneville,
S008956,Como llego a Marsella,NOT_FRENCH,,,
S005726,Aubigny-en-Artois vers Nieul,TRIP,Aubigny-en-Artois,Nieul,
S005044,je veux aller de rilly-la-montagne a saint-flour - chaudes-aigues,TRIP,Rilly-la-Montagne,Saint-Flour - Chaudes-Aigues,
S008878,Wie komme ich nach Bordeaux,NOT_FRENCH,,,
S008241,Au revoir,NOT_TRIP,,,
S004057,Demain ue pars de Gauriaguet pouer Bohain-en-Vermmandois,TRIP,Gauriaguet,Bohain-en-Vermandois,
S002070,Partir de Livry-sur-Seine pour Les Tines,TRIP,Livry-sur-Seine,Les Tines,
S003272,Je dois aller de Meymac a Feuquières - Broquiers,TRIP,Meymac,Feuquières - Broquiers,
S003361,comment aller de guéthary a orry-la-ville - coye ?,TRIP,Guéthary,Orry-la-Ville - Coye,
S002971,"bonjour, je voudrais aller de arles a fontaine-le-port",TRIP,Arles,Fontaine-le-Port,
S005532,Chessy Vittel,TRIP,Chessy,Vittel,
S003775,je dois aller de grenoble universités - gières a lison,TRIP,Grenoble Universités - Gières,Lison,
S006550,Train de Pornichet a Calais - Fréthun passant par Grésy-sur-Aix,TRIP,Pornichet,Calais - Fréthun,Grésy-sur-Aix
S003723,"S'il vous plait, un trajet de Thiviers a Saint-Geniès-de-Malgoirès",TRIP,Thiviers,Saint-Geniès-de-Malgoirès,
S005357,Je souhaite aller de Velars-sur-Ouche a Saint-Priest,TRIP,Velars-sur-Ouche,Saint-Priest,
S005618,Partir de Saint-Germain-au-Mont-d'Or pour Mende,TRIP,Saint-Germain-au-Mont-d'Or,Mende,
S006926,"Je pars de Rumilly, je passe par Denain et j'arrive a Vendeuvre-sur-Barse",TRIP,Rumilly,Vendeuvre-sur-Barse,Denain
S001480,comment aller de gauriaguet a vincelles ?,TRIP,Gauriaguet,Vincelles,
S004527,Est-ce qu'il y a un train de Gazinet Cestas a Dijon,TRIP,Gazinet Cestas,Dijon,
S002941,je souhaite aller de creteil pompadour a wambrechies,TRIP,Créteil Pompadour,Wambrechies,
S003859,je veux aller de seltz a avenay,TRIP,Seltz,Avenay,
S007262,salut,NOT_TRIP,,,
S000280,Je dois aller de Mennessis a Saint-Omer,TRIP,Mennessis,Saint-Omer,
S002949,demain je pars de avallon pour givors,TRIP,Avallon,Givors,
S009090,Wie komme ich nach Bordeaux,NOT_FRENCH,,,
S005652,Je souhaite aller de Harfleur a Froncles Buxieres,TRIP,Harfleur,Froncles Buxières,
S002160,Est-ce qu'il y a un train de Hoenheim Tram a Les Echets,TRIP,Hoenheim Tram,Les Échets,
S008697,Wie komme ich nach Bordeaux,NOT_FRENCH,,,
S009560,...,UNKNOWN,,,
S007418,Arriver,NOT_TRIP,,,
S006822,Je veux passer ppar Pleybbee-Christ pour aller de Gerzat a Maintenon,TRIP,Gerzat,Maintenon,Pleyber-Christ
S007993,C'est trop cher,NOT_TRIP,,,
S003606,est-ce qu'il y a un train de fleurieux-sur-l'arbresle a issy val de seine,TRIP,Fleurieux-sur-l'Arbresle,Issy Val de Seine,
S002635,quel train pour aller de staffelfelden a mareil-sur-mauldre,TRIP,Staffelfelden,Mareil-sur-Mauldre,
S008392,La SNCF c'est pas mal,NOT_TRIP,,,
S004168,J'aimerais aller de Mantes-la-Jolie a Sélestat,TRIP,Mantes-la-Jolie,Sélestat,
S009439,Je want to go Lyon,NOT_FRENCH,,,
S003219,partir de amagne - lucquy pour saint-sulpice (tarn),TRIP,Amagne - Lucquy,Saint-Sulpice (Tarn),
S000785,Je voudrais me rendre a Maurs depuis Soultz-sous-Forets,TRIP,Soultz-sous-Forêts,Maurs,
S000153,je vais a aulnay-sous-bois depuis marmagne,TRIP,Marmagne,Aulnay-sous-Bois,
S009386,Can you help me,NOT_FRENCH,,,
S002970,y a-t-il un train de auneau a laigne - saint-gervais,TRIP,Auneau,Laigné - Saint-Gervais,
S003943,Prendre le train de Conches-en-Ouche a Dompierre Sept Fons,TRIP,Conches-en-Ouche,Dompierre Sept Fons,
S006515,Aller de Nointel - Mours a La Ferté-sous-Jouarre avec un arret a Issoire,TRIP,Nointel - Mours,La Ferté-sous-Jouarre,Issoire
S004710,J'aimerais un billet de Pont de Lignon a Morannes,TRIP,Pont de Lignon,Morannes,
S002974,J'aimerais aller de Podensac a Belleville sur Saone,TRIP,Podensac,Belleville sur Sâone,
S007642,La SNCF c'est pas mal,NOT_TRIP,,,
S003609,ce soir je vais de le genest-saint-isle a nexon,TRIP,Le Genest-Saint-Isle,Nexon,
S008482,Hey,NOT_TRIP,,,
S003501,De Villers-Bretonneux a Capvern,TRIP,Villers-Bretonneux,Capvern,
S008948,Ich mochte von Paris nach Lyon fahren,NOT_FRENCH,,,
S008276,C'est trop cher,NOT_TRIP,,,
S008052,troyes est un prenom original,NOT_TRIP,,,
S002468,argelès-sur-mer direction liancourt - rantigny,TRIP,Argelès-sur-Mer,Liancourt - Rantigny,
S001420,Depuis Chaponval jusqu'a Illiers-Combray,TRIP,Chaponval,Illiers-Combray,
S006731,"Je pars de Montluel, je passe par Strasbourg et j'arrive a Moret - Veneux-les-Sablons",TRIP,Montluel,Moret - Veneux-les-Sablons,Strasbourg
S000675,Je pars de Boucoiran-et-Nozières et je vais a Picon Busserine,TRIP,Boucoiran-et-Nozières,Picon Busserine,
S002661,Je veux me rendre a Biarrits en patant de Lurbe-Saint-Chrustau,TRIP,Lurbe-Saint-Christau,Biarritz,
S003382,Je veux aler de Hochfelden a Illfurth,TRIP,Hochfelden,Illfurth,
S004942,"bonjour, je voudrais aller de landerneau a neuves-maisons",TRIP,Landerneau,Neuves-Maisons,
S000514,Je dois aller de Saint-Astier a Saint-Sebastien Pas Enchantes demain,TRIP,Saint-Astier,Saint-Sébastien Pas Enchantés,
S004110,Un train de Savennières - Béhuard a Mézériat,TRIP,Savennières - Béhuard,Mézériat,
S003282,un train de lezoux a savigny-sur-orge,TRIP,Lezoux,Savigny-sur-Orge,
S004908,je veux prendre le train de bains-les-bains a andorre – l’hospitalet,TRIP,Bains-les-Bains,Andorre – l’Hospitalet,
S004134,Je voyage de Champbenoist - Poigny a Hachette,TRIP,Champbenoist - Poigny,Hachette,
S001999,Quel train pour aller de Baraqueville Carcenac Peyralès a Arengosse,TRIP,Baraqueville Carcenac Peyralès,Arengosse,
S002471,je pars de siorac-en-périgord pour aller a montpellier sud de france,TRIP,Siorac-en-Périgord,Montpellier Sud de France,
S002319,Je me rends a Roissy-en-Brie depuis Gallargues-le-Montueux,TRIP,Gallargues-le-Montueux,Roissy-en-Brie,
S001056,Billet Sérifontaine Ailly-sur-Noye,TRIP,Sérifontaine,Ailly-sur-Noye,
S008256,Qu'est-ce que tu peux faire,NOT_TRIP,,,
S006933,"Je pars de Gallieni Cancéropôle, je passe par Mennessis et j'arrive a Stade de France Saint-Denis",TRIP,Gallieni Cancéropôle,Stade de France Saint-Denis,Mennessis
S003149,Je souhaite aller de Mantes-la-Jolie a Mailly-la-Ville,TRIP,Mantes-la-Jolie,Mailly-la-Ville,
S004391,Ce soir je vais de Lorraine TGV a Villefort,TRIP,Lorraine TGV,Villefort,
S001382,Un billet de Cagnes-sur-Mer a Villers-les-Pots,TRIP,Cagnes-sur-Mer,Villers-les-Pots,
S001134,"Bonjour, je voudrais aller de Mauzens-Miremont a Sierck-les-Bains",TRIP,Mauzens-Miremont,Sierck-les-Bains,
S009818,   ,UNKNOWN,,,
S008111,J'aime les trains,NOT_TRIP,,,
S008305,Les trains sont souvent en retard,NOT_TRIP,,,
S000279,Me rendre dee Avallon a Vieux-Thsnn Sone Industrielle,TRIP,Avallon,Vieux-Thann Zone Industrielle,
S009398,Ich mochte von Paris nach Lyon fahren,NOT_FRENCH,,,
S009838,lorem ipsum,UNKNOWN,,,
S001510,Quel train de Nieul a Estrées-Saint-Denis ?,TRIP,Nieul,Estrées-Saint-Denis,
S002975,me rendre de serqueux a bully - grenay,TRIP,Serqueux,Bully - Grenay,
S004042,depart fécamp arrivee joinville,TRIP,Fécamp,Joinville,
S008633,I need to travel tomorrow,NOT_FRENCH,,,
S005513,Je voudrais aller de Maroeuil a Breil-sur-Roya,TRIP,Maroeuil,Breil-sur-Roya,
S008295,partir,NOT_TRIP,,,
S004335,comment aller de ennevelin a moosch,TRIP,Ennevelin,Moosch,
S000953,Un train de Allée de la Tour Rendez-Vous a Le Lioran pour demain,TRIP,Allée de la Tour Rendez-Vous,Le Lioran,
S006292,je voudrais aller de saint-priest a landebia en passant par saint-jory,TRIP,Saint-Priest,Landébia,Saint-Jory
S004923,je voyage de bologne a urt,TRIP,Bologne,Urt,
S000013,Je vais a Ranchot depuis La Villette Ssint-Prest,TRIP,La Villette Saint-Prest,Ranchot,
S000015,partir de bruges pour moulin galant,TRIP,Bruges,Moulin Galant,
S004192,Un train de Marseille Saint-Charles a Rosporden,TRIP,Marseille Saint-Charles,Rosporden,
S002917,j'aimerais aller de laval a commentry,TRIP,Laval,Commentry,
S000920,Voyager de Croix - Wasquehal vers Montlouis-sur-Loire,TRIP,Croix - Wasquehal,Montlouis-sur-Loire,
S001399,Saint-Gilles Lycée Haut-Rhin Les Noues,TRIP,Saint-Gilles Lycée Haut-Rhin,Les Noues,
S003329,Je souhaite aller de Le Pont-de-Beauvoisin a Martigues,TRIP,Le Pont-de-Beauvoisin,Martigues,
S008491,A bientot,NOT_TRIP,,,
S003665,Me rendre de Perpignan a La Meyze,TRIP,Perpignan,La Meyze,
S008933,What is the best route,NOT_FRENCH,,,
S001579,Partir de Cessieu pour Hermes - Berthecourt,TRIP,Cessieu,Hermes - Berthecourt,
S001979,assat direction savigny-sur-orge,TRIP,Assat,Savigny-sur-Orge,
S002735,Direction Hochfelden au depart de Sermizelles - Vézelay,TRIP,Sermizelles - Vézelay,Hochfelden,
S004616,Je vais de Reims a Garches - Marnes-la-Coquette,TRIP,Reims,Garches - Marnes-la-Coquette,
S008176,aide moi,NOT_TRIP,,,
S006941,De L'Isle-Adam - Parmain a Les Pavillons-sous-Bois en passant par Diemeringen,TRIP,L'Isle-Adam - Parmain,Les Pavillons-sous-Bois,Diemeringen
S008546,I want to go from Paris to Lyon,NOT_FRENCH,,,
S008644,Can you help me,NOT_FRENCH,,,
S009462,I want to go from Paris to Lyon,NOT_FRENCH,,,
S001244,Je voyage de Milhhauud a Ozoir-la-Ferrière,TRIP,Milhaud,Ozoir-la-Ferrière,
S002371,De La Pauline Hyères a Neau,TRIP,La Pauline Hyères,Neau,
S002581,quel train de lancerf a mourmelon-le-petit ?,TRIP,Lancerf,Mourmelon-le-Petit,
S008535,I need to travel tomorrow,NOT_FRENCH,,,
S005189,De Faremoutiers - Pommeuse a Carbonne,TRIP,Faremoutiers - Pommeuse,Carbonne,
S009246,Train from Paris to Bordeaux please,NOT_FRENCH,,,
S000102,Y a-t-il un train de Lussac-les-Châteaux a La Coquille ?,TRIP,Lussac-les-Châteaux,La Coquille,
S002074,Demain je pars de Heiligenberg - Mollkirch pour Ambronay - Priay,TRIP,Heiligenberg - Mollkirch,Ambronay - Priay,
S004363,comment aller de arles a berthelming ?,TRIP,Arles,Berthelming,
S008414,Hello,NOT_TRIP,,,
S009029,Ein Zug nach Marseille bitte,NOT_FRENCH,,,
S005945,Me rendre de Ciry-le-Noble aa Gazeran,TRIP,Ciry-le-Noble,Gazeran,
S000628,Train de Ceyzeriat a Aubergenville Elisabethville,TRIP,Ceyzériat,Aubergenville Élisabethville,
S001625,Quel train de Bretoncelles a Sérézin-du-Rhône ?,TRIP,Bretoncelles,Sérézin-du-Rhône,
S007901,Je m'appelle Paris,NOT_TRIP,,,
S003938,Y a-t-il un train de Osses - Saint-Martin-d'Arrossa a Versailles Chateau Rive Gauche,TRIP,Ossès - Saint-Martin-d'Arrossa,Versailles Château Rive Gauche,
S006197,Vaas Urt via Auterive,TRIP,Vaas,Urt,Auterive
S000221,Je vais de Saint-Michel-sur-Orge a Bar-sur-Aube,TRIP,Saint-Michel-sur-Orge,Bar-sur-Aube,
S005804,Grande-Synthe Perrignier,TRIP,Grande-Synthe,Perrignier,
S004394,Aller de La Ville Gozet a Montville,TRIP,La Ville Gozet,Montville,
S007132,tu fais quoi,NOT_TRIP,,,
S003829,Comment aller de Margival a Pont de Dore ?,TRIP,Margival,Pont de Dore,
S004092,un billet de le val d'or a saint-jodard,TRIP,Le Val d'Or,Saint-Jodard,
S009721,qwerty,UNKNOWN,,,
S008764,I want to go from Paris to Lyon,NOT_FRENCH,,,
S001915,Amilly Ouerray Persan - Beaumont,TRIP,Amilly Ouerray,Persan - Beaumont,
S008835,I need to travel tomorrow,NOT_FRENCH,,,
S002284,Je vais a Choisy-le-Roi depuis Banyuls-sur-Mer,TRIP,Banyuls-sur-Mer,Choisy-le-Roi,
S001476,Depuis Vignory jusqu'a Saint-Hilaire - Saint-Nazaire,TRIP,Vignory,Saint-Hilaire - Saint-Nazaire,
S001128,Je vais a Vichy depuis Riom - Chatel-Guyon,TRIP,Riom - Châtel-Guyon,Vichy,
S001641,Je dois aller de Gien a Naucelle,TRIP,Gien,Naucelle,
S001737,Je dois aller de Saint-Malo a Geispolsheim,TRIP,Saint-Malo,Geispolsheim,
S003657,aller de baziège a busseau sur creuse,TRIP,Baziège,Busseau sur Creuse,
S002374,un train de lalinde a magalas,TRIP,Lalinde,Magalas,
S008142,Albert est mon cousin,NOT_TRIP,,,
S000711,y a-t-il un train de les lacs a sainte-anne ?,TRIP,Les Lacs,Sainte-Anne,
S008470,un train,NOT_TRIP,,,
S005787,De Blangy-sur-Ternoise jusqu'a Montreuil-Bellay,TRIP,Blangy-sur-Ternoise,Montreuil-Bellay,
S009537,asdfghjkl,UNKNOWN,,,
S003120,Depuis Valençay jusqu'a Dannes - Camiers,TRIP,Valençay,Dannes - Camiers,
S009709,@#$%,UNKNOWN,,,
S001965,Saint-Martin d'Étampes - Belvezet,TRIP,Saint-Martin d'Étampes,Belvezet,
S006625,de courbevoie vers montgeroult - courcelles avec correspondance a le bras de fer,TRIP,Courbevoie,Montgeroult - Courcelles,Le Bras de Fer
S001123,je pars de lyon saint-exupéry tgv et je vais a la penne-sur-huveaune,TRIP,Lyon Saint-Exupéry TGV,La Penne-sur-Huveaune,
S005544,Je me rends a Montrond-les-Bains depuis Mulhouse Musées,TRIP,Mulhouse Musées,Montrond-les-Bains,
S006796,"je pars de nouan-le-fuzelier, je passe par dannes - camiers et j'arrive a steenwerck",TRIP,Nouan-le-Fuzelier,Steenwerck,Dannes - Camiers
S006607,Sain-Bel Montbard via Lyon Part Dieu,TRIP,Sain-Bel,Montbard,Lyon Part Dieu
S005597,J'aimerais un billet de Les Ramassiers a Mervans,TRIP,Les Ramassiers,Mervans,
S004578,Un billet de Hoerdt a Crepieux la Pape,TRIP,Hoerdt,Crépieux la Pape,
S009239,Train from Paris to Bordeaux please,NOT_FRENCH,,,
S001716,je me rends a dannemarie depuis chessy,TRIP,Chessy,Dannemarie,
S001362,Je vais de Crêches-sur-Saône a Villenouvelle,TRIP,Crêches-sur-Saône,Villenouvelle,
S004117,artix puis émerainville - pontault-combault,TRIP,Artix,Émerainville - Pontault-Combault,
S002022,j'aimerais un billet de arpajon a le blanc-mesnil,TRIP,Arpajon,Le Blanc-Mesnil,
S009230,Quiero ir de Paris a Lyon,NOT_FRENCH,,,
S009418,Ein Zug nach Marseille bitte,NOT_FRENCH,,,
S000431,Je me rends a Boucoiran-et-Nozieres depuis Mantes Station,TRIP,Mantes Station,Boucoiran-et-Nozières,
S009759,ab,UNKNOWN,,,
S001959,J'aimerais aller de Narbonne a La Coquille,TRIP,Narbonne,La Coquille,
S005669,Savonnières direction L'Étang-la-Ville,TRIP,Savonnières,L'Étang-la-Ville,
S007713,C'est trop cher,NOT_TRIP,,,
S001293,prendre le train de labouheyre a maintenon,TRIP,Labouheyre,Maintenon,
S007213,Aide moi,NOT_TRIP,,,
S002154,De Saint-Sulpice - Auteuil jusqu'a Mouy - Bury,TRIP,Saint-Sulpice - Auteuil,Mouy - Bury,
S008583,I would like a train ticket,NOT_FRENCH,,,
S003773,depart de poissy arrivee a brazey-en-plaine,TRIP,Poissy,Brazey-en-Plaine,
S007769,Partir,NOT_TRIP,,,
S003415,je pars de montbeliard et je vais a nice,TRIP,Montbéliard,Nice,
S002872,Je me rends a Tonneins depuis Franois,TRIP,Franois,Tonneins,
S008748,Book a ticket for me,NOT_FRENCH,,,
S009884,blablabla,UNKNOWN,,,
S004890,je vais de bidarray pont noblia a grésy-sur-aix,TRIP,Bidarray Pont Noblia,Grésy-sur-Aix,
S005937,Quel train de Bidarray Pont Noblia a Etampes ?,TRIP,Bidarray Pont Noblia,Étampes,
S006066,"Je pars de Tulle, je passe par Chilly-Mazarin et j'arrive a Le Chenay Gagny",TRIP,Tulle,Le Chénay Gagny,Chilly-Mazarin
S008039,Arriver,NOT_TRIP,,,
S000163,Parent - Coudes - Champeix - Saint-Gilles-Croix-de-Vie,TRIP,Parent - Coudes - Champeix,Saint-Gilles-Croix-de-Vie,
S005957,trie-chateau puis lerouville puis saint-pierre-d'aurillac,TRIP,Trie-Château,Saint-Pierre-d'Aurillac,Lérouville
S009786,a,UNKNOWN,,,
S000261,Chaumont-en-Vexin vers Waligator Parc,TRIP,Chaumont-en-Vexin,Waligator Parc,
S002947,J'aimerais aller de Roeschwoog a Chocques,TRIP,Roeschwoog,Chocques,
S002463,langeais puis epluches,TRIP,Langeais,Épluches,
S001766,Depart Athis-Mons arrivee Saint-Gildas-des-Bois,TRIP,Athis-Mons,Saint-Gildas-des-Bois,
S002859,Je pars de Blangy-sur-Bresle pour aller a Crépieux la Pape,TRIP,Blangy-sur-Bresle,Crépieux la Pape,
S001739,Pourriez-vous me trouver uon traini de Virieu sue Bourbre a Vaumoise,TRIP,Virieu sur Bourbre,Vaumoise,
S004364,Billet Genolhac Guethary,TRIP,Génolhac,Guéthary,
S002932,Je veux aller de Brazey-en-Plaine a Saint-Jean-Pied-de-Port,TRIP,Brazey-en-Plaine,Saint-Jean-Pied-de-Port,
S005457,Je me rends a Lamure-sur-Azergues depuis La Roche-sur-Yon,TRIP,La Roche-sur-Yon,Lamure-sur-Azergues,
S004416,Voyage de Deûlémont a Montluçon Rimard,TRIP,Deûlémont,Montluçon Rimard,
S007659,Aide moi,NOT_TRIP,,,
S006603,Je veux passer par Jarnac pour allez de Béning-lès-Saint-Avold a Reims Maison Blanche,TRIP,Béning-lès-Saint-Avold,Reims Maison Blanche,Jarnac
S009566,asdfghjkl,UNKNOWN,,,
S004901,Voyage de Montbizot a Culmont - Chalindrey,TRIP,Montbizot,Culmont - Chalindrey,
S002152,quel train de anzeling a bas - monistrol-sur-loire ?,TRIP,Anzeling,Bas - Monistrol-sur-Loire,
S006346,Je voudrais aller de Labergement-Sainte-Marie a Berthelming en passant par Vrigne-Meuse,TRIP,Labergement-Sainte-Marie,Berthelming,Vrigne-Meuse
S001072,Wuel train pour aller de Salses-le-Château a Lunéville,TRIP,Salses-le-Château,Lunéville,
S004627,Billet Betton Monéteau - Gurgy,TRIP,Betton,Monéteau - Gurgy,
S007395,Nancy est ma soeur,NOT_TRIP,,,
S007134,Je voudrais,NOT_TRIP,,,
S006558,De Les Mais a Saumur via Saint-Laurent - Gainneville,TRIP,Les Mais,Saumur,Saint-Laurent - Gainneville
S003649,comment aller de aumale a chaville rive gauche ?,TRIP,Aumale,Chaville Rive Gauche,
S005015,quel train pour aller de rosny bois perrier a servoz,TRIP,Rosny Bois Perrier,Servoz,
S001289,Train de Boën-sur-Lignon a Landaul - Mendon,TRIP,Boën-sur-Lignon,Landaul - Mendon,
S000926,ce soir je vais de chateaubriant a maurs,TRIP,Châteaubriant,Maurs,
S003342,Émerainville - Pontault-Combault - Marmande,TRIP,Émerainville - Pontault-Combault,Marmande,
S006452,je voudrais aller de salles-courbatiès a haluchère batignolles en passant par vannes,TRIP,Salles-Courbatiès,Haluchère Batignolles,Vannes
S002884,Malling Fontenay-le-Fleury,TRIP,Malling,Fontenay-le-Fleury,
S002316,Pourriez-vous me trouver un train de Wisches a Clermont La Pardieu,TRIP,Wisches,Clermont La Pardieu,
S005410,Pourriez-vous me trouver un train de Chessy a Noisy-le-Roi,TRIP,Chessy,Noisy-le-Roi,
S003690,Comment aller de Broons a Villeneuve-le-Roi,TRIP,Broons,Villeneuve-le-Roi,
S009554,ab,UNKNOWN,,,
S001075,J'aimerais aller de Muizon a Ygos-Saint-Saturnin,TRIP,Muizon,Ygos-Saint-Saturnin,
S002161,je voudrais aller de banassac - la canourgue a mouroux,TRIP,Banassac - La Canourgue,Mouroux,
S009256,Vorrei andare da Parigi a Lione,NOT_FRENCH,,,
S002419,je voudrais me rendre a les grésillons depuis teting-sur-nied,TRIP,Teting-sur-Nied,Les Grésillons,
S008808,I would like a train ticket,NOT_FRENCH,,,
S009227,Book a ticket for me,NOT_FRENCH,,,
S005262,Surgères Rosny-sous-Bois,TRIP,Surgères,Rosny-sous-Bois,
S000525,Depart Nezel - Aulnay arrivee Laroquebrou,TRIP,Nézel - Aulnay,Laroquebrou,
S003616,partir de vic-sur-cère pour la tour-du-pin,TRIP,Vic-sur-Cère,La Tour-du-Pin,
S005722,Je dois aller de La Suze-sur-Sarthe a Meaux,TRIP,La Suze-sur-Sarthe,Meaux,
S000477,voyage de avoudrey a nomain,TRIP,Avoudrey,Nomain,
S007926,Super,NOT_TRIP,,,
S003506,comment aller de épluches a sauto,TRIP,Épluches,Sauto,
S003403,Je vais de Meyrargues a Montfavet,TRIP,Meyrargues,Montfavet,
S001157,tours direction saintes,TRIP,Tours,Saintes,
S003340,Depart Compiègne arrivee Maurs,TRIP,Compiègne,Maurs,
S004011,Je vais a Marmande depuis Fresnoy-le-Grand,TRIP,Fresnoy-le-Grand,Marmande,
S000052,depart sain-bel arrivee saint-germain-les-belles,TRIP,Sain-Bel,Saint-Germain-les-Belles,
S003163,L Ferté-Milon puis Vis à Marles,TRIP,La Ferté-Milon,Vis à Marles,
S006498,de le cellier a garges - sarcelles via malesherbes,TRIP,Le Cellier,Garges - Sarcelles,Malesherbes
S000120,"bonjour, je voudrais aller de boucau a lantenay",TRIP,Boucau,Lantenay,
S000369,Je me rends a Babinière depuis Retiers,TRIP,Retiers,Babinière,
S004560,Je voudrais prendre un train de Xeuilley a Turenne,TRIP,Xeuilley,Turenne,
S007645,Je veux aller,NOT_TRIP,,,
S003379,Aller de La Ville-Dieu-du-Temple a Marseille-en-Beauvaisis,TRIP,La Ville-Dieu-du-Temple,Marseille-en-Beauvaisis,
S005698,colombier-fontaine puis breil-sur-roya,TRIP,Colombier-Fontaine,Breil-sur-Roya,
S009340,Un billete de tren por favor,NOT_FRENCH,,,
S003227,Grisolles vers Clacy - Mons,TRIP,Grisolles,Clacy - Mons,
S003640,Je veux prendre le train de Amilly Ouerray a Pruniers-en-Sologne,TRIP,Amilly Ouerray,Pruniers-en-Sologne,
S007439,C'est quoi ce service,NOT_TRIP,,,
S000881,Me rendre de Saint-Georges-de-Luzençon a Chaux-des-Crotenay,TRIP,Saint-Georges-de-Luzençon,Chaux-des-Crotenay,
S003113,Chartrettes vers Nieul,TRIP,Chartrettes,Nieul,
S007131,Nancy est ma soeur,NOT_TRIP,,,
S009731,qwerty,UNKNOWN,,,
S009206,Ein Zug nach Marseille bitte,NOT_FRENCH,,,
S009705,,UNKNOWN,,,
S003502,Je veux aller de Bouaye a Sevres Rive Gauche,TRIP,Bouaye,Sèvres Rive Gauche,
S009321,Ich mochte von Paris nach Lyon fahren,NOT_FRENCH,,,
S003931,Depart Ogeu-les-Bains arrivee Macau,TRIP,Ogeu-les-Bains,Macau,
S000919,Je me rends a Brion - Montréal-la-Cluse depuis Duppigheim,TRIP,Duppigheim,Brion - Montréal-la-Cluse,
S001534,Saint-Pierre-d'Aurillac vers Le Pallet,TRIP,Saint-Pierre-d'Aurillac,Le Pallet,
S002538,margaux puis tanus,TRIP,Margaux,Tanus,
S001436,Direction L'Isle-sur-la-Sorgue - Fontaine-de-Vaucluse au depart de Ille-sur-Têt,TRIP,Ille-sur-Têt,L'Isle-sur-la-Sorgue - Fontaine-de-Vaucluse,
S004833,Direction La Basse Indre - Saint-Herblain au depart de Villiers Montbarbin,TRIP,Villiers Montbarbin,La Basse Indre - Saint-Herblain,
S005759,Je veux prendre le train de La Rochefoucauld a Montpon-Menesterol,TRIP,La Rochefoucauld,Montpon-Ménestérol,
S008207,Hey,NOT_TRIP,,,
S008517,Quiero ir de Paris a Lyon,NOT_FRENCH,,,
S000039,comment aller de esbly a marolles-en-hurepoix,TRIP,Esbly,Marolles-en-Hurepoix,
S005052,Ménil Flin - Évian-les-Bains,TRIP,Ménil Flin,Évian-les-Bains,
S008738,Je want to go Lyon,NOT_FRENCH,,,
S001147,"S'il vous plait, un trajet de Moneteau - Gurgy a Malesherbes",TRIP,Monéteau - Gurgy,Malesherbes,
S002899,je pars de champs - saint-bris et je vais a rethel,TRIP,Champs - Saint-Bris,Rethel,
S002013,Est-ce qu'il y a un train de Angers Saint-Laud a Aumale,TRIP,Angers Saint-Laud,Aumale,
S002698,un train de evry val de seine a pontmort pour demain,TRIP,Évry Val de Seine,Pontmort,
S002913,carcassonne puis manduel-redessan,TRIP,Carcassonne,Manduel-Redessan,
S002235,La Bonneville-sur-Iton - CChamelet,TRIP,La Bonneville-sur-Iton,Chamelet,
S000334,de savy-berlette a villeneuve-saint-georges,TRIP,Savy-Berlette,Villeneuve-Saint-Georges,
S007312,Hey,NOT_TRIP,,,
S001097,je veux aller de don - sainghin a montfort-sur-meu,TRIP,Don - Sainghin,Montfort-sur-Meu,
S008632,Train from Paris to Bordeaux please,NOT_FRENCH,,,
S006519,aller de le breuil-sur-couze a entraigues-sur-la-sorgue avec un arret a maurs,TRIP,Le Breuil-sur-Couze,Entraigues-sur-la-Sorgue,Maurs
S005606,J'aimerais un billet de Fons - Saint-Mamert a La Gouesniere - Cancale - Saint-Meloir-des-Ondes,TRIP,Fons - Saint-Mamert,La Gouesnière - Cancale - Saint-Méloir-des-Ondes,
S009802,test test test,UNKNOWN,,,
S007911,Il fait beau ujaourd'hji,NOT_TRIP,,,
S004542,"S'il vous plait, un trajet de Sannois a Fougeray - Langon",TRIP,Sannois,Fougeray - Langon,
S009267,Ich mochte von Paris nach Lyon fahren,NOT_FRENCH,,,
S008974,Je want to go Lyon,NOT_FRENCH,,,
S001264,y a-t-il un train de viroflay rive droite a montelimar,TRIP,Viroflay Rive Droite,Montélimar,
S000359,Billet Stains La Cerisaie T11 Héricyy,TRIP,Stains La Cerisaie T11,Héricy,
S003530,Comment aller de Auxonne a Rodez ?,TRIP,Auxonne,Rodez,
S004056,Prendre le train de Pontcharra - Saint-Forgeux a Montferrand - Thoraise,TRIP,Pontcharra - Saint-Forgeux,Montferrand - Thoraise,
S009880,@#$%,UNKNOWN,,,
S007927,Genial,NOT_TRIP,,,
S008036,c'est trop cher,NOT_TRIP,,,
S002137,je dois aller de sannois a saint-piat demain,TRIP,Sannois,Saint-Piat,
S000527,de brioude a paris gare de lyon,TRIP,Brioude,Paris Gare de Lyon,
S001133,voyage de durtol - nohanent a gignac - cressensac,TRIP,Durtol - Nohanent,Gignac - Cressensac,
S000257,je vais de brunoy a pezou,TRIP,Brunoy,Pezou,
S003305,y a-t-il un train de vittel a montluçon ?,TRIP,Vittel,Montluçon,
S002465,le molay-littry puis ussel,TRIP,Le Molay-Littry,Ussel,
S007122,Bonjour,NOT_TRIP,,,
S004549,Direction Bons-en-Chablais au depart de La Bouteille,TRIP,La Bouteille,Bons-en-Chablais,
S001994,Je dois aller de Jeumont a Les Ramassiers,TRIP,Jeumont,Les Ramassiers,
S009179,Quiero ir de Paris a Lyon,NOT_FRENCH,,,
S006850,Aller de La Mothe-Saint-Heray a Aubergenville Elisabethville avec un arret a Caussade,TRIP,La Mothe-Saint-Héray,Aubergenville Élisabethville,Caussade
S003741,Un train de Hachette a Moosch pour demain,TRIP,Hachette,Moosch,
S000629,je me rends a munster badischhof depuis poix-terron,TRIP,Poix-Terron,Munster Badischhof,
S008072,Un train,NOT_TRIP,,,
S006918,Train de Laigné - Saint-Gervais a Cires-lès-Mello passant par Cluses,TRIP,Laigné - Saint-Gervais,Cires-lès-Mello,Cluses
S001956,depart ermont halte arrivee ay,TRIP,Ermont Halte,Ay,
S007796,aujourd'hui,NOT_TRIP,,,
S003816,Un train de Port-la-Nouvelle a Kogenheim pour demain,TRIP,Port-la-Nouvelle,Kogenheim,
S002094,je voudrais aller de vergèze - codognan a kalhausen,TRIP,Vergèze - Codognan,Kalhausen,
S003755,un billet de sélestat a luzarches,TRIP,Sélestat,Luzarches,
S006756,aler de Vierzon a Cholet avec un arret a Nogent-sur-Vernisson,TRIP,Vierzon,Cholet,Nogent-sur-Vernisson
S009964,asdfghjkl,UNKNOWN,,,
S004067,Depuis Lannion jusqu'a Habsheim,TRIP,Lannion,Habsheim,
S009699,a,UNKNOWN,,,
S003679,Montreuil-Bellay - Villefranche-sur-Mer,TRIP,Montreuil-Bellay,Villefranche-sur-Mer,
S002797,de scherwiller jusqu'a carnoules,TRIP,Scherwiller,Carnoules,
S006216,Villefranche-de-Lauragais Halsou - Larressore via Aéroport Charles de Gaulle 2 TGV,TRIP,Villefranche-de-Lauragais,Halsou - Larressore,Aéroport Charles de Gaulle 2 TGV
S000430,Saint-Louis La Chaussée direction Hettange-Grande,TRIP,Saint-Louis La Chaussée,Hettange-Grande,
S008603,I want aller a Paris,NOT_FRENCH,,,
S008851,Can you help me,NOT_FRENCH,,,
S009417,Train from Paris to Bordeaux please,NOT_FRENCH,,,
S005782,Train de Yvetot a Nimes,TRIP,Yvetot,Nîmes,
S005212,Partir de Sète vers Jonchery-sur-Vesle,TRIP,Sète,Jonchery-sur-Vesle,
S007585,je veux aller,NOT_TRIP,,,
S004023,Je me rends a Cousance depui Bohain-en-Vermandois,TRIP,Bohain-en-Vermandois,Cousance,
S000979,quel train pour aller de langogne a saint-thégonnec,TRIP,Langogne,Saint-Thégonnec,
S006936,Je veux passer par La Crau pour aller de Villepreux - Les Clayes a Moosch,TRIP,Villepreux - Les Clayes,Moosch,La Crau
S002963,Partir de Munchhausen vers Vic-le-Comte,TRIP,Munchhausen,Vic-le-Comte,
S006856,Callac Dieppe via Saales,TRIP,Callac,Dieppe,Saales
S007167,Les trains sont souvent en retard,NOT_TRIP,,,
S009355,Un billete de tren por favor,NOT_FRENCH,,,
S001703,neufchâteau vers châtel-censoir,TRIP,Neufchâteau,Châtel-Censoir,
S002065,Me rendre de Aillevillers a Paris Saint-Lazare,TRIP,Aillevillers,Paris Saint-Lazare,
S001380,Je voudrais prendre un train de Massy - Verrières a Le Rouget,TRIP,Massy - Verrières,Le Rouget,
S000290,Partir de Garchizy vers Meung-sur-Loire,TRIP,Garchizy,Meung-sur-Loire,
S007075,je veux aller,NOT_TRIP,,,
S001610,Partir de Urçay - La Perche pour Sous le Bois,TRIP,Urçay - La Perche,Sous le Bois,
S001839,quel train de grigny le sablon a le stade ?,TRIP,Grigny le Sablon,Le Stade,
S000819,un train de l'aiguille a messac - guipry pour demain,TRIP,L'Aiguille,Messac - Guipry,
S008022,Demain,NOT_TRIP,,,
S004987,Partir de Sathonay - Rillieux vers Les Sables Blancs,TRIP,Sathonay - Rillieux,Les Sables Blancs,
S005651,Je dois aller de Toulon Sainte-Musse a Vincey,TRIP,Toulon Sainte-Musse,Vincey,
S000138,"bonjour, je voudrais aller de villabe a sainte-anne",TRIP,Villabé,Sainte-Anne,
S001068,Partir de Veynes Dévoluy vers Artix,TRIP,Veynes Dévoluy,Artix,
S006991,Train de Saint-Remy-en-l'Eau a Breitenbach passant par Langeais,TRIP,Saint-Remy-en-l'Eau,Breitenbach,Langeais
S004406,j'aimerais aller de vallorcine a viviez - decazeville,TRIP,Vallorcine,Viviez - Decazeville,
S004506,je voyage de baule a villefranche-du-perigord,TRIP,Baule,Villefranche-du-Périgord,
S002510,Un train de Viviers-du-Lac a Trentels-Ladignac,TRIP,Viviers-du-Lac,Trentels-Ladignac,
S004468,Je dois aller de Liverdun a L'Herbergement - Les Brouzils demain,TRIP,Liverdun,L'Herbergement - Les Brouzils,
S005675,Je voudrais me rendre a Fouquereuil depuis Pont-Sainte-Maxence,TRIP,Pont-Sainte-Maxence,Fouquereuil,
S000384,Je dois aller de Chagny a Saint-Nom-la-Breteche Foret de Marly,TRIP,Chagny,Saint-Nom-la-Bretèche Forêt de Marly,
S000946,Je pars de Marmagne pour aller a Arengosse,TRIP,Marmagne,Arengosse,
S003279,Je veux me rendre a Cordemais en partant de Le Breuil-sur-Couze,TRIP,Le Breuil-sur-Couze,Cordemais,
S004876,Je me rends a Dompierre-sur-Helpe depuis Soissons,TRIP,Soissons,Dompierre-sur-Helpe,
S000458,ce soir je vais de gandrange - amnéville a vonnas,TRIP,Gandrange - Amnéville,Vonnas,
S001931,j'aimerais un billet de nœux-les-mines a le theil - la rouge,TRIP,Nœux-les-Mines,Le Theil - La Rouge,
S005515,Me rendre de La Teste-de-Buch a Négrondes,TRIP,La Teste-de-Buch,Négrondes,
S004478,de lesparre-medoc jusqu'a carnoles,TRIP,Lesparre-Médoc,Carnoles,
S004646,Depuis La Roche-sur-Yon jusqu'a Hombourg-Haut,TRIP,La Roche-sur-Yon,Hombourg-Haut,
S002255,voyage de durtol - nohanent a brax - léguevin,TRIP,Durtol - Nohanent,Brax - Léguevin,
S009288,Train from Paris to Bordeaux please,NOT_FRENCH,,,
S007809,mon ami lyon va bien,NOT_TRIP,,,
S009902,,UNKNOWN,,,
S006057,Je veux passer par Saint-Pierre-sur-Dives pour aller de Dannemarie - Velesmes a Le Vieux Briollay,TRIP,Dannemarie - Velesmes,Le Vieux Briollay,Saint-Pierre-sur-Dives
S007293,D'accord,NOT_TRIP,,,
S007187,Mon ami Lyon va bien,NOT_TRIP,,,
S000575,Comment aller de Genlis a Krimmeri Meinau ?,TRIP,Genlis,Krimmeri Meinau,
S001675,Saint-Cloud puis Biarritz,TRIP,Saint-Cloud,Biarritz,
S009180,Je want to go Lyon,NOT_FRENCH,,,
S008820,I want aller a Paris,NOT_FRENCH,,,
S005861,Prendre le train de Raismes a Saint-Pé-de-Bigorre,TRIP,Raismes,Saint-Pé-de-Bigorre,
S006633,Chapeauroux puis Ludon-Médoc puis Mont-Louis - La Cabanasse,TRIP,Chapeauroux,Mont-Louis - La Cabanasse,Ludon-Médoc
S008259,Bonjour,NOT_TRIP,,,
S007574,je voudrais,NOT_TRIP,,,
S007917,demain,NOT_TRIP,,,
S009007,What is the best route,NOT_FRENCH,,,
S006081,train de thun le paradis a la frayere passant par saint-christophe-vallon,TRIP,Thun le Paradis,La Frayère,Saint-Christophe-Vallon
S007357,Voyage,NOT_TRIP,,,
S006713,De Metz a Les Ramassiers en passant par La Villette Saint-Prest,TRIP,Metz,Les Ramassiers,La Villette Saint-Prest
S009925,asdfghjkl,UNKNOWN,,,
S003370,"Bonjour, je voudraid aller de Betton a Montataire",TRIP,Betton,Montataire,
S007777,Hey,NOT_TRIP,,,
S009303,Un billete de tren por favor,NOT_FRENCH,,,
S006461,"je pars de moreuil, je passe par saint-pierre-sur-dives et j'arrive a pont-de-claix - l'etoile",TRIP,Moreuil,Pont-de-Claix - L'Etoile,Saint-Pierre-sur-Dives
S006762,Je veux paxser par Lyon Pat Diey pour aller de Betton a Recqyignies,TRIP,Betton,Recquignies,Lyon Part Dieu
S005268,Comment allez de Toulouse Matabiau a Givors Canal ?,TRIP,Toulouse Matabiau,Givors Canal,
S007255,A bientot,NOT_TRIP,,,
S005571,Partir de Tarbes pour Ménil Flin,TRIP,Tarbes,Ménil Flin,
S001872,Je voudrais me rendre a Brionne depuis Arleux,TRIP,Arleux,Brionne,
S001129,voyager de l'argentiere les ecrins vers joigny,TRIP,L'Argentière Les Écrins,Joigny,
S006531,de magnac - vicq a freistroff en passant par aigrefeuille le thou,TRIP,Magnac - Vicq,Freistroff,Aigrefeuille le Thou
S005006,Depart de Saint-Maixent-L'Ecole arrivee a Essonnes Robinson,TRIP,Saint-Maixent-L'École,Essonnes Robinson,
S005331,Je veux prendre le train de Saint-Brieuc a Romanèche-Thorins,TRIP,Saint-Brieuc,Romanèche-Thorins,
S002297,J'aimerais un bilet de Nogent-l'Artaud - Charly a Thourotte,TRIP,Nogent-l'Artaud - Charly,Thourotte,
S006316,noyon boulogne-sur-mer via labergement-sainte-marie,TRIP,Noyon,Boulogne-sur-Mer,Labergement-Sainte-Marie
S001702,pourriez-vous me trouver un train de javel a issoire,TRIP,Javel,Issoire,
S009576,,UNKNOWN,,,
S004624,Un yrain de Pléchâtel a Le Bugue,TRIP,Pléchâtel,Le Bugue,
S003509,Cornil - Les Rosiers-sur-Loire,TRIP,Cornil,Les Rosiers-sur-Loire,
S007689,C'est quoi ce service,NOT_TRIP,,,
S001547,je voudrais prendre un train de suevres a chamarande,TRIP,Suèvres,Chamarande,
S003098,Wavrin - Ria-Sirach,TRIP,Wavrin,Ria-Sirach,
S002738,Je voudrais aller de Dieulouard a Beaurainville,TRIP,Dieulouard,Beaurainville,
S001078,depart de pertuis arrivee a sannois,TRIP,Pertuis,Sannois,
S000112,Un train de Rountzenheim a Bannalec,TRIP,Rountzenheim,Bannalec,
S004357,je veux aller de illfurth a saint-pierre-quiberon,TRIP,Illfurth,Saint-Pierre-Quiberon,
S005993,maillé lumes via lison,TRIP,Maillé,Lumes,Lison
S002760,Pavilly puis Bessancourt,TRIP,Pavilly,Bessancourt,
S002077,pourriez-vous me trouver un train de sarcelles - saint-brice a courthézon,TRIP,Sarcelles - Saint-Brice,Courthézon,
S003968,Je voudrais me rendre a Saint-Quentin-Fallavier depuis Montreuil-sur-Ille,TRIP,Montreuil-sur-Ille,Saint-Quentin-Fallavier,
S007890,merci,NOT_TRIP,,,
S008373,comment ca marche,NOT_TRIP,,,
S007856,un train,NOT_TRIP,,,
S005629,Est-ce qu'il y a un train de Luc-la-Primaube a Magny - Blandainville,TRIP,Luc-la-Primaube,Magny - Blandainville,
S007853,C'est quoi ce service,NOT_TRIP,,,
S007306,Aide moi,NOT_TRIP,,,
S007554,Aide moi,NOT_TRIP,,,
S007684,Genial,NOT_TRIP,,,
S001532,Voyager de Dombasle-sur-Meurthe vers Lille Porte de Douai,TRIP,Dombasle-sur-Meurthe,Lille Porte de Douai,
S007905,Coucou,NOT_TRIP,,,
S005233,voyage de grand-combe la pise a anor,TRIP,Grand-Combe la Pise,Anor,
S008518,Wie komme ich nach Bordeaux,NOT_FRENCH,,,
S008234,Les trains sont souvent en retard,NOT_TRIP,,,
S008421,help,NOT_TRIP,,,
S004180,prendre le train de barentin a la jonchère-saint-maurice,TRIP,Barentin,La Jonchère-Saint-Maurice,
S002887,je veux prendre le train de nantes a auchy-les-hesdin,TRIP,Nantes,Auchy-lès-Hesdin,
S004867,Je pars de Reignier-Ésery pour aller a Les Cabrils,TRIP,Reignier-Ésery,Les Cabrils,
S002643,Un billet de Bas - Monistrol-sur-Loire a Marly-le-Roi,TRIP,Bas - Monistrol-sur-Loire,Marly-le-Roi,
S003129,Trois Chênes - Vendôme - Villiers-sur-Loir TGV,TRIP,Trois Chênes,Vendôme - Villiers-sur-Loir TGV,
S002020,y a-t-il un train de martigues a fismes ?,TRIP,Martigues,Fismes,
S003247,depart de loulay arrivee a houilles - carrières-sur-seine,TRIP,Loulay,Houilles - Carrières-sur-Seine,
S001730,Voyage de Cholet a Saint-Malo,TRIP,Cholet,Saint-Malo,
S006006,"Je pars de Bessancourt, je passe par Vauboyen et j'arrive a Freinville Sevran",TRIP,Bessancourt,Freinville Sevran,Vauboyen
S002467,Je voudrais me rendre a Ke Catau-Cambrésis depuis Aubagne,TRIP,Aubagne,Le Cateau-Cambrésis,
S003097,Quel train de Carnoles a Boussy-Saint-Antoine ?,TRIP,Carnoles,Boussy-Saint-Antoine,
S004736,Quel train de Flers a Montrichard ?,TRIP,Flers,Montrichard,
S006254,de pauillac a mérignac arlac via rothau,TRIP,Pauillac,Mérignac Arlac,Rothau
S008757,Ein Zug nach Marseille bitte,NOT_FRENCH,,,
S003038,Demain je pars de Fons - Saint-Mamert pour Frépillon,TRIP,Fons - Saint-Mamert,Frépillon,
S001565,Je veux me rendre a Pornic en partant de Verdun,TRIP,Verdun,Pornic,
S007116,La SNCF c'est pas mal,NOT_TRIP,,,
S008769,I want aller a Paris,NOT_FRENCH,,,
S005633,Voyager de Branderion vers Gilley,TRIP,Brandérion,Gilley,
S004353,Je dois aller de Pont-de-Claix - L'Etoile a Viroflay Rive Droite demain,TRIP,Pont-de-Claix - L'Etoile,Viroflay Rive Droite,
S002537,Quel train pour aller de Gan a Pont-Remy,TRIP,Gan,Pont-Remy,
S003071,Un billet de Marseille Saint-Charles a Wambrechies,TRIP,Marseille Saint-Charles,Wambrechies,
S006795,De Ruffec vers Argelès-sur-Mer avec correspondance a Savennières - Béhuard,TRIP,Ruffec,Argelès-sur-Mer,Savennières - Béhuard
S005381,Comnent almer de Sarlat-la-Canéda a anteuuil-le-Haudouin,TRIP,Sarlat-la-Canéda,Nanteuil-le-Haudouin,
S008221,Arriver,NOT_TRIP,,,
S007843,je n'aime pas voyager,NOT_TRIP,,,
S005961,le haut banc thann centre via bischheim,TRIP,Le Haut Banc,Thann Centre,Bischheim
S003541,Prendre le train de Groslay a Amiens,TRIP,Groslay,Amiens,
S002063,Je voudrais prendre un traon de Vernouuillet - Veerneuil a Foche-lez-Beaupré,TRIP,Vernouillet - Verneuil,Roche-lez-Beaupré,
S000608,pont de sallaumines - trélazé,TRIP,Pont de Sallaumines,Trélazé,
S003147,y a-t-il un train de gazeran a traou nez ?,TRIP,Gazeran,Traou Nez,
S007619,voyage,NOT_TRIP,,,
S000400,un train de bains-les-bains a morre,TRIP,Bains-les-Bains,Morre,
S000318,Je veux me rendre a Montigny-sur-Loing en partant de La Suze-sur-Sarthe,TRIP,La Suze-sur-Sarthe,Montigny-sur-Loing,
S000538,J'aimerais un billet de Condé-sur-Huisne a Lyon Gorge de Loup,TRIP,Condé-sur-Huisne,Lyon Gorge de Loup,
S003205,est-ce qu'il y a un train de saint-agne a folligny,TRIP,Saint-Agne,Folligny,
S001440,prendre le train de vaux-sur-seine a nogent-le-rotrou,TRIP,Vaux-sur-Seine,Nogent-le-Rotrou,
S008720,Ich mochte von Paris nach Lyon fahren,NOT_FRENCH,,,
S001047,voyaje de Villeneuve-sur-Allier a Dives-sur-Mer Port Guillaume,TRIP,Villeneuve-sur-Allier,Dives-sur-Mer Port Guillaume,
S006384,Villeheriviers Sait-Laurent-de-la-Prée - Fouras via Montaigjt-le-Blanc,TRIP,Villeherviers,Saint-Laurent-de-la-Prée - Fouras,Montaigut-le-Blanc
S000224,je voudrais me rendre a villeneuve-la-comtesse depuis écommoy,TRIP,Écommoy,Villeneuve-la-Comtesse,
S009396,How do I get to Marseille,NOT_FRENCH,,,
S001529,Je souhaite aller de Arvant a Aime - La Plagne,TRIP,Arvant,Aime - La Plagne,
S006587,De Bagneaux-sur-Loing vers Vendenheim avec correspondance a Thenissey,TRIP,Bagneaux-sur-Loing,Vendenheim,Thenissey
S001231,Aller de Éragny - Neuville a Kilstett,TRIP,Éragny - Neuville,Kilstett,
S009158,How do I get to Marseille,NOT_FRENCH,,,
S000265,Train de Morre a Chocques,TRIP,Morre,Chocques,
S003611,Je voudrais aller de Morvillars a Le Penity,TRIP,Morvillars,Le Pénity,
S008342,D'accord,NOT_TRIP,,,
S007740,Ok,NOT_TRIP,,,
S003855,"S'il vous plqit, un trajet de léchâtem a Sainy-acques-de-la-Lanfe",TRIP,Pléchâtel,Saint-Jacques-de-la-Lande,
S005110,Me rendre de Bessay-sur-Allier a Bressuire,TRIP,Bessay-sur-Allier,Bressuire,
S008785,I would like a train ticket,NOT_FRENCH,,,
S003958,Je me rends a Marchezais - Broué depuis Saint-Étienne-du-Rouvray,TRIP,Saint-Étienne-du-Rouvray,Marchezais - Broué,
S007088,Nice de te rencontrer,NOT_TRIP,,,
S001169,quel train pour aller de saint-omer a ecully - tassin,TRIP,Saint-Omer,Ecully - Tassin,
S003724,direction saverne au depart de leforest,TRIP,Leforest,Saverne,
S009425,Ich mochte von Paris nach Lyon fahren,NOT_FRENCH,,,
S007287,Je m'appelle Paris,NOT_TRIP,,,
S001168,Je voyage de Arcy-sur-Cure a Plouigneau,TRIP,Arcy-sur-Cure,Plouigneau,
S008268,C'est trop cher,NOT_TRIP,,,
S008850,Como llego a Marsella,NOT_FRENCH,,,
S006880,Je veux passer par Aigues-Mortes pour aller de Chanac a Kalhausen,TRIP,Chanac,Kalhausen,Aigues-Mortes
S004778,Train de Liesle a Civrieux-d'Azergues,TRIP,Liesle,Civrieux-d'Azergues,
S002507,Aller de Hargicourt - Pierrepont a Saujon,TRIP,Hargicourt - Pierrepont,Saujon,
S005257,y a-t-il un train de menton garavan a sainte-geneviève-des-bois ?,TRIP,Menton Garavan,Sainte-Geneviève-des-Bois,
S007408,Super,NOT_TRIP,,,
S003510,est-ce qu'il y a un train de le thor a bussiere-galant,TRIP,Le Thor,Bussière-Galant,
S001392,Pourriez-vous me trouver un train de Mouroux a Remise à Jorelle,TRIP,Mouroux,Remise à Jorelle,
S007485,j'ai rencontre marseille hier,NOT_TRIP,,,
S000232,J'aimerais aller de Villefranche-de-Lauragais a Montreuil sur Mer,TRIP,Villefranche-de-Lauragais,Montreuil sur Mer,
S009579,???,UNKNOWN,,,
S002688,Je veux aller de Rresnoy-le-Grand a Montrjesu - Gourdan-Polignan,TRIP,Fresnoy-le-Grand,Montréjeau - Gourdan-Polignan,
S007425,La SNCF c'est pas mal,NOT_TRIP,,,
S004562,De Vic-sur-Cere jusqu'a Gargenville,TRIP,Vic-sur-Cère,Gargenville,
S002106,Je veux me rendre a Messac - Guipry en partant de La Fontaine,TRIP,La Fontaine,Messac - Guipry,
S008273,Merci,NOT_TRIP,,,
S005639,Billet Pontanevaux L'Hermitage - Mordelles,TRIP,Pontanevaux,L'Hermitage - Mordelles,
S003631,Je oudraus aller de aint-Cyr Les Lecques - La Cadière z Sous le Bois,TRIP,Saint-Cyr Les Lecques - La Cadière,Sous le Bois,
S004548,Je me rends a Port Boulet depuis Rosières-aux-Salines,TRIP,Rosières-aux-Salines,Port Boulet,
S005297,Je voudrais aller de Boulogne Tintelleries a Saint-Dizier,TRIP,Boulogne Tintelleries,Saint-Dizier,
S008446,Nice de te rencontrer,NOT_TRIP,,,
S006674,De Vaumoise vers Saint-Gildas-des-Bois avec correspondance a Mezeriat,TRIP,Vaumoise,Saint-Gildas-des-Bois,Mézériat
S008507,Un biglietto per Marsiglia,NOT_FRENCH,,,
S009393,I want to go from Paris to Lyon,NOT_FRENCH,,,
S005258,je veux me rendre a raon-l'étape en partant de origny-en-thiérache,TRIP,Origny-en-Thiérache,Raon-l'Étape,
S001354,Prendre le train de Lavilletertre a Angers Saint-Laud,TRIP,Lavilletertre,Angers Saint-Laud,
S000504,turenne puis donzère,TRIP,Turenne,Donzère,
S001085,Pourriez-vous me trouver un train de Rabastens - Coufouleux a Montsûrs,TRIP,Rabastens - Coufouleux,Montsûrs,
S000105,Je voudrais aller de Langeais a Limersheim,TRIP,Langeais,Limersheim,
S003769,Je voudrais aller de Méry-sur-Oise a Saint-Clément - Laronxe,TRIP,Méry-sur-Oise,Saint-Clément - Laronxe,
S004131,Quel train pour aller de Challans a Le Creusot - Montceau-les-Mines - Montchanin TGV,TRIP,Challans,Le Creusot - Montceau-les-Mines - Montchanin TGV,
S003805,Pourriez-vous me trouver un train de Pont-sur-onne a Wambaix,TRIP,Pont-sur-Yonne,Wambaix,
S009479,Ein Zug nach Marseille bitte,NOT_FRENCH,,,
S008999,Je want to go Lyon,NOT_FRENCH,,,
S007054,Il fait beau aujourd'hui,NOT_TRIP,,,
S008490,Arriver,NOT_TRIP,,,
S002498,Me rendre de Garchizy a Wilwisheim,TRIP,Garchizy,Wilwisheim,
S002646,partir de ales pour louvres,TRIP,Alès,Louvres,
S001677,partir de bègles vers saint-laurent-d'aigouze,TRIP,Bègles,Saint-Laurent-d'Aigouze,
S004840,Comment aller de Faremoutiers - Pommeuse a Triel-sur-Seine,TRIP,Faremoutiers - Pommeuse,Triel-sur-Seine,
S005275,de foucart - alvimare jusqu'a broye,TRIP,Foucart - Alvimare,Broye,
S007227,Nice de te rencontrer,NOT_TRIP,,,
S004705,Me rendre de Le Chenay Gagny a Chartrettes,TRIP,Le Chénay Gagny,Chartrettes,
S009130,Un billete de tren por favor,NOT_FRENCH,,,
S005281,Marignac-St-Béat Grésy-sur-Isère,TRIP,Marignac-St-Béat,Grésy-sur-Isère,
S002407,Boussy-Saint-Antoine direction Vic-sur-Cère,TRIP,Boussy-Saint-Antoine,Vic-sur-Cère,
S000414,De Jarrie - Vizille a Quimperlé,TRIP,Jarrie - Vizille,Quimperlé,
S004254,Vraincourt-Viéville - Cergy le Haut,TRIP,Vraincourt-Viéville,Cergy le Haut,
S004331,Train de Chateau-Thierry a Gonfaron,TRIP,Château-Thierry,Gonfaron,
S008123,aide moi,NOT_TRIP,,,
S000337,Billet Villeneuve-les-Maguelone Roissy-en-Brie,TRIP,Villeneuve-lès-Maguelone,Roissy-en-Brie,
S009216,How do I get to Marseille,NOT_FRENCH,,,
S007155,salut,NOT_TRIP,,,
S004345,depart eu arrivee carnoules,TRIP,Eu,Carnoules,
S006424,de saint-julien-du-sault a st-germain-st-remy en passant par bolquere-eyne,TRIP,Saint-Julien-du-Sault,St-Germain-St-Rémy,Bolquère-Eyne
S003882,Y a-t-il un train de Kontroeuil-Bellay a Xaint-Brice-sur-Vienne ?,TRIP,Montreuil-Bellay,Saint-Brice-sur-Vienne,
S009768,@#$%,UNKNOWN,,,
S006644,Olette - Canaveilles Aéroport harlzs de Galke 1 va Saint-Nom-la-Bretècje Forêt de Marly T13,TRIP,Olette - Canaveilles,Aéroport Charles de Gaulle 1,Saint-Nom-la-Bretèche Forêt de Marly T13
S000703,Un train de Rue a Collioure pour demain,TRIP,Rue,Collioure,
S002621,"bonjour, je voudrais aller de digoin a saint-pierre-des-corps",TRIP,Digoin,Saint-Pierre-des-Corps,
S002450,Je voudrais prendre un train de Igney a Montoir-de-Bretagne,TRIP,Igney,Montoir-de-Bretagne,
S000574,Un train de Pierre-Bénite a Saint-Victor-l'Abbaye pour demain,TRIP,Pierre-Bénite,Saint-Victor-l'Abbaye,
S006275,Je voudrais aller de Mohon a Gretz-Armainvilliers en passant par Vienne,TRIP,Mohon,Gretz-Armainvilliers,Vienne
S007611,Merci,NOT_TRIP,,,
S000474,Un train de Nanterre Université a Pont-à-Mousson pour demain,TRIP,Nanterre Université,Pont-à-Mousson,
S003823,Ce soir je vais de Dannemarie a Le Puy-en-Velay,TRIP,Dannemarie,Le Puy-en-Velay,
S008248,Voyage,NOT_TRIP,,,
S007643,genial,NOT_TRIP,,,
S007111,je m'appelle paris,NOT_TRIP,,,
S001322,je vais a pont petit depuis moreuil,TRIP,Moreuil,Pont Petit,
S006339,Je veux passer par Yffiniac pour aller de Nerondes a Bouray,TRIP,Nérondes,Bouray,Yffiniac
S006853,Train de Jarrie - Vizille a Saint-Sulpice - Izon passant par Breuillet - Bruyeres-le-Chatel,TRIP,Jarrie - Vizille,Saint-Sulpice - Izon,Breuillet - Bruyères-le-Châtel
S004324,Depuis Pleudihen-sur-Rance jusqu'a Salon-de-Provence,TRIP,Pleudihen-sur-Rance,Salon-de-Provence,
S005332,Train de Vidauban a Saint-Vit,TRIP,Vidauban,Saint-Vit,
S009292,Vorrei andare da Parigi a Lione,NOT_FRENCH,,,
S003525,j'aimerais un billet de brumath a sarreguemines,TRIP,Brumath,Sarreguemines,
S008338,Bonjour,NOT_TRIP,,,
S009391,I want aller a Paris,NOT_FRENCH,,,
S007386,Il fait beau aujourd'hui,NOT_TRIP,,,
S002484,Folligny puis Lutzelhouse,TRIP,Folligny,Lutzelhouse,
S006834,Je vooudrais aller de Vandières a Épouvllle en passant par Ballancourt-sur-Essnne,TRIP,Vandières,Épouville,Ballancourt-sur-Essonne
S007064,Partir,NOT_TRIP,,,
S005916,Partir de Marles-en-Brie vers Byans-sur-Doubs,TRIP,Marles-en-Brie,Byans-sur-Doubs,
S003197,comment aller de landerneau a provenchères-sur-fave ?,TRIP,Landerneau,Provenchères-sur-Fave,
S007682,J'aime les trains,NOT_TRIP,,,
S006489,Je voudrais aller de Montauban-de-Bretagne a Pont de la Deûle en passant par Jaunay-Clan,TRIP,Montauban-de-Bretagne,Pont de la Deûle,Jaunay-Clan
S005737,Me rendre de Saint-Jean-de-Maurienne Arvan a Sarralbe,TRIP,Saint-Jean-de-Maurienne Arvan,Sarralbe,
S004388,Depart de Laboissière - Le Déluge arrivee a Noisy-le-Sec,TRIP,Laboissière - Le Déluge,Noisy-le-Sec,
S000592,quel train de saint-leon-sur-l'isle a roubaix ?,TRIP,Saint-Léon-sur-l'Isle,Roubaix,
S002253,Un tran de Cassel a Tricot pour demain,TRIP,Cassel,Tricot,
S002051,"s'il vous plait, un trajet de champagne-sur-seine a valdahon",TRIP,Champagne-sur-Seine,Valdahon,
S000565,Demain je parrs de Aix-les-Bains le Revard pour Beetoncelles,TRIP,Aix-les-Bains le Revard,Bretoncelles,
S002026,"S'il vous plait, un trajet de Maurois a Bergerac",TRIP,Maurois,Bergerac,
S007371,Voyage,NOT_TRIP,,,
S003316,Aller de Sarliève - Cournon a Saint-Savinien,TRIP,Sarliève - Cournon,Saint-Savinien,
S002642,Depart Lamotte-Beuvron arrivee Quiberon,TRIP,Lamotte-Beuvron,Quiberon,
S005375,De Arnage a Boucau,TRIP,Arnage,Boucau,
S005844,Un train de Villetaneuse Université a Brignais pour demain,TRIP,Villetaneuse Université,Brignais,
S003220,Billet Is-sur-Tille Loos lez Lille,TRIP,Is-sur-Tille,Loos lez Lille,
S008927,Can you help me,NOT_FRENCH,,,
S009787,aaaaaaaa,UNKNOWN,,,
S000146,ce soir je vais de rochy-condé a bourges,TRIP,Rochy-Condé,Bourges,
S001649,Je dois aller de Kruth a Bourgoin-Jallieu demain,TRIP,Kruth,Bourgoin-Jallieu,
S008641,Ich mochte von Paris nach Lyon fahren,NOT_FRENCH,,,
S005963,houdan lannemezan via le puy-en-velay,TRIP,Houdan,Lannemezan,Le Puy-en-Velay
S004040,je voyage de champs - saint-bris a bellac,TRIP,Champs - Saint-Bris,Bellac,
S001967,est-ce qu'il y a un train de veigné a flavy-le-martel,TRIP,Veigné,Flavy-le-Martel,
S003703,"S'il vous plait, un trajet de Sathonay - Rillieux a Montbrison",TRIP,Sathonay - Rillieux,Montbrison,
S005871,je me rends a villefranque depuis vézelise,TRIP,Vézelise,Villefranque,
S003980,Je voudrais aller de Avenue Henri Martin a Bourron-Marlotte - Grez,TRIP,Avenue Henri Martin,Bourron-Marlotte - Grez,
S003753,Un billet de Carnoles a Mothern,TRIP,Carnoles,Mothern,
S007873,J'aime les trains,NOT_TRIP,,,
S000729,ranspach marquixanes,TRIP,Ranspach,Marquixanes,
S008184,il fait beau aujourd'hui,NOT_TRIP,,,
S006642,je veux passer par hénin-beaumont pour aller de vichy a biarritz,TRIP,Vichy,Biarritz,Hénin-Beaumont
S008503,Ein Zug nach Marseille bitte,NOT_FRENCH,,,
S007139,Comment cs marche,NOT_TRIP,,,
S005860,y a-t-il un train de riom - chatel-guyon a saint-pierre-quiberon,TRIP,Riom - Châtel-Guyon,Saint-Pierre-Quiberon,
S002144,Y a-t-il un train de Carmaux a La Loupe,TRIP,Carmaux,La Loupe,
S000730,Je veux aller de Saint-Hilaire-de-Riez a Podensac,TRIP,Saint-Hilaire-de-Riez,Podensac,
S004489,J'aimerais aller de Lancey a Saint-Priest-Taurion,TRIP,Lancey,Saint-Priest-Taurion,
S007557,Il fait beau aujourd'hui,NOT_TRIP,,,
S008043,Je n'aime pas voyager,NOT_TRIP,,,
S007282,A bientot,NOT_TRIP,,,
S004574,Depart de Solignac - Le Vigen arrivee a Saint-Vallier sur Rhône,TRIP,Solignac - Le Vigen,Saint-Vallier sur Rhône,
S005679,Je dois aller de Meriel a Latour-de-Carol - Enveitg,TRIP,Mériel,Latour-de-Carol - Enveitg,
S002579,je souhaite aller de marcheprime a sainte-colombe,TRIP,Marcheprime,Sainte-Colombe,
S002950,est-ce qu'il y a un train de beaumont-le-roger a épouville,TRIP,Beaumont-le-Roger,Épouville,
S008719,Book a ticket for me,NOT_FRENCH,,,
S003632,argenton-sur-creuse puis saint-rambert-en-bugey,TRIP,Argenton-sur-Creuse,Saint-Rambert-en-Bugey,
S000452,Je souhaite aller de Longueville-sur-Scie a Hochfelden,TRIP,Longueville-sur-Scie,Hochfelden,
S003834,Le Teich - Port-Saint-Père - Saint-Mars,TRIP,Le Teich,Port-Saint-Père - Saint-Mars,
S001422,Duttlenheim Saint-Victor-l'Abbaye,TRIP,Duttlenheim,Saint-Victor-l'Abbaye,
S000016,de beauvais a vénissieux,TRIP,Beauvais,Vénissieux,
S000899,Comment aller de Aulnat Aéroport a Dieulouard ?,TRIP,Aulnat Aéroport,Dieulouard,
S009244,Wie komme ich nach Bordeaux,NOT_FRENCH,,,
S001950,y a-t-il un train de kurtzenhouse a mionnay ?,TRIP,Kurtzenhouse,Mionnay,
S002877,Depuis Sevran - Livry jusqu'a Saint-Étienne Carnot,TRIP,Sevran - Livry,Saint-Étienne Carnot,
S000664,Le Molay-Littry - Saint-Paterne-Racan,TRIP,Le Molay-Littry,Saint-Paterne-Racan,
S007520,je veux aller,NOT_TRIP,,,
S009279,Ein Zug nach Marseille bitte,NOT_FRENCH,,,
S008232,Au revooir,NOT_TRIP,,,
S006574,de voutré vers allassac avec correspondance a la hume,TRIP,Voutré,Allassac,La Hume
S006148,de le mée-sur-seine a lieusaint - moissy via vertaizon,TRIP,Le Mée-sur-Seine,Lieusaint - Moissy,Vertaizon
S007884,Aujourd'hui,NOT_TRIP,,,
S002179,prendre le train de saint-germain-du-puy a montataire,TRIP,Saint-Germain-du-Puy,Montataire,
S002805,halte de fontanil-lycée de drap - chocques,TRIP,Halte de Fontanil-Lycée de Drap,Chocques,
S006746,De Avignon TGVu vers Baollargues avrc correspondance a Stadae de France Saint-Denis,TRIP,Avignon TGV,Baillargues,Stade de France Saint-Denis
S005282,Voyager de Corseul - Languenan vers Fépin,TRIP,Corseul - Languenan,Fépin,
S003146,Les Ormes direction Tieffenbach - Struth,TRIP,Les Ormes,Tieffenbach - Struth,
S006841,Je voudrais aller de Montfort-l'Amaury - Mere a La Crau en passant par Frejus,TRIP,Montfort-l'Amaury - Méré,La Crau,Fréjus
S009197,I need to travel tomorrow,NOT_FRENCH,,,
S002348,demain je pars de issou - porcheville pour tonnerre,TRIP,Issou - Porcheville,Tonnerre,
S004773,un train de sevres rive gauche a varades - saint-florent le vieil,TRIP,Sèvres Rive Gauche,Varades - Saint-Florent le Vieil,
S003935,Maisons-Laffitte vers Éloyes,TRIP,Maisons-Laffitte,Éloyes,
S007451,bonsoir,NOT_TRIP,,,
S007771,Bonsoir,NOT_TRIP,,,
S001494,Est-ce qu'il y a un train de Basse-Ham a Danjoutin,TRIP,Basse-Ham,Danjoutin,
S009073,Train from Paris to Bordeaux please,NOT_FRENCH,,,
S002639,Y a-t-il un train de Aubazines - Saint-Hilaire a Manosque - Gréoux-les-Bains ?,TRIP,Aubazines - Saint-Hilaire,Manosque - Gréoux-les-Bains,
S002277,Demain je pars de Auffay pour Noyelles-sur-Mer,TRIP,Auffay,Noyelles-sur-Mer,
S002745,Direction Saint-Sébastien Pas Enchantés au depart de Collonges-lès-Premières,TRIP,Collonges-lès-Premières,Saint-Sébastien Pas Enchantés,
S008556,Je want to go Lyon,NOT_FRENCH,,,
S002470,Train de Pierrelaye a Albert,TRIP,Pierrelaye,Albert,
S003109,Comment aller de Fos-sur-Mer a Lentilly Charpenay ?,TRIP,Fos-sur-Mer,Lentilly Charpenay,
S005775,Partir de Rabastens - Coufouleux vers Joué-lès-Tours,TRIP,Rabastens - Coufouleux,Joué-lès-Tours,
S003904,Je me rends a Couilly - Saint-Germain - Quincy depuis Le Thor,TRIP,Le Thor,Couilly - Saint-Germain - Quincy,
S002314,Je dois aller de Pont de Lignon a Lunas demain,TRIP,Pont de Lignon,Lunas,
S001865,"S'il vous plaot, un traejet de Morteau a Miramas",TRIP,Morteau,Miramas,
S002369,y a-t-il un train de pontorson - mont-saint-michel a artenay,TRIP,Pontorson - Mont-Saint-Michel,Artenay,
S002968,Billet La Gorp Nort-sur-Erdre,TRIP,La Gorp,Nort-sur-Erdre,
S003333,Est-ce qu'il y a un train de Louroux-de-Bouble a Poix-Terron,TRIP,Louroux-de-Bouble,Poix-Terron,
S005468,Je veux me rendre a Méricourt - Ribemont en partant de La Penne-sur-Huveaune,TRIP,La Penne-sur-Huveaune,Méricourt - Ribemont,
S003254,Je dois aller de Avranches a Choisy-le-Roi demain,TRIP,Avranches,Choisy-le-Roi,
S000571,Y a-t-il un train se Valleroy - Moinzvile a Dardillly Le Jubin ?,TRIP,Valleroy - Moineville,Dardilly Le Jubin,
S005537,de pont du garigliano - hôpital européen georges pompidou jusqu'a thiers,TRIP,Pont du Garigliano - Hôpital Européen Georges Pompidou,Thiers,
S000861,je pars de livron-sur-drôme pour aller a prin-deyrançon,TRIP,Livron-sur-Drôme,Prin-Deyrançon,
S001980,Billet L'Aigle Chevaigne,TRIP,L'Aigle,Chevaigné,
S006440,De Formerie a Le Creusot - Montceau-les-Mines - Montchanin TGV via Montville,TRIP,Formerie,Le Creusot - Montceau-les-Mines - Montchanin TGV,Montville
S000768,je souhaite aller de rochefort a sainte-lizaigne,TRIP,Rochefort,Sainte-Lizaigne,
S000851,Je vais de Ceilhes - Roqueredonde a Mommenheim,TRIP,Ceilhes - Roqueredonde,Mommenheim,
S008711,I want to go from Paris to Lyon,NOT_FRENCH,,,
S005926,depuit Villeneuve-Loubet jusqu'a La Rivière de Mansac,TRIP,Villeneuve-Loubet,La Rivière de Mansac,
S007748,Super,NOT_TRIP,,,
S003136,Train de Orange a Nice Saint-Augustin,TRIP,Orange,Nice Saint-Augustin,
S006837,brandérion jarville-la-malgrange via conflans-sainte-honorine,TRIP,Brandérion,Jarville-la-Malgrange,Conflans-Sainte-Honorine
S003250,Ce soir je vais de Saint-Sulpice - Izon a Lardy,TRIP,Saint-Sulpice - Izon,Lardy,
S000845,Je veux me rendre a Arbsnats eni partant de Ebersheim,TRIP,Ebersheim,Arbanats,
S005702,je vais a saint-michel-sur-orge depuis trélazé,TRIP,Trélazé,Saint-Michel-sur-Orge,
S005894,aulnat aéroport - la norville - saint-germain-lès-arpajon,TRIP,Aulnat Aéroport,La Norville - Saint-Germain-lès-Arpajon,
S006140,Train de Gisors a Marvejols passant par Serres,TRIP,Gisors,Marvejols,Serres
S009165,Wie komme ich nach Bordeaux,NOT_FRENCH,,,
S000693,Un train de Cransac a La Ferte-Saint-Aubin pour demain,TRIP,Cransac,La Ferté-Saint-Aubin,
S006708,Morhange Reichshoffen via Sevran Beaudottes,TRIP,Morhange,Reichshoffen,Sevran Beaudottes
S006739,"Je pars de Bouaye, je passe par Générac et j'arrive a Dompierre-sur-Helpe",TRIP,Bouaye,Dompierre-sur-Helpe,Générac
S008859,Can you help me,NOT_FRENCH,,,
S004365,depuis sollies-pont jusqu'a sevres - ville-d'avray,TRIP,Solliès-Pont,Sèvres - Ville-d'Avray,
S000757,Je dois aller de Grisolles a Saint-Lo,TRIP,Grisolles,Saint-Lô,
S006177,De Compans vers Thiennes avec correspondance a Taverny,TRIP,Compans,Thiennes,Taverny
S007941,hello,NOT_TRIP,,,
S003087,Depart Limersheim arrivee Moûtiers - Salins - Brides-les-Bains,TRIP,Limersheim,Moûtiers - Salins - Brides-les-Bains,
S000041,y a-t-il un train de deûlémont a baume-les-dames,TRIP,Deûlémont,Baume-les-Dames,
S009663,qwerty,UNKNOWN,,,
S009754,@#$%,UNKNOWN,,,
S007999,Salut,NOT_TRIP,,,
S006340,Je voudrais aller de Xertigny a Saint-Rambert-en-Bugey en passant par Libercourt,TRIP,Xertigny,Saint-Rambert-en-Bugey,Libercourt
S009471,What is the best route,NOT_FRENCH,,,
S001846,Je voudrais aller de Graffenwald a Sisteron,TRIP,Graffenwald,Sisteron,
S001273,Je pars de Voreppe et je vais a Savigny-le-Temple - Nandy,TRIP,Voreppe,Savigny-le-Temple - Nandy,
S002429,De Bully - Grenay jusqu'a Dijon,TRIP,Bully - Grenay,Dijon,
S003170,je vais a chemilly - appoigny depuis le merlerault,TRIP,Le Merlerault,Chemilly - Appoigny,
S007714,j'ai rencontre marseille hier,NOT_TRIP,,,
S001530,Depuis Mâcon jusqu'a Salon-de-Provence,TRIP,Mâcon,Salon-de-Provence,
S000982,la ménitré direction villers-bretonneux,TRIP,La Ménitré,Villers-Bretonneux,
S008364,Je m'appelle Paris,NOT_TRIP,,,
S006008,saint-gratien puis saint-hilaire - saint-nazaire puis saint-gildas-des-bois,TRIP,Saint-Gratien,Saint-Gildas-des-Bois,Saint-Hilaire - Saint-Nazaire
S003899,Vrigne-Meuse direction La Hume,TRIP,Vrigne-Meuse,La Hume,
S008585,Ich mochte von Paris nach Lyon fahren,NOT_FRENCH,,,
S006083,De Toulin a Le Vieux Brriollay via Boulouris sur Mer,TRIP,Toulon,Le Vieux Briollay,Boulouris sur Mer
S001116,Mont de Terre puis Le Monastier-Pin-Moriès,TRIP,Mont de Terre,Le Monastier-Pin-Moriès,
S003887,voyager de châtel - nomexy vers clelles - mens,TRIP,Châtel - Nomexy,Clelles - Mens,
S002315,Quel tran pour aller de Paris Gare du ord a Ivty-sur-Seine,TRIP,Paris Gare du Nord,Ivry-sur-Seine,
S003180,Comment aller de Castelnaudary a Blanquefort ?,TRIP,Castelnaudary,Blanquefort,
S005435,je voyage de voreppe a corbehem,TRIP,Voreppe,Corbehem,
S008378,Arriver,NOT_TRIP,,,
S000908,Je vais a Strazeele depuis Mqrtres-Tolosanae,TRIP,Martres-Tolosane,Strazeele,
S007614,A bientot,NOT_TRIP,,,
S006374,Aller de Mouy - Bury a La Gorp avec un arret a Saubusse,TRIP,Mouy - Bury,La Gorp,Saubusse
S000632,je vais de bourron-marlotte - grez a la ville-dieu-du-temple,TRIP,Bourron-Marlotte - Grez,La Ville-Dieu-du-Temple,
S008089,C'est trop cher,NOT_TRIP,,,
S006336,Wavrin Montaigu via Chepy-Valines,TRIP,Wavrin,Montaigu,Chepy-Valines
S003837,Direction La Souterraine au depart de Sorgues - Chateauneuf-du-Pape,TRIP,Sorgues - Châteauneuf-du-Pape,La Souterraine,
S004175,direction coueron au depart de les pelerins,TRIP,Les Pélerins,Couëron,
S004455,Je souhaite aller de La Redonne Ensuès a Moirans,TRIP,La Redonne Ensuès,Moirans,
S009844,qwerty,UNKNOWN,,,
S007428,Demain,NOT_TRIP,,,
S009031,I need to travel tomorrow,NOT_FRENCH,,,
S004784,Voyager de Meudon Val Fleury vers Luçon,TRIP,Meudon Val Fleury,Luçon,
S001214,Je dois aller de Nogent-l'Artaud - Charly a Groisy - Thorens-Glières demain,TRIP,Nogent-l'Artaud - Charly,Groisy - Thorens-Glières,
S007793,Arriver,NOT_TRIP,,,
S002148,De Loonguyon a Limoux Flassian,TRIP,Longuyon,Limoux Flassian,
S004673,Metzervisse vers La Crau,TRIP,Metzervisse,La Crau,
S003832,Depart Chamelet arrivee Sainte-Colombe Septveilles,TRIP,Chamelet,Sainte-Colombe Septveilles,
S006890,je voudrais aller de moulins sur allier a roeschwoog en passant par les cabrils,TRIP,Moulins sur Allier,Roeschwoog,Les Cabrils
S000856,je voudrais prendre un train de barsac a matzenheim,TRIP,Barsac,Matzenheim,
S004157,Train de Valençay a Pons,TRIP,Valençay,Pons,
S006171,Je veux passer par Les Boullereaux Champigny pour aller de Longwy a Maizieres-les-Metz,TRIP,Longwy,Maizières-lès-Metz,Les Boullereaux Champigny
S002238,Pourriez-vous me trouver un train de Sartrouville a Bourgoin-Jallieu,TRIP,Sartrouville,Bourgoin-Jallieu,
S006771,bollwiller puis chantenay puis notre-dame de briançon,TRIP,Bollwiller,Notre-Dame de Briançon,Chantenay
S009914,blablabla,UNKNOWN,,,
S002226,Je vais de Villenouvelle a Bar-le-Duc,TRIP,Villenouvelle,Bar-le-Duc,
S002225,Je vais de Vigneux-sur-Seine a Le Vaureiat,TRIP,Vigneux-sur-Seine,Le Vauriat,
S005708,je voyage de pontrieux a teillé,TRIP,Pontrieux,Teillé,
S008067,Demain,NOT_TRIP,,,
S008628,Je want to go Lyon,NOT_FRENCH,,,
S003119,Direction Villetaneuse Université au depart de Ebersheim,TRIP,Ebersheim,Villetaneuse Université,
S009452,Un billete de tren por favor,NOT_FRENCH,,,
S009669,asdfghjkl,UNKNOWN,,,
S005430,Voyager de Bourges vers Lyon Jean Macé,TRIP,Bourges,Lyon Jean Macé,
S007930,aujourd'hui,NOT_TRIP,,,
S007467,Partir,NOT_TRIP,,,
S005169,je voudrais me rendre a millau depuis vivonne,TRIP,Vivonne,Millau,
S002656,je pars de villiers-le-bel - gonesse - arnouville et je vais a langres,TRIP,Villiers-le-Bel - Gonesse - Arnouville,Langres,
S000455,Je pars de Bischheim poyr aller a Nogent-l'Artaud - Charly,TRIP,Bischheim,Nogent-l'Artaud - Charly,
S007622,Les trains sont souvent en retard,NOT_TRIP,,,
S002780,Anse Halte puis Monnaie,TRIP,Anse Halte,Monnaie,
S005985,De Vincey vers Gemeaux avec correspondance a Saint-Jory,TRIP,Vincey,Gemeaux,Saint-Jory
S002514,Demain je pars de Marquixanes pour Château-Arnoux-Saint-Auban,TRIP,Marquixanes,Château-Arnoux-Saint-Auban,
S001098,ce soir je vais de avenay a longueil-sainte-marie,TRIP,Avenay,Longueil-Sainte-Marie,
S005240,Je voudrais prendre un train de Belfort - Montbéliard TGV a Biganos Facture,TRIP,Belfort - Montbéliard TGV,Biganos Facture,
S001768,Demain je pars de Saint-Quentiun pour Geispolsheim,TRIP,Saint-Quentin,Geispolsheim,
S001345,Je souhaite aller de Sermaise a Essonnes Robonqon,TRIP,Sermaise,Essonnes Robinson,
S005486,partir de anthéor cap roux vers notre-dame-d'oé,TRIP,Anthéor Cap Roux,Notre-Dame-d'Oé,
S008946,I want aller a Paris,NOT_FRENCH,,,
S003273,je pars de chateaubourg et je vais a voujeaucourt,TRIP,Châteaubourg,Voujeaucourt,
S001664,"S'il vous plait, un trajet de Saint-Julien - Clenay a Bauvin - Provin",TRIP,Saint-Julien - Clénay,Bauvin - Provin,
S000735,je pars de ozoir-la-ferrière pour aller a thomery,TRIP,Ozoir-la-Ferrière,Thomery,
S003063,billet vermenton cobrieux,TRIP,Vermenton,Cobrieux,
S005401,Un train de Mayet a Clelles - Mens,TRIP,Mayet,Clelles - Mens,
S001850,je pars de thourotte et je vais a épluches,TRIP,Thourotte,Épluches,
S003074,Je me rends a Verneuil-l'Étang depuis Mennetou-sur-Cher,TRIP,Mennetou-sur-Cher,Verneuil-l'Étang,
S006104,de montbard a lezennes via machecoul,TRIP,Montbard,Lezennes,Machecoul
S003244,voyage de besançon viotte a plaisir - grignon,TRIP,Besançon Viotte,Plaisir - Grignon,
S009210,I would like a train ticket,NOT_FRENCH,,,
S003772,Voyager de Vincey vers Saint-Martin du Touch,TRIP,Vincey,Saint-Martin du Touch,
S000029,Saint-Lothain puis Moirans La Galifette,TRIP,Saint-Lothain,Moirans La Galifette,
S007257,Ok,NOT_TRIP,,,
S008814,How do I get to Marseille,NOT_FRENCH,,,
S001185,ce soir je vais de dourdan la foret a ponthierry - pringy,TRIP,Dourdan La Forêt,Ponthierry - Pringy,
S005428,Prendre le train de Andorre – l’Hospitalet a Guéthary,TRIP,Andorre – l’Hospitalet,Guéthary,
S000281,j'aimerais un billet de gretz-armainvilliers a le bosquet,TRIP,Gretz-Armainvilliers,Le Bosquet,
S003540,Je souhaite aller de Le Coteau a L'Estaque,TRIP,Le Coteau,L'Estaque,
S004897,Un billet de La Douzillere a Laneuveville-devant-Nancy,TRIP,La Douzillère,Laneuveville-devant-Nancy,
S000207,depart saint-leonard-de-noblat arrivee fontenay-le-fleury,TRIP,Saint-Léonard-de-Noblat,Fontenay-le-Fleury,
S007837,Hello,NOT_TRIP,,,
S003150,Train de Gretz-Armainvilliers a Saint-Martin d'Étampes,TRIP,Gretz-Armainvilliers,Saint-Martin d'Étampes,
S009764,ab,UNKNOWN,,,
S006195,de bagnols - chadenet a le burg via hirson,TRIP,Bagnols - Chadenet,Le Burg,Hirson
S007646,Tu fais quoi,NOT_TRIP,,,
S006103,Aller de Aubigne-Racan a Les Pelerins avec un arret a Civrieux-d'Azergues,TRIP,Aubigné-Racan,Les Pélerins,Civrieux-d'Azergues
S005908,Train de Coursan a Nanterre La Folie,TRIP,Coursan,Nanterre La Folie,
S004070,Depuis La Mothe-Saint-Heray jusqu'a La Jarrie,TRIP,La Mothe-Saint-Héray,La Jarrie,
S007699,Aide moi,NOT_TRIP,,,
S004580,Je voudrais prendre un train de Ecully - Tassin a Chevaigné,TRIP,Ecully - Tassin,Chevaigné,
S005881,je vais a muhlbach-sur-munster depuis vesoul,TRIP,Vesoul,Muhlbach-sur-Munster,
S006121,De Morez vers Bois-le-Roi avec correspondance a Saujon,TRIP,Morez,Bois-le-Roi,Saujon
S001131,Pourriez-vous me trouver un train de La Plaine Stade de France - Saint-Denis - Aubervilliers a Chorges,TRIP,La Plaine Stade de France - Saint-Denis - Aubervilliers,Chorges,
S007641,Voyage,NOT_TRIP,,,
S001644,Limoges Montjovis puis Villepreux - Les Clayes,TRIP,Limoges Montjovis,Villepreux - Les Clayes,
S006752,Millas puis Aguilcourt - Variscourt puis Vernou-la-Celle-sur-Seine,TRIP,Millas,Vernou-la-Celle-sur-Seine,Aguilcourt - Variscourt
S003512,un train de nurieux-volognat a chartres pour demain,TRIP,Nurieux-Volognat,Chartres,
S002151,Depuis Corcy jusqu'a Remy,TRIP,Corcy,Remy,
S007009,Lez trains sont souvent en retard,NOT_TRIP,,,
S003278,depart de la borne blanche arrivee a le theil-de-bretagne,TRIP,La Borne Blanche,Le Theil-de-Bretagne,
S005676,Comment aller de Pantin a Port-Brillet ?,TRIP,Pantin,Port-Brillet,
S001759,Train de Ille-sur-Têt a Collonges-lès-Premières,TRIP,Ille-sur-Têt,Collonges-lès-Premières,
S005264,Saint-Quentin-Fallavier direction Lisle-sur-Tarn,TRIP,Saint-Quentin-Fallavier,Lisle-sur-Tarn,
S002576,de croix sainte a viviez - decazeville,TRIP,Croix Sainte,Viviez - Decazeville,
S004686,je veux me rendre a buno - gironville en partant de calais - frethun,TRIP,Calais - Fréthun,Buno - Gironville,
S005031,voyage de cercy-la-tour a le toec,TRIP,Cercy-la-Tour,Le Toec,
S000928,"S'il vous plait, un trajet de Chamonix-Mont-Blanc a Mazamet",TRIP,Chamonix-Mont-Blanc,Mazamet,
S001861,Commennt aller de La Couronnne Carro a Cerizay,TRIP,La Couronne Carro,Cerizay,
S001077,fumay audruicq,TRIP,Fumay,Audruicq,
S009615,@#$%,UNKNOWN,,,
S005377,nomain choisy-le-roi,TRIP,Nomain,Choisy-le-Roi,
S004173,prendre le train de l'isle-d'abeau a urcay - la perche,TRIP,L'Isle-d'Abeau,Urçay - La Perche,
S007362,Voyage,NOT_TRIP,,,
S009872,@#$%,UNKNOWN,,,
S005476,aller de mont-louis - la cabanasse a bergues,TRIP,Mont-Louis - La Cabanasse,Bergues,
S004954,J'aimerais aller de Krimmeri Meinau a Laragne-Monteglin,TRIP,Krimmeri Meinau,Laragne-Montéglin,
S000220,Un train de Bruyères a Bailleul,TRIP,Bruyères,Bailleul,
S008422,Aide moi,NOT_TRIP,,,
S000296,Pourriez-vous me trouver un train de Béna-Fanes a Mauzac-et-Grand-Castang,TRIP,Béna-Fanes,Mauzac-et-Grand-Castang,
S008792,I would like a train ticket,NOT_FRENCH,,,
S003858,comment aller de chambly a venerque - vernet,TRIP,Chambly,Venerque - Vernet,
S006628,De Saint-Pierre-en-Faucigny vers Petit Jouy - Les Loges avec correspondance a Viry-Châtillon,TRIP,Saint-Pierre-en-Faucigny,Petit Jouy - Les Loges,Viry-Châtillon
S000387,Demain je pars de Eguzon-Chantome pour Severac-d'Aveyron,TRIP,Éguzon-Chantôme,Sévérac-d'Aveyron,
S008031,Troyes est un prenom original,NOT_TRIP,,,
S005836,Je dois aller de Ronchamp a Murat,TRIP,Ronchamp,Murat,
S008732,How do I get to Marseille,NOT_FRENCH,,,
S001558,Un train de Hellemmes a Golfech,TRIP,Hellemmes,Golfech,
S001454,Je me rends a Raismes depuis Marchezais - Broue,TRIP,Marchezais - Broué,Raismes,
S005201,Pourriez-vous me trouver un train de Chagny a Xertigny,TRIP,Chagny,Xertigny,
S006061,Aller de Saint-Macaire a Mantes-la-Jolie avec un arret a Dieulouard,TRIP,Saint-Macaire,Mantes-la-Jolie,Dieulouard
S001271,j'aimerais un billet de ebersheim a marvejols,TRIP,Ebersheim,Marvejols,
S009695,@#$%,UNKNOWN,,,
S007209,Ok,NOT_TRIP,,,
S005943,Je veux prendre le train de Wimille - Wiimereux a Weyersheim,TRIP,Wimille - Wimereux,Weyersheim,
S006721,je veux passer par conflans-sainte-honorine pour aller de wissembourg a les sables-d'olonne,TRIP,Wissembourg,Les Sables-d'Olonne,Conflans-Sainte-Honorine
S009624,test test test,UNKNOWN,,,
S003107,Je veux aller de Bagnac-sur-Célé a Lentilly,TRIP,Bagnac-sur-Célé,Lentilly,
S005655,Un bilmet de Quieron  Le Mée-sur-Seine,TRIP,Quiberon,Le Mée-sur-Seine,
S005659,je pars de avenay et je vais a pont cardinet,TRIP,Avenay,Pont Cardinet,
S005749,Je vais de Farbus a Mertzwiller,TRIP,Farbus,Mertzwiller,
S004813,Voyage de Prin-Deyrançon a Beslé,TRIP,Prin-Deyrançon,Beslé,
S000998,j'aimerais un billet de mignaloux - nouaille a osses - saint-martin-d'arrossa,TRIP,Mignaloux - Nouaillé,Ossès - Saint-Martin-d'Arrossa,
S008407,merci,NOT_TRIP,,,
S007647,Il fait beau aujourd'hui,NOT_TRIP,,,
S000467,un train de tincques a balsieges,TRIP,Tincques,Balsièges,
S003949,Un train de Villedieu-les-Poeles a Le Blanc-Mesnil pour demain,TRIP,Villedieu-les-Poêles,Le Blanc-Mesnil,
S005111,Depuis Orgon jusqu'a Mehun-sur-Yèvre,TRIP,Orgon,Mehun-sur-Yèvre,
S008103,La SNCF c'est pas mal,NOT_TRIP,,,
S001364,je pars de les arcs - draguignan et je vais a chamonix-mont-blanc,TRIP,Les Arcs - Draguignan,Chamonix-Mont-Blanc,
S002317,Un train de Corrèze a Saint-Nom-la-Bretèche Forêt de Marly T13 pour demain,TRIP,Corrèze,Saint-Nom-la-Bretèche Forêt de Marly T13,
S004133,De Rougemont Chanteloup a Les Abrets - Fitilieu,TRIP,Rougemont Chanteloup,Les Abrets - Fitilieu,
S000779,depart de orleans arrivee a branderion,TRIP,Orléans,Brandérion,
S009513,123456,UNKNOWN,,,
S005885,y a-t-il un train de fréjus a aiserey ?,TRIP,Fréjus,Aiserey,
S000229,J'aimerais aller de Saint-Jean-de-Luz - Ciboure a Septèmes-les-Vallons,TRIP,Saint-Jean-de-Luz - Ciboure,Septèmes-les-Vallons,
S005474,Combs-la-Ville - Quincy - Montfort-le-Gesnois,TRIP,Combs-la-Ville - Quincy,Montfort-le-Gesnois,
S008559,Book a ticket for me,NOT_FRENCH,,,
S004472,"S'il vous plait, un trajet de Meru a Saint-Ay",TRIP,Méru,Saint-Ay,
S009538,!!!,UNKNOWN,,,
S001780,De Soultz-sous-Forêts jusqu'a Kurtzenhouse,TRIP,Soultz-sous-Forêts,Kurtzenhouse,
S005387,Me rendre de Saint-Médard-sur-Ille a Enghien-les-Bains,TRIP,Saint-Médard-sur-Ille,Enghien-les-Bains,
S003459,Cercy-la-Tour - Bauvin - Provin,TRIP,Cercy-la-Tour,Bauvin - Provin,
S009442,What is the best route,NOT_FRENCH,,,
S005967,"je pars de saint-astier, je passe par galuzot et j'arrive a crisse",TRIP,Saint-Astier,Crissé,Galuzot
S000083,Je pars de Base Aérienne pour aller a Pornic,TRIP,Base Aérienne,Pornic,
S007525,Qu'est-ce que tu peux faire,NOT_TRIP,,,
S002736,Je veux me rendre a Mer en partant de Caen,TRIP,Caen,Mer,
S005982,De Teillé a Rosheim en passant par Meuse TGV,TRIP,Teillé,Rosheim,Meuse TGV
S004430,je vais de verneuil-l'étang a bordeaux saint-jean,TRIP,Verneuil-l'Étang,Bordeaux Saint-Jean,
S005503,Je voudrais prendre un train de Tonnay-Charente a Hoffen,TRIP,Tonnay-Charente,Hoffen,
S006945,de saint-jean-de-luz - ciboure vers auboue avec correspondance a rouesse-vasse,TRIP,Saint-Jean-de-Luz - Ciboure,Auboué,Rouessé-Vassé
S007382,Coucou,NOT_TRIP,,,
S007916,A bientot,NOT_TRIP,,,
S002819,Aller de Verneuil-l'Étang a Montbard,TRIP,Verneuil-l'Étang,Montbard,
S008154,Help,NOT_TRIP,,,
S004307,Est-ce qu'il y a un train de Les Grésillons a École-Valentin,TRIP,Les Grésillons,École-Valentin,
S004637,Je voudrais aller de Neufchateau a Baziege,TRIP,Neufchâteau,Baziège,
S001030,depart bully - grenay arrivee pontanevaux,TRIP,Bully - Grenay,Pontanevaux,
S001700,Je dois aller de Saint-Jacques-de-la-Lande a Saint-Leger-sur-Dheune demain,TRIP,Saint-Jacques-de-la-Lande,Saint-Léger-sur-Dheune,
S004779,Val d'Argenteuil puis Turckheim,TRIP,Val d'Argenteuil,Turckheim,
S004120,J'aimerais aller de Rivarennes a Lentilly Charpenay,TRIP,Rivarennes,Lentilly Charpenay,
S007527,Hey,NOT_TRIP,,,
S003442,Voyager de Farschviller vers Stade de France Saint-Denis,TRIP,Farschviller,Stade de France Saint-Denis,
S001114,Me rendre de Saint-Victor - Thizy a Montigny - Beauchamp,TRIP,Saint-Victor - Thizy,Montigny - Beauchamp,
S009641,!!!,UNKNOWN,,,
S004189,partir de pont de la deûle pour gallieni cancéropôle,TRIP,Pont de la Deûle,Gallieni Cancéropôle,
S007317,Ok,NOT_TRIP,,,
S000223,Je vais de Foix a Messein,TRIP,Foix,Messein,
S007704,Un train,NOT_TRIP,,,
S003555,Partir de Mantes Station pour Saint-Raphael Valescure,TRIP,Mantes Station,Saint-Raphaël Valescure,
S007233,Tu fais quoi,NOT_TRIP,,,
S003233,Je voyage de Champagne-sur-Seine a Couzon-au-Mont-d'Or,TRIP,Champagne-sur-Seine,Couzon-au-Mont-d'Or,
S008264,Nice de td rencontrer,NOT_TRIP,,,
S009472,I need to travel tomorrow,NOT_FRENCH,,,
S009167,Un biglietto per Marsiglia,NOT_FRENCH,,,
S005465,Un billet de Le Soler a Arches,TRIP,Le Soler,Arches,
S009859,???,UNKNOWN,,,
S003576,Je pars de Montastruc-la-Conseillère pour aller a Bueil,TRIP,Montastruc-la-Conseillère,Bueil,
S004434,Dee Barr jusqu'a Longpont,TRIP,Barr,Longpont,
S005839,Pontrieux Halte direction Sainte-Pazanne,TRIP,Pontrieux Halte,Sainte-Pazanne,
S005591,Voyager de Montereau vers Montlueel,TRIP,Montereau,Montluel,
S008358,au revoir,NOT_TRIP,,,
S006958,Je voudrais aller de Esches a Baziege en passant par Etaples - Le Touquet,TRIP,Esches,Baziège,Étaples - Le Touquet
S006125,de chaponval a mâcon via bassens,TRIP,Chaponval,Mâcon,Bassens
S009588,???,UNKNOWN,,,
S006954,je veux passer par villefranche-de-rouergue pour aller de oermingen a aubrives,TRIP,Oermingen,Aubrives,Villefranche-de-Rouergue
S006848,De Recquignies a Mauzac-et-Grand-Castang via Rosult,TRIP,Recquignies,Mauzac-et-Grand-Castang,Rosult
S001156,Je voudrais me rendre a Baccarat depuis Les Pélerins,TRIP,Les Pélerins,Baccarat,
S009547,,UNKNOWN,,,
S005159,je voudrais me rendre a joinville depuis kalhausen,TRIP,Kalhausen,Joinville,
S004967,Y a-t-il un train de Saint-Médard-d'Eyrans a Alençon ?,TRIP,Saint-Médard-d'Eyrans,Alençon,
S004800,Je voudrais me rendre a Saint-Jean-de-Luz - Ciboure depuis Homécourt,TRIP,Homécourt,Saint-Jean-de-Luz - Ciboure,
S000228,Me rendre de Niversac a Remise à Jorelle,TRIP,Niversac,Remise à Jorelle,
S007123,Arriver,NOT_TRIP,,,
S009835,qwerty,UNKNOWN,,,
S002613,Je voudrais me rendre a Arcachon depuis Gonfaron,TRIP,Gonfaron,Arcachon,
S000535,voyage de boussy-saint-antoine a monteux,TRIP,Boussy-Saint-Antoine,Monteux,
S006506,De Coignieres vers Lacelle avec correspondance a Teille,TRIP,Coignières,Lacelle,Teillé
S007692,La SNCF c'est pas mal,NOT_TRIP,,,
S001053,Pont Petit vers Bourron-Marlotte - Grez,TRIP,Pont Petit,Bourron-Marlotte - Grez,
S005623,demain je pars de dole pour chabris,TRIP,Dole,Chabris,
S002624,un billet de saint-pol-sur-ternoise a châteaulin,TRIP,Saint-Pol-sur-Ternoise,Châteaulin,
S003497,Les Pelerins Boulouris sur Mer,TRIP,Les Pélerins,Boulouris sur Mer,
S000788,Comment aller de Aulnat Aéroport a Sierck-les-Bains,TRIP,Aulnat Aéroport,Sierck-les-Bains,
S007544,Bonsoir,NOT_TRIP,,,
S005413,Je veux aller de Saint-Piat a Écouen - Ézanville,TRIP,Saint-Piat,Écouen - Ézanville,
S004368,Je souhaitei aller de Laneuveville-devant-Nancy a Chauumont,TRIP,Laneuveville-devant-Nancy,Chaumont,
S001796,train de cassel a monteux,TRIP,Cassel,Monteux,
S006577,Coarraze - Nay Porte de Clichy via Laval-de-Cère,TRIP,Coarraze - Nay,Porte de Clichy,Laval-de-Cère
S007676,Il fait beau aujourd'hui,NOT_TRIP,,,
S000584,je pars de cherbourg-en-cotentin pour aller a marigny,TRIP,Cherbourg-en-Cotentin,Marigny,
S004100,Je pars de Murat et je vais a Chamalières-sur-Loirae,TRIP,Murat,Chamalières-sur-Loire,
S009801,ab,UNKNOWN,,,
S002457,Billet Vernou-la-Celle-sur-Seine La Mothe-Achard,TRIP,Vernou-la-Celle-sur-Seine,La Mothe-Achard,
S003141,Je veux prendre le train de Héricourt a Montfort-l'Amaury - Méré,TRIP,Héricourt,Montfort-l'Amaury - Méré,
S004144,Un billet de Beslé a Les Aubrais,TRIP,Beslé,Les Aubrais,
S007218,Help,NOT_TRIP,,,
S001615,Je voudrais prendre un trin de Luxé a Reuilly,TRIP,Luxé,Reuilly,
S003001,Escalquens direction Lisle-sur-Tarn,TRIP,Escalquens,Lisle-sur-Tarn,
S008869,Ich mochte von Paris nach Lyon fahren,NOT_FRENCH,,,
S006306,De Hatrize vers Le Pouliguen avec correspondance a Montreuil-sur-Therain,TRIP,Hatrize,Le Pouliguen,Montreuil-sur-Thérain
S000274,un billet de morre a besle,TRIP,Morre,Beslé,
S002519,Partir de Hesdigneul-les-Boulogne pour Vauboyen,TRIP,Hesdigneul-lès-Boulogne,Vauboyen,
S002062,Je pars de Vimy pour aller a Chelles - Gournay,TRIP,Vimy,Chelles - Gournay,
S003029,labruguière vers saint-amarin,TRIP,Labruguière,Saint-Amarin,
S008848,Book a ticket for me,NOT_FRENCH,,,
S009678,test test test,UNKNOWN,,,
S009701,ab,UNKNOWN,,,
S001680,je voyage de ille-sur-têt a avenue henri martin,TRIP,Ille-sur-Têt,Avenue Henri Martin,
S002278,Je vais a Messein depuis Le Val d'Or,TRIP,Le Val d'Or,Messein,
S002694,Comment aller de Lalbenque - Fontanes a Bretoncelles ?,TRIP,Lalbenque - Fontanes,Bretoncelles,
S008998,Un biglietto per Marsiglia,NOT_FRENCH,,,
S006894,je voudrais aller de courbevoie a epanvilliers en passant par ars-sur-moselle,TRIP,Courbevoie,Épanvilliers,Ars-sur-Moselle
S000599,est-ce qu'il y a un train de aumale a retiers,TRIP,Aumale,Retiers,
S007728,Vooyage,NOT_TRIP,,,
S000548,billet le luc - le cannet boisseaux,TRIP,Le Luc - Le Cannet,Boisseaux,
S009704,qwerty,UNKNOWN,,,
S009128,Vorrei andare da Parigi a Lione,NOT_FRENCH,,,
S006742,"Je pars de Aubrives, je passe par Pringy et j'arrive a Nice",TRIP,Aubrives,Nice,Pringy
S009310,How do I get to Marseille,NOT_FRENCH,,,
S002083,Partir de Aix-en-Provence TGV vers La Barasse,TRIP,Aix-en-Provence TGV,La Barasse,
S004429,Partir de Roanne pour Dunkerque,TRIP,Roanne,Dunkerque,
S005816,Je voudrais prendre un train de Corps-Nuds a Munster Badischhof,TRIP,Corps-Nuds,Munster Badischhof,
S000912,Je veux me rendre a Évreux Normandie en partant de Méroux,TRIP,Méroux,Évreux Normandie,
S001126,Ne voudrais prendre un train de Gklly-sur-Loire a Obermodern-Zutzendorf,TRIP,Gilly-sur-Loire,Obermodern-Zutzendorf,
S007967,J'ai rencontre Marseille hier,NOT_TRIP,,,
S004007,Je veux prendre le train de Thieux - Nantouillet a Mulhouse Musees,TRIP,Thieux - Nantouillet,Mulhouse Musées,
S004089,de villeneuve-la-comtesse a muizon,TRIP,Villeneuve-la-Comtesse,Muizon,
S001984,je veux aller de chedde a dettwiller,TRIP,Chedde,Dettwiller,
S001255,Voyager de Clelles - Mens vers Belloy - Saint-Martin,TRIP,Clelles - Mens,Belloy - Saint-Martin,
S004140,je pars de goxwiller et je vais a boucau,TRIP,Goxwiller,Boucau,
S002796,Je vais a Saint-Pierre-le-Moûtier depuis Chambéry - Challes-les-Eaux,TRIP,Chambéry - Challes-les-Eaux,Saint-Pierre-le-Moûtier,
S004431,Nîmes puis La Meyze,TRIP,Nîmes,La Meyze,
S000462,Je veux me rendre a Pont de Dore en partant de Plaisir - Les Clayes,TRIP,Plaisir - Les Clayes,Pont de Dore,
S006638,"Je parz de Rourracih, je passe par Roubaix et j'arrrive a La Feerté-seous-Jouarre",TRIP,Rouffach,La Ferté-sous-Jouarre,Roubaix
S009960,test test test,UNKNOWN,,,
S000201,train de vittel a bas évette,TRIP,Vittel,Bas Évette,
S009708,???,UNKNOWN,,,
S003239,Je souhaite aller de Machilly a Wambaix,TRIP,Machilly,Wambaix,
S007675,Hello,NOT_TRIP,,,
S004810,Je dois aller de Plénée-Jugon a Villefranche-sur-Mer demain,TRIP,Plénée-Jugon,Villefranche-sur-Mer,
S008062,Bonjour,NOT_TRIP,,,
S005984,train de la défense a l'abbaye passant par châteauroux,TRIP,La Défense,L'Abbaye,Châteauroux
S007662,J'aime les trains,NOT_TRIP,,,
S007982,Au revoir,NOT_TRIP,,,
S009970,???,UNKNOWN,,,
S009334,Je want to go Lyon,NOT_FRENCH,,,
S006875,de montlucon rimard a thomery via ermont - eaubonne,TRIP,Montluçon Rimard,Thomery,Ermont - Eaubonne
S003386,Y a-t-il un train d Faubourg d'Orléans a Marquette ?,TRIP,Faubourg d'Orléans,Marquette,
S008329,genial,NOT_TRIP,,,
S005697,Un billet de Dirinon a Pomas,TRIP,Dirinon,Pomas,
S002357,Je veux aller de Annecy a Sarre-Union,TRIP,Annecy,Sarre-Union,
S000961,direction haluchere batignolles au depart de lisieux,TRIP,Lisieux,Haluchère Batignolles,
S005504,Y a-t-il un tran de Vauboyen a Givors Canal ?,TRIP,Vauboyen,Givors Canal,
S001252,depart de saint-martin du touch arrivee a appilly,TRIP,Saint-Martin du Touch,Appilly,
S006238,De Taconnaz a Salon-de-Provence en passant par Vendôme - Villiers-sur-Loir TGV,TRIP,Taconnaz,Salon-de-Provence,Vendôme - Villiers-sur-Loir TGV
S001472,Je souhaite aller de Miraumont a Gennevilliers,TRIP,Miraumont,Gennevilliers,
S007196,Mon ami Lyon va bien,NOT_TRIP,,,
S002109,Quel train de Montluel a Langres ?,TRIP,Montluel,Langres,
S006047,Je veux passer par Montgeron - Crosne pour aller de Itxassou a Murat,TRIP,Itxassou,Murat,Montgeron - Crosne
S009062,I want to go from Paris to Lyon,NOT_FRENCH,,,
S008044,Il fait beau aujourd'hui,NOT_TRIP,,,
S001118,Je veux prendre le train de Vieilleville a Reignier-Esery,TRIP,Vieilleville,Reignier-Ésery,
S003490,Un trin de Rosières-en-Santerre a Lesquin,TRIP,Rosières-en-Santerre,Lesquin,
S008970,Vorrei andare da Parigi a Lione,NOT_FRENCH,,,
S000981,Comment allez de La Loupe a Albertville,TRIP,La Loupe,Albertville,
S005173,j'aimerais aller de châtel-censoir a bellevue,TRIP,Châtel-Censoir,Bellevue,
S002744,Je dois aller de Maisons-Alfort - Alfortville a Toul,TRIP,Maisons-Alfort - Alfortville,Toul,
S000589,Partir de Louvres pour Saint-Victor - Thizy,TRIP,Louvres,Saint-Victor - Thizy,
S004754,Un train de La Mothe-Achard a Abancourt pour demain,TRIP,La Mothe-Achard,Abancourt,
S001552,Depuis Amilly Ouerray jusqu'a Nuits sous Ravières,TRIP,Amilly Ouerray,Nuits sous Ravières,
S005415,Depart Brion - Montreal-la-Cluse arrivee Farbus,TRIP,Brion - Montréal-la-Cluse,Farbus,
S009863,???,UNKNOWN,,,
S006248,De Les Houches a Monnaie via Reuilly,TRIP,Les Houches,Monnaie,Reuilly
S004316,Je veux aller de Montauban Ville Bourbon a Vertaizon,TRIP,Montauban Ville Bourbon,Vertaizon,
S006967,De Lavilletertre a Aix-les-Bains le Revard via Vaulry,TRIP,Lavilletertre,Aix-les-Bains le Revard,Vaulry
S000781,Comment aller de Château-Thierry a Alençon,TRIP,Château-Thierry,Alençon,
S004457,Un train de Barentin a Noizay,TRIP,Barentin,Noizay,
S007783,Mon ami Lyon va bien,NOT_TRIP,,,
S005178,Je voudrais pfendre un graiin de Orgon a Nieppe,TRIP,Orgon,Nieppe,
S006365,tran de Coursan a Thonon-les-Bains passant par Cenon,TRIP,Coursan,Thonon-les-Bains,Cenon
S001934,je veux aller de ormoy-villers a marmande,TRIP,Ormoy-Villers,Marmande,
S007346,Voyage,NOT_TRIP,,,
S009562,,UNKNOWN,,,
S008441,D'accord,NOT_TRIP,,,
S004759,Prendre le train de Ermont - Eaubonne a Alai,TRIP,Ermont - Eaubonne,Alaï,
S003331,Me rendre de Sevran Beaudottes a Paris Saint-Lazare,TRIP,Sevran Beaudottes,Paris Saint-Lazare,
S003058,"bonjour, je voudrais aller de limay a joncherey",TRIP,Limay,Joncherey,
S008122,Je voudrais,NOT_TRIP,,,
S008629,I want aller a Paris,NOT_FRENCH,,,
S005273,Quel train pour aller de Vaudagne a Plancoët,TRIP,Vaudagne,Plancoët,
S004398,Comment aller de Essonnes Robinson a Souppes - Château-Landon,TRIP,Essonnes Robinson,Souppes - Château-Landon,
S009183,Wie komme ich nach Bordeaux,NOT_FRENCH,,,
S003925,J'aimerais un billet de Saverne a Krimmeri Meinau,TRIP,Saverne,Krimmeri Meinau,
S008939,Quiero ir de Paris a Lyon,NOT_FRENCH,,,
S006654,je voudrais aller de aiguillon a faubourg d'orléans en passant par champtocé-sur-loire,TRIP,Aiguillon,Faubourg d'Orléans,Champtocé-sur-Loire
S003743,pourriez-vous me trouver un train de précy-sur-oise a montry - condé,TRIP,Précy-sur-Oise,Montry - Condé,
S002475,depuis la bohalle jusqu'a strazeele,TRIP,La Bohalle,Strazeele,
S003927,J'aimerais un billet de Croix Sainte a Miribel,TRIP,Croix Sainte,Miribel,
S009951,   ,UNKNOWN,,,
S007644,Salut,NOT_TRIP,,,
S008224,La SNCF c'est pas mal,NOT_TRIP,,,
S001224,Partir de Fourqueux - Bel-Air vers Beynost,TRIP,Fourqueux - Bel-Air,Beynost,
S008188,Je n'aime pas voyager,NOT_TRIP,,,
S007025,les trains sont souvent en retard,NOT_TRIP,,,
S006722,je voudrais aller de veigné a faulquemont en passant par paris montparnasse,TRIP,Veigné,Faulquemont,Paris Montparnasse
S008733,Wie komme ich nach Bordeaux,NOT_FRENCH,,,
S002440,Billet Dardilly Les Mouilles Coucy-lès-Eppes,TRIP,Dardilly Les Mouilles,Coucy-lès-Eppes,
S008401,Merci,NOT_TRIP,,,
S003744,Je vveux prendre le traain de Chantilly - Gouvieux a Cravant - BBazaarnes,TRIP,Chantilly - Gouvieux,Cravant - Bazarnes,
S003888,Je dois aller de Raismes a Port-de-Bouc,TRIP,Raismes,Port-de-Bouc,
S005593,Dd Marseille-en-Beauvaisis a Coyluiboeuf,TRIP,Marseille-en-Beauvaisis,Couliboeuf,
S004990,J'aimerais un billet de Pornic a Corgoloin,TRIP,Pornic,Corgoloin,
S000375,direction fraisses - unieux au depart de lille chr,TRIP,Lille CHR,Fraisses - Unieux,
S008975,Can you help me,NOT_FRENCH,,,
S004943,Voyager de Ambronay - Priay vers Ingersheim - Cité Scolaire,TRIP,Ambronay - Priay,Ingersheim - Cité Scolaire,
S000660,je veux aller de port-de-piles a le soler,TRIP,Port-de-Piles,Le Soler,
S003940,Je voudraiis me rendre a Mutzig depuiux Bayon,TRIP,Bayon,Mutzig,
S000277,Je voudrais aller de Challans a Rassuen,TRIP,Challans,Rassuen,
S003851,Quel train pour aller de Longjumeau a Ranchot,TRIP,Longjumeau,Ranchot,
S004374,Je vais de Èze a Alleyras,TRIP,Èze,Alleyras,
S004139,quel train pour aller de sainte-eulalie - carbon-blanc a albert,TRIP,Sainte-Eulalie - Carbon-Blanc,Albert,
S006309,Aller de Fos-sur-Mer a Cergy Préfecture avec un arret a Lyon Saint-Exupéry TGV,TRIP,Fos-sur-Mer,Cergy Préfecture,Lyon Saint-Exupéry TGV
S008383,Comment ca marche,NOT_TRIP,,,
S004102,Quel train de Villeneuve-le-Roi a Hesdigneul-les-Boulogne ?,TRIP,Villeneuve-le-Roi,Hesdigneul-lès-Boulogne,
S002619,Je vais a Bibliothèque François Mitterrand depuis Leforest,TRIP,Leforest,Bibliothèque François Mitterrand,
S000070,La Joux Poitiers,TRIP,La Joux,Poitiers,
S002678,demain je pars de les yvris noisy-le-grand pour lille chr,TRIP,Les Yvris Noisy-le-Grand,Lille CHR,
S007036,Je voudrais,NOT_TRIP,,,
S001207,je veux me rendre a champagne-ardenne tgv en partant de saint-pé-de-bigorre,TRIP,Saint-Pé-de-Bigorre,Champagne-Ardenne TGV,
S007620,J'aime les trains,NOT_TRIP,,,
S001298,Aller de Bréauté - Beuzeville a Saint-Égrève Saint-Robert,TRIP,Bréauté - Beuzeville,Saint-Égrève Saint-Robert,
S004582,Je dois aller de Plougonver a Phalempin,TRIP,Plougonver,Phalempin,
S008279,Voyage,NOT_TRIP,,,
S002397,Aller de Marsac a Chorges,TRIP,Marsac,Chorges,
S003432,est-ce qu'il y a un train de châtel - nomexy a lesparre-médoc,TRIP,Châtel - Nomexy,Lesparre-Médoc,
S007925,Arriver,NOT_TRIP,,,
S002136,Jz pars de Auriec-xur-Loire et je vais a Meymac,TRIP,Aurec-sur-Loire,Meymac,
S005773,je dois aller de rémilly a chauny demain,TRIP,Rémilly,Chauny,
S007098,J'aime les trains,NOT_TRIP,,,
S004789,reichshoffen direction saint-ouen-l'aumône,TRIP,Reichshoffen,Saint-Ouen-l'Aumône,
S006363,De Epluches vers Champlan avec correspondance a Blonville-sur-Mer - Benerville,TRIP,Épluches,Champlan,Blonville-sur-Mer - Benerville
S007391,Un train,NOT_TRIP,,,
S001626,Prendre le train de Houdemont a Chauffailles,TRIP,Houdemont,Chauffailles,
S001000,Je dois aller de La Norville - Saint-Germain-lès-Arpajon a Le Vert de Maisons,TRIP,La Norville - Saint-Germain-lès-Arpajon,Le Vert de Maisons,
S004960,Je veux aller de Cholet a Pontcharra sur Bréda,TRIP,Cholet,Pontcharra sur Bréda,
S007367,Help,NOT_TRIP,,,
S001638,Chasse-sur-Rhône vers Saint-Seurin-sur-l'Isle,TRIP,Chasse-sur-Rhône,Saint-Seurin-sur-l'Isle,
S004849,J'aimerais un billet de Escalquens a Lézignan-Corbières,TRIP,Escalquens,Lézignan-Corbières,
S009750,test test test,UNKNOWN,,,
S004633,voyage de oloron-sainte-marie a saint-gratien,TRIP,Oloron-Sainte-Marie,Saint-Gratien,
S002946,partir de issé pour saint-amand-montrond - orval,TRIP,Issé,Saint-Amand-Montrond - Orval,
S002645,de castelnau-d'estretefonds jusqu'a saint-sulpice (tarn),TRIP,Castelnau-d'Estrétefonds,Saint-Sulpice (Tarn),
S006934,Train de Dunkerque a Jonchery-sur-Vesle passant par La Chapelle-Saint-Mesmin,TRIP,Dunkerque,Jonchery-sur-Vesle,La Chapelle-Saint-Mesmin
S006641,Lus-la-Croix-Haute Neuville Université via Boran-sur-Oise,TRIP,Lus-la-Croix-Haute,Neuville Université,Boran-sur-Oise
S002718,billet bandol boucau,TRIP,Bandol,Boucau,
S000683,Je veux aller de Voivres-lès-le-Mans a Saint-André-le-Gaz,TRIP,Voivres-lès-le-Mans,Saint-André-le-Gaz,
S001191,Je voudrais aller de Yvetot a Dangé-Saint-Romain,TRIP,Yvetot,Dangé-Saint-Romain,
S004530,demain je pars de arvant pour strasbourg roethig,TRIP,Arvant,Strasbourg Roethig,
S007679,Genial,NOT_TRIP,,,
S007245,Je m'appelle Paris,NOT_TRIP,,,
S001633,Je veux me rendre a Vern-sur-Seiche en partant de Brignoud,TRIP,Brignoud,Vern-sur-Seiche,
S009629,asdfghjkl,UNKNOWN,,,
S009284,Je want to go Lyon,NOT_FRENCH,,,
S009285,Train from Paris to Bordeaux please,NOT_FRENCH,,,
S000656,saint-macaire pont-sainte-maxence,TRIP,Saint-Macaire,Pont-Sainte-Maxence,
S009248,Wie komme ich nach Bordeaux,NOT_FRENCH,,,
S002445,Y a-t-il un train de Saint-Louis La Chaussee a Breteuil ?,TRIP,Saint-Louis La Chaussée,Breteuil,
S000282,Un train de Le Plessis Chenet a L'Isle-Jourdain,TRIP,Le Plessis Chenet,L'Isle-Jourdain,
S007339,d'accord,NOT_TRIP,,,
S003588,comment aller de saône a le creusot ?,TRIP,Saône,Le Creusot,
S005466,Prendre le train de Saint-Chamas a Mazingarbe,TRIP,Saint-Chamas,Mazingarbe,
S001305,Je voudrai prandre un train de Joigny-sur-Meuse a Vigneux-sur-Seine,TRIP,Joigny-sur-Meuse,Vigneux-sur-Seine,
S007318,nancy est ma soeur,NOT_TRIP,,,
S009370,I want to go from Paris to Lyon,NOT_FRENCH,,,
S004786,je souhaite aller de villenave-d'ornon a le havre,TRIP,Villenave-d'Ornon,Le Havre,
S004179,Un billet de Villennes-sur-Seine a Bannalec,TRIP,Villennes-sur-Seine,Bannalec,
S006665,la rivière de mansac thuès-les-bains via la brigue,TRIP,La Rivière de Mansac,Thuès-les-Bains,La Brigue
S001291,Je vais de Champbenoist - Poigny a Wissembourg,TRIP,Champbenoist - Poigny,Wissembourg,
S006056,Sin-le-Noble puis Pessac Alouette puis Saint-Louis,TRIP,Sin-le-Noble,Saint-Louis,Pessac Alouette
S000046,J'aimoerais un billet de Montlaur  aint-Étienne-du-Rouvray,TRIP,Montlaur,Saint-Étienne-du-Rouvray,
S000063,je voudrais prendre un train de rochefort a la ciotat - ceyreste,TRIP,Rochefort,La Ciotat - Ceyreste,
S007761,Voyage,NOT_TRIP,,,
S002587,Quel train pour aller de Le Chénay Gagny a Bagnols - Chadenet,TRIP,Le Chénay Gagny,Bagnols - Chadenet,
S009004,I would like a train ticket,NOT_FRENCH,,,
S004575,Je pars de Saint-Martin du Touch pour aller a Rouillé,TRIP,Saint-Martin du Touch,Rouillé,
S009564,@#$%,UNKNOWN,,,
S000595,je voudrais prendre un train de senozan a les praz de chamonix,TRIP,Senozan,Les Praz de Chamonix,
S009302,Can you help me,NOT_FRENCH,,,
S007002,Demain,NOT_TRIP,,,
S008271,A bientot,NOT_TRIP,,,
S004287,Ce soir je vais de Breteil a Varades - Saint-Florent le Vieil,TRIP,Breteil,Varades - Saint-Florent le Vieil,
S003982,Je souhaite aller de Lapeyrouse a Herny,TRIP,Lapeyrouse,Herny,
S009632,ab,UNKNOWN,,,
S005956,de brétigny-sur-orge vers ham avec correspondance a étriché - châteauneuf,TRIP,Brétigny-sur-Orge,Ham,Étriché - Châteauneuf
S002279,Je veux aller de Le Bosquet a Saintes,TRIP,Le Bosquet,Saintes,
S009382,I need to travel tomorrow,NOT_FRENCH,,,
S002333,Quel train de Bains-les-Bains a Le Trayas ?,TRIP,Bains-les-Bains,Le Trayas,
S009021,Je want to go Lyon,NOT_FRENCH,,,
S009635,blablabla,UNKNOWN,,,
S003714,Us - Pereire - Levallois,TRIP,Us,Péreire - Levallois,
S004988,Partir de Invalides pour Bois-le-Roi,TRIP,Invalides,Bois-le-Roi,
S008627,I need to travel tomorrow,NOT_FRENCH,,,
S009791,   ,UNKNOWN,,,
S008707,Wie komme ich nach Bordeaux,NOT_FRENCH,,,
S005018,Je veux me rendre a Labège Village en partant de Clermont de l'Oise,TRIP,Clermont de l'Oise,Labège Village,
S001642,J'aimerais un billet de Cintegabelle a Fecamp,TRIP,Cintegabelle,Fécamp,
S002894,un billet de gundershoffen a aulnoye-aymeries,TRIP,Gundershoffen,Aulnoye-Aymeries,
S004592,Je veux prendre le train de Onzain - Chaumont-sur-Loire a Maizieres-les-Metz,TRIP,Onzain - Chaumont-sur-Loire,Maizières-lès-Metz,
S008542,I need to travel tomorrow,NOT_FRENCH,,,
S007092,Aide mpi,NOT_TRIP,,,
S006775,Saint-Gaudens Fons - Saint-Mamert via Tantonville,TRIP,Saint-Gaudens,Fons - Saint-Mamert,Tantonville
S003903,je veux me rendre a boissise-le-roi en partant de saint-roch,TRIP,Saint-Roch,Boissise-le-Roi,
S003128,Y a-t-il un trin de Saint-Béron - La Bridoire a Chinon ?,TRIP,Saint-Béron - La Bridoire,Chinon,
S009422,What is the best route,NOT_FRENCH,,,
S009837,a,UNKNOWN,,,
S009097,Ein Zug nach Marseille bitte,NOT_FRENCH,,,
S000111,Je pars de Chabenet pour aller a Cercy-la-Tour,TRIP,Chabenet,Cercy-la-Tour,
S002794,Est-ce qu'il y a un train de Val-de-Vesle a Rilly-la-Montagne,TRIP,Val-de-Vesle,Rilly-la-Montagne,
S004622,je dois aller de ingersheim - cité scolaire a pontgouin demain,TRIP,Ingersheim - Cité Scolaire,Pontgouin,
S009885,ab,UNKNOWN,,,
S001487,Comment aller de Valergues - Lansargues a Angoulins sur Mer,TRIP,Valergues - Lansargues,Angoulins sur Mer,
S005529,train de gazinet cestas a gambsheim,TRIP,Gazinet Cestas,Gambsheim,
S007141,Aide moi,NOT_TRIP,,,
S006514,train de roche-lez-beaupré a ustaritz jatxou passant par méroux,TRIP,Roche-lez-Beaupré,Ustaritz Jatxou,Méroux
S005970,aler de Les Cabannes a Roubaix avec un arret a Salbris,TRIP,Les Cabannes,Roubaix,Salbris
S004570,Je voudrais aller de Casino Lacroix Laval a Kurtzenhouse,TRIP,Casino Lacroix Laval,Kurtzenhouse,
S002485,Billet Saknt-Roch Antibes,TRIP,Saint-Roch,Antibes,
S009085,I want aller a Paris,NOT_FRENCH,,,
S000127,Demain je pars de Villeneuve-Saint-Georges pour Schwindratzheim,TRIP,Villeneuve-Saint-Georges,Schwindratzheim,
S008672,Book a ticket for me,NOT_FRENCH,,,
S003347,je voudrais prendre un train de servas - lent a hendaye,TRIP,Servas - Lent,Hendaye,
S001279,Ce soir je vais de Abancourt a Marignier,TRIP,Abancourt,Marignier,
S008213,Super,NOT_TRIP,,,
S000802,Je vais a Brunemont depuis Saint-Ouen-l'Aumone Quartier de l'Eglise,TRIP,Saint-Ouen-l'Aumône Quartier de l'Église,Brunémont,
S007724,Help,NOT_TRIP,,,
S003468,je pars de bohain-en-vermandois et je vais a dardilly le jubin,TRIP,Bohain-en-Vermandois,Dardilly Le Jubin,
S005704,partir de scherwiller pour landas,TRIP,Scherwiller,Landas,
S006212,"Je pars de Fontpédrouse, je passe par Docelles-Cheniménil et j'arrive a Fontaine-le-Piort",TRIP,Fontpédrouse,Fontaine-le-Port,Docelles-Cheniménil
S003740,aller de louverne a lannion,TRIP,Louverné,Lannion,
S003504,Comment aller de Tessonnières a Dingé ?,TRIP,Tessonnières,Dingé,
S001449,Je vais a Ranspach depuis undershoffen,TRIP,Gundershoffen,Ranspach,
S007899,J'aime les trains,NOT_TRIP,,,
S007789,Nice de te rencontrer,NOT_TRIP,,,
S006256,les sables-d'olonne puis lérouville puis épinal,TRIP,Les Sables-d'Olonne,Épinal,Lérouville
S005609,est-ce qu'il y a un train de magland a vrigne-meuse,TRIP,Magland,Vrigne-Meuse,
S009473,Book a ticket for me,NOT_FRENCH,,,
S006503,Train de Poitiers a Corbeil-Essonnes passant par Ceilhes - Roqueredonde,TRIP,Poitiers,Corbeil-Essonnes,Ceilhes - Roqueredonde
S008135,Super,NOT_TRIP,,,
S007400,Comment ca marche,NOT_TRIP,,,
S004550,Demain je pars de Issy Val de Seine pour Salon-de-Provence,TRIP,Issy Val de Seine,Salon-de-Provence,
S001760,j'aimerais aller de noisy-le-sec a bonneval,TRIP,Noisy-le-Sec,Bonneval,
S004050,comment aller de achiet-le-grand a saint-georges-d'aurac ?,TRIP,Achiet-le-Grand,Saint-Georges-d'Aurac,
S009751,ab,UNKNOWN,,,
S002951,Prendre le train de Hoenheim Tram a Aurillac,TRIP,Hoenheim Tram,Aurillac,
S007150,comment ca marche,NOT_TRIP,,,
S002739,Aller de Cergy le Haut a Bédarrides,TRIP,Cergy le Haut,Bédarrides,
S004791,Comment aller de Koenigsmacker a Laon ?,TRIP,Koenigsmacker,Laon,
S002706,Depart de Saint-Victor - Thizy arrivee a Garges - Sarcelles,TRIP,Saint-Victor - Thizy,Garges - Sarcelles,
S009242,Un biglietto per Marsiglia,NOT_FRENCH,,,
S004808,Je veux prendre le train de Niederbronn-les-Bains a Serres,TRIP,Niederbronn-les-Bains,Serres,
S000533,La Loupe - Viry-Noureuil,TRIP,La Loupe,Viry-Noureuil,
S005620,comment aller de château-renault a saulon,TRIP,Château-Renault,Saulon,
S002008,Direction Paris Montparnasse au depart de Orange,TRIP,Orange,Paris Montparnasse,
S004753,Je pars de Montreuil-sur-Thérain et je vais a La Chapelle Centre,TRIP,Montreuil-sur-Thérain,La Chapelle Centre,
S001921,Je voyage de Trémolat a Flers,TRIP,Trémolat,Flers,
S009967,a,UNKNOWN,,,
S008235,Je voudrais,NOT_TRIP,,,
S001903,Quel train pour aller de Essonnes Robinson a Boulazac,TRIP,Essonnes Robinson,Boulazac,
S000342,Agde Brétigny-siur-Orege,TRIP,Agde,Brétigny-sur-Orge,
S008800,I need to travel tomorrow,NOT_FRENCH,,,
S002466,Direction Bonnemain au depart de Donchery,TRIP,Donchery,Bonnemain,
S000520,Prendre le train de Tiercé a Cap-d'Ail,TRIP,Tiercé,Cap-d'Ail,
S003668,Valenciennes - Sallaumines,TRIP,Valenciennes,Sallaumines,
S009155,Ein Zug nach Marseille bitte,NOT_FRENCH,,,
S003708,Saint-Denis-des-Murs puis Royan,TRIP,Saint-Denis-des-Murs,Royan,
S009466,Vorrei andare da Parigi a Lione,NOT_FRENCH,,,
S009431,Como llego a Marsella,NOT_FRENCH,,,
S006068,Prades - Molitg-les-Bains Vaucresson via Lamonzie-Saint-Martin,TRIP,Prades - Molitg-les-Bains,Vaucresson,Lamonzie-Saint-Martin
S007465,A bientot,NOT_TRIP,,,
S006209,Limersheim Le Dorat via Aubazines - Saint-Hilaire,TRIP,Limersheim,Le Dorat,Aubazines - Saint-Hilaire
S009192,Un biglietto per Marsiglia,NOT_FRENCH,,,
S003801,Je veux aller de Montchanin a Montreuil-sur-Ille,TRIP,Montchanin,Montreuil-sur-Ille,
S007508,C'est trop cher,NOT_TRIP,,,
S002415,Je vais de Saint-Cyprien Arènes a Ballancourt-sur-Essonne,TRIP,Saint-Cyprien Arènes,Ballancourt-sur-Essonne,
S005819,Je pars de Le Meux - La Croix-Saint-Ouen pour aller a La Penne-sur-Huveaune,TRIP,Le Meux - La Croix-Saint-Ouen,La Penne-sur-Huveaune,
S000243,Me rendre de Pontgouin a Pont-l'Évêque,TRIP,Pontgouin,Pont-l'Évêque,
S007553,Aide moi,NOT_TRIP,,,
S008042,Aujourd'hui,NOT_TRIP,,,
S002295,Je voudrais me rendre a Les Mureaux depuis Malaunay - Le Houlme,TRIP,Malaunay - Le Houlme,Les Mureaux,
S000086,Je souhaite aller de Ay a Neau,TRIP,Ay,Neau,
S003313,Un billet de Lachaud Curmilhac a Le Pallet,TRIP,Lachaud Curmilhac,Le Pallet,
S009845,lorem ipsum,UNKNOWN,,,
S002349,Train de Épouville a Vitry-sur-Seine,TRIP,Épouville,Vitry-sur-Seine,
S006232,"Je pars de Saint-Pierre-de-Chignac, je passe par Montigny-en-Ostrevent et j'arrive a Matzenheim",TRIP,Saint-Pierre-de-Chignac,Matzenheim,Montigny-en-Ostrevent
S004399,Partir de Sainte-Foy-la-Grande vers Chamarande,TRIP,Sainte-Foy-la-Grande,Chamarande,
S008929,Un billete de tren por favor,NOT_FRENCH,,,
S006915,De Bonson a Marolles-en-Hurepoix via Lavaufranche,TRIP,Bonson,Marolles-en-Hurepoix,Lavaufranche
S005494,Depart Campagnac - Saint-Geniez arrivee Ivry-sur-Seine,TRIP,Campagnac - Saint-Geniez,Ivry-sur-Seine,
S002829,Partir de Bellac vers Roamadour - Padirac,TRIP,Bellac,Rocamadour - Padirac,
S003039,Pourfiez-oous me trouver un train de Sillé-le-Guillaume a Lyon Vaise,TRIP,Sillé-le-Guillaume,Lyon Vaise,
S009354,Ich mochte von Paris nach Lyon fahren,NOT_FRENCH,,,
S003637,Un billet de Saint-Hilaire - Saint-Nazaire a Marsac-sur-L'isle,TRIP,Saint-Hilaire - Saint-Nazaire,Marsac-sur-L'isle,
S009943,   ,UNKNOWN,,,
S001997,Èze - Dommartin - Lissieu,TRIP,Èze,Dommartin - Lissieu,
S003157,y a-t-il un train de marles-en-brie a aix-en-provence ?,TRIP,Marles-en-Brie,Aix-en-Provence,
S009159,Train from Paris to Bordeaux please,NOT_FRENCH,,,
S006361,de le bruel a lutzelhouse via oloron-sainte-marie,TRIP,Le Bruel,Lutzelhouse,Oloron-Sainte-Marie
S009573,???,UNKNOWN,,,
S009106,Je want to go Lyon,NOT_FRENCH,,,
S006176,"Je pars de Albertville, je passe par Issou - Porcheville et j'arrive a Aix-les-Bains le Revard",TRIP,Albertville,Aix-les-Bains le Revard,Issou - Porcheville
S002031,quel train de ogeu-les-bains a aimargues ?,TRIP,Ogeu-les-Bains,Aimargues,
S004745,de thun le paradis jusqu'a veauche - saint-galmier,TRIP,Thun le Paradis,Veauche - Saint-Galmier,
S009686,!!!,UNKNOWN,,,
S009839,test test test,UNKNOWN,,,
S001254,pourriez-vous me trouver un train de kalhausen a matzenheim,TRIP,Kalhausen,Matzenheim,
S002350,est-ce qu'il y a un train de les bardys a varennes-sur-fouzon,TRIP,Les Bardys,Varennes-sur-Fouzon,
S001042,je souhaite aller de suèvres a domont,TRIP,Suèvres,Domont,
S005235,Je voudrais prendre un trrainu de Valenciennes a Beajlieu-sur-Mer,TRIP,Valenciennes,Beaulieu-sur-Mer,
S003900,train de haluchère batignolles a pierrelaye,TRIP,Haluchère Batignolles,Pierrelaye,
S004729,Je dois aller de Einvaux a Le Verdon-sur-Mer,TRIP,Einvaux,Le Verdon-sur-Mer,
S002370,je veux aller de luzenac - garanou a saint-aigulin - la roche-chalais,TRIP,Luzenac - Garanou,Saint-Aigulin - La Roche-Chalais,
S008550,Vorrei andare da Parigi a Lione,NOT_FRENCH,,,
S001905,J'aimerais un billet de La Jarrie a Prissé-la-Charrière,TRIP,La Jarrie,Prissé-la-Charrière,
S005574,Parrir de Marmagne vers Bellenaves,TRIP,Marmagne,Bellenaves,
S003377,Train de Epluches a Wingen-sur-Moder,TRIP,Épluches,Wingen-sur-Moder,
S006887,"je pars de brélidy - plouëc, je passe par sury-le-comtal et j'arrive a allée de la tour rendez-vous",TRIP,Brélidy - Plouëc,Allée de la Tour Rendez-Vous,Sury-le-Comtal
S004696,prendre le train de munster a reze pont rousseau,TRIP,Munster,Rezé Pont Rousseau,
S004546,montescourt-lizerolles vigneux-sur-seine,TRIP,Montescourt-Lizerolles,Vigneux-sur-Seine,
S009205,I would like a train ticket,NOT_FRENCH,,,
S006703,De Soissons a Chantilly - Gouvieux via Penthievre,TRIP,Soissons,Chantilly - Gouvieux,Penthièvre
S004371,J'aimmerais un billet de Nice a Tournay,TRIP,Nice,Tournay,
S008379,C'est trop cher,NOT_TRIP,,,
S005342,perrignier ballancourt-sur-essonne,TRIP,Perrignier,Ballancourt-sur-Essonne,
S000558,Besle Castelnau-d'Estretefonds,TRIP,Beslé,Castelnau-d'Estrétefonds,
S001174,demain je pars de sillé-le-guillaume pour libourne,TRIP,Sillé-le-Guillaume,Libourne,
S008181,Au revoir,NOT_TRIP,,,
S003110,direction chaville rive droite au depart de rambouillet,TRIP,Rambouillet,Chaville Rive Droite,
S008923,I would like a train ticket,NOT_FRENCH,,,
S006787,de tours a juziers en passant par mâcon loché tgv,TRIP,Tours,Juziers,Mâcon Loché TGV
S008361,merci,NOT_TRIP,,,
S004955,Je vais a Auchy-les-Hesdin depuis Chelles - Gournay,TRIP,Chelles - Gournay,Auchy-lès-Hesdin,
S000443,Je souhaite aller de Le Lioran a Viévola,TRIP,Le Lioran,Viévola,
S002120,Depart Miramas arrivee Moorteau,TRIP,Miramas,Morteau,
S003759,de marquise - rinxent jusqu'a nice riquier,TRIP,Marquise - Rinxent,Nice Riquier,
S006741,De Le Cendre - Orcet a Epfig en passant par Dardilly Les Mouilles,TRIP,Le Cendre - Orcet,Epfig,Dardilly Les Mouilles
S006230,de biot a dourges en passant par beuvry les bethune,TRIP,Biot,Dourges,Beuvry lès Béthune
S002223,"s'il vous plait, un trajet de montreuil sur mer a le tréport - mers-les-bains",TRIP,Montreuil sur Mer,Le Tréport - Mers-les-Bains,
S000933,Ce soir je vais de La Trinité Victor a Haybes,TRIP,La Trinité Victor,Haybes,
S006939,alle de Saint-Junien a La Ville-Dieu-du-Temple avec un arret a Le Croisic,TRIP,Saint-Junien,La Ville-Dieu-du-Temple,Le Croisic
S007963,Je m'appelle Paris,NOT_TRIP,,,
S004373,Je veux me rendre a Ponthierry - Pringy en partant de Irigny Yvours,TRIP,Irigny Yvours,Ponthierry - Pringy,
S003392,de gresy-sur-aix a loulay,TRIP,Grésy-sur-Aix,Loulay,
S003973,De Le Bras de Fer jusqu'a Les Rosiers-sur-Loire,TRIP,Le Bras de Fer,Les Rosiers-sur-Loire,
S001012,Un billet de Chanac a Bonneval,TRIP,Chanac,Bonneval,
S009041,Wie komme ich nach Bordeaux,NOT_FRENCH,,,
S004262,De Saint-Aulaire a Thenissey,TRIP,Saint-Aulaire,Thenissey,
S001617,Je pars de Igny pour aller a Lussac-les-Châteaux,TRIP,Igny,Lussac-les-Châteaux,
S003111,De Le Theil-de-Bretagne jusqu'a Nort-sur-Erdre,TRIP,Le Theil-de-Bretagne,Nort-sur-Erdre,
S007269,j'ai rencontre marseille hier,NOT_TRIP,,,
S005573,Y a-t-il un tran de Le Stade a Metz,TRIP,Le Stade,Metz,
S002290,champigneulles direction salon-de-provence,TRIP,Champigneulles,Salon-de-Provence,
S005356,Freinville Sevran puis Clermont de l'Oise,TRIP,Freinville Sevran,Clermont de l'Oise,
S005016,depart de chezy-sur-marne arrivee a nouvion-sur-meuse,TRIP,Chézy-sur-Marne,Nouvion-sur-Meuse,
S005416,"bonjour, je voudrais aller de saint-ouen-l'aumone liesse a frouard",TRIP,Saint-Ouen-l'Aumône Liesse,Frouard,
S005436,je veux me rendre a la croix de méan en partant de durtol - nohanent,TRIP,Durtol - Nohanent,La Croix de Méan,
S008938,I want aller a Paris,NOT_FRENCH,,,
S003776,Je voudrais prendre un train de Cintegabelle a Vic-le-Comte,TRIP,Cintegabelle,Vic-le-Comte,
S009088,Como llego a Marsella,NOT_FRENCH,,,
S003865,j'aimerais un billet de foug a saint-astier,TRIP,Foug,Saint-Astier,
S004249,Quel train de Bruz a Jonet ?,TRIP,Bruz,Joncet,
S009312,Ein Zug nach Marseille bitte,NOT_FRENCH,,,
S001774,de mezeriat a noyon,TRIP,Mézériat,Noyon,
S003492,je veux me rendre a magnette en partant de lisieux,TRIP,Lisieux,Magnette,
S000034,Je veux prendre le train de Gièvres a Villeherviers,TRIP,Gièvres,Villeherviers,
S000320,Direction Pessac Alouette au depart de Saint-Andre-lez-Lille,TRIP,Saint-André-lez-Lille,Pessac Alouette,
S008330,Un train,NOT_TRIP,,,
S004271,Depart Saint-Agnan arrivee Lagny - Thorigny,TRIP,Saint-Agnan,Lagny - Thorigny,
S008132,Albert est mon cousin,NOT_TRIP,,,
S003592,saint-georges-de-luzencon vers saint-jacques-de-la-lande,TRIP,Saint-Georges-de-Luzençon,Saint-Jacques-de-la-Lande,
S001650,Je voyage de Bourges a Dreuil-lès-Amiens,TRIP,Bourges,Dreuil-lès-Amiens,
S008211,Hello,NOT_TRIP,,,
S004448,je voudrais prendre un train de javel a pas des lanciers,TRIP,Javel,Pas des Lanciers,
S002479,Aller de Thonon-les-Bains a Bourg-Madame,TRIP,Thonon-les-Bains,Bourg-Madame,
S008992,Wie komme ich nach Bordeaux,NOT_FRENCH,,,
S009219,Como llego a Marsella,NOT_FRENCH,,,
S000551,de moulin galant a vayrac,TRIP,Moulin Galant,Vayrac,
S009550,aaaaaaaa,UNKNOWN,,,
S008706,Train from Paris to Bordeaux please,NOT_FRENCH,,,
S002480,Je voyage de Rosheim a Pont-de-Claix - L'Etoile,TRIP,Rosheim,Pont-de-Claix - L'Etoile,
S004171,comment aller de barr a saint-louis,TRIP,Barr,Saint-Louis,
S003831,"S'il vous plait, un trajet de Presles Courcelles a Bretigny - Norges",TRIP,Presles Courcelles,Bretigny - Norges,
S006154,de courcay - tauxigny a bièvres en passant par tillières,TRIP,Courcay - Tauxigny,Bièvres,Tillières
S000784,y a-t-il un train de chinon a le trayas ?,TRIP,Chinon,Le Trayas,
S005981,train de l'abbaye a nerpuy passant par champagné,TRIP,L'Abbaye,Nerpuy,Champagné
S006669,Franconville - Le Plessis-Bouchard puis Balagny Saint-Épin puis Hautmont,TRIP,Franconville - Le Plessis-Bouchard,Hautmont,Balagny Saint-Épin
S003800,Voyager de Royan vers Mâlain,TRIP,Royan,Mâlain,
S001507,"Bonjour, je voudrait aler de La Ville-Dieu-du-Temple a Les Flachères",TRIP,La Ville-Dieu-du-Temple,Les Flachères,
S008467,Les trains sont souvent en retard,NOT_TRIP,,,
S001373,Partir de Lothiers vers Taverny,TRIP,Lothiers,Taverny,
S003296,Y a-t-il un train de Aspres-sur-Buëch a Aiguebelle,TRIP,Aspres-sur-Buëch,Aiguebelle,
S004797,Voyage de Colmar Mésanges a Chemilly - Appoigny,TRIP,Colmar Mésanges,Chemilly - Appoigny,
S001457,saint-martin d'étampes vers montbazon,TRIP,Saint-Martin d'Étampes,Montbazon,
S006131,He voudrais aller de Gaillac a Chamborigaaud en pssant par Boisset,TRIP,Gaillac,Chamborigaud,Boisset
S003725,je souhaite aller de chasseradès a schweighouse-sur-moder,TRIP,Chasseradès,Schweighouse-sur-Moder,
S001411,Est-ce qu'il y a un train de Beau Marais a Brumath,TRIP,Beau Marais,Brumath,
S000204,direction clelles - mens au depart de grigny centre,TRIP,Grigny Centre,Clelles - Mens,
S000113,Pourriez-vous me trouver un train de Alaï a Fougeré,TRIP,Alaï,Fougeré,
S009102,I need to travel tomorrow,NOT_FRENCH,,,
S007041,Nancy est ma soeur,NOT_TRIP,,,
S002125,Les Fontinettes - Baraqueville Carcenac Peyralès,TRIP,Les Fontinettes,Baraqueville Carcenac Peyralès,
S002043,voyage de rivesaltes a beuvry lès béthune,TRIP,Rivesaltes,Beuvry lès Béthune,
S004326,Un train de Nanterre Université a Épinay-sur-Seine T11 pour demain,TRIP,Nanterre Université,Épinay-sur-Seine T11,
S006149,Chasseneuil-du-Poitou puis Herrlisheim-près-Colmar puis Remise à Jorelle,TRIP,Chasseneuil-du-Poitou,Remise à Jorelle,Herrlisheim-près-Colmar
S000310,je souhaite aller de labège innopole a louhossoa,TRIP,Labège Innopole,Louhossoa,
S005694,Partir de Merxheim vers Chaumont,TRIP,Merxheim,Chaumont,
S000766,Je voudrais prendre un train de Aubin-Saint-Vaast a La Frette - Montigny,TRIP,Aubin-Saint-Vaast,La Frette - Montigny,
S008934,I want aller a Paris,NOT_FRENCH,,,
S007512,aujourd'hui,NOT_TRIP,,,
S009108,Can you help me,NOT_FRENCH,,,
S005995,Je voudrais aller de La Bonneville-sur-Iton a Brioude en passant par Mennecy,TRIP,La Bonneville-sur-Iton,Brioude,Mennecy
S000047,J'aimerais aller de Champbenoist - Poigny a Saint-Michel Notre-Dame,TRIP,Champbenoist - Poigny,Saint-Michel Notre-Dame,
S006604,De Ludres vers Monsempron-Libos avec correspondance a Heilles - Mouchy,TRIP,Ludres,Monsempron-Libos,Heilles - Mouchy
S006766,Aller de Port-Saint-Père - Saint-Mars a Hasenrain avec un arret a Les Vallées,TRIP,Port-Saint-Père - Saint-Mars,Hasenrain,Les Vallées
S003443,Je vais de Coutances a Montfort-sur-Meu,TRIP,Coutances,Montfort-sur-Meu,
S008877,Como llego a Marsella,NOT_FRENCH,,,
S005558,e sokr je vais de Milly-sur-Thérain a Assier,TRIP,Milly-sur-Thérain,Assier,
S001040,Je pars de Pointe de Grave pour aller a Pornic,TRIP,Pointe de Grave,Pornic,
S002813,Aller de Bourgoin-Jallieu a Anor,TRIP,Bourgoin-Jallieu,Anor,
S001054,"s'il vous plait, un trajet de rosa parks a saint-michel-sur-orge",TRIP,Rosa Parks,Saint-Michel-sur-Orge,
S001779,"Bonjour, je voudrais aller de Valençay a Neuville Université",TRIP,Valençay,Neuville Université,
S006493,Montaigut-le-Blanc puis Châtelaillon-Plage puis Saint-Seurin-sur-l'Isle,TRIP,Montaigut-le-Blanc,Saint-Seurin-sur-l'Isle,Châtelaillon-Plage
S008196,Les trains sont souvent en retard,NOT_TRIP,,,
S005538,Je voudrais aller de Lalbenque - Fontanes a Menil Flin,TRIP,Lalbenque - Fontanes,Ménil Flin,
S006352,de bédarrides a fontainebleau - avon en passant par laboissière - le déluge,TRIP,Bédarrides,Fontainebleau - Avon,Laboissière - Le Déluge
S003069,J'aimerais un billet de Bailleul-Sir-Berthoult a La Chapelle-Saint-Mesmin,TRIP,Bailleul-Sir-Berthoult,La Chapelle-Saint-Mesmin,
S009618,...,UNKNOWN,,,
S005055,je veux prendre le train de pers a dompierre sept fons,TRIP,Pers,Dompierre Sept Fons,
S000906,je voyage de vesoul a les pélerins,TRIP,Vesoul,Les Pélerins,
S001006,Y a-t-il un trainn de Pontrieux a Follligny ?,TRIP,Pontrieux,Folligny,
S004486,depuit Mantes Station jusqu'a Montmoreau,TRIP,Mantes Station,Montmoreau,
S004146,Un billet de Tanus a Chantonnay,TRIP,Tanus,Chantonnay,
S004507,je voudrais aller de le creusot - montceau-les-mines - montchanin tgv a vélines,TRIP,Le Creusot - Montceau-les-Mines - Montchanin TGV,Vélines,
S007712,J'ai rencontre Marseille hier,NOT_TRIP,,,
S006821,Couze Bazancourt via Villeneuve-Saint-Georges,TRIP,Couze,Bazancourt,Villeneuve-Saint-Georges
S001130,Ce soir je vaus dee Lyon Perrachd a Les Abrets - Fitilieu,TRIP,Lyon Perrache,Les Abrets - Fitilieu,
S008030,Help,NOT_TRIP,,,
S004024,De Montsûrs jusqu'a Baule,TRIP,Montsûrs,Baule,
S009974,123456,UNKNOWN,,,
S007790,troyes est un prenom original,NOT_TRIP,,,
S007181,Un train,NOT_TRIP,,,
S002021,comment aller de dannemarie a theillay ?,TRIP,Dannemarie,Theillay,
S009533,???,UNKNOWN,,,
S009178,Quiero ir de Paris a Lyon,NOT_FRENCH,,,
S006426,Train de Villefranche-sur-Mer a Plougonvze passant par Novillars,TRIP,Villefranche-sur-Mer,Plougonver,Novillars
S001874,ce soir je vais de sainte-anne a saint-sébastien,TRIP,Sainte-Anne,Saint-Sébastien,
S003852,Direction Cambrai au depart de Joncherey,TRIP,Joncherey,Cambrai,
S000794,Allée Royalee - Raaved-Buan-de-Kaveline,TRIP,Allée Royale,Raves-Ban-de-Laveline,
S007294,Comment ca marche,NOT_TRIP,,,
S009610,ab,UNKNOWN,,,
S004956,comment aller de langon a blanquefort ?,TRIP,Langon,Blanquefort,
S005088,Partir de Uzerche pour Malaunay - Le Houlme,TRIP,Uzerche,Malaunay - Le Houlme,
S001287,Aller de Monistrol-d'Allir a Moult - Argences,TRIP,Monistrol-d'Allier,Moult - Argences,
S003583,Je veux me rendre a Lngroy - Gamacheis en partant de Évry-Courciouronnes,TRIP,Évry-Courcouronnes,Longroy - Gamaches,
S007206,Il fait beau aujourd'hui,NOT_TRIP,,,
S008286,arriver,NOT_TRIP,,,
S002166,direction ceyzériat au depart de steinbourg,TRIP,Steinbourg,Ceyzériat,
S005680,Je voudrais prendre un train de Grigny le Sablon a Aubrives,TRIP,Grigny le Sablon,Aubrives,
S000143,Depuis Épinal jusqu'a Barr,TRIP,Épinal,Barr,
S009592,123456,UNKNOWN,,,
S007933,Mon ami Lyon va bien,NOT_TRIP,,,
S000483,voyage de le luc - le cannet a don - sainghin,TRIP,Le Luc - Le Cannet,Don - Sainghin,
S002025,Je dois aller de Bordeaux Saint-Jean a Meximieux - Perouges demain,TRIP,Bordeaux Saint-Jean,Meximieux - Pérouges,
S006893,"Je pars de Neuilly Porte Maillot RER E, je passe par Montbrison et j'arrive a Avord",TRIP,Neuilly Porte Maillot RER E,Avord,Montbrison
S000827,Y a-t-il un train de Éloyes a Châlons-en-Champagne ?,TRIP,Éloyes,Châlons-en-Champagne,
S003225,Un train de Goncelin a Mormant,TRIP,Goncelin,Mormant,
S001338,Bonson direction Mandelieu-la-Napoule,TRIP,Bonson,Mandelieu-la-Napoule,
S005290,De Cernay (Val-d'Okse) a Vicc-le-Comte,TRIP,Cernay (Val-d'Oise),Vic-le-Comte,
S000492,Voyage de Froncles Buxieres a Petit Jouy - Les Loges,TRIP,Froncles Buxières,Petit Jouy - Les Loges,
S006692,De Saint-Julien - Clénay a Rosières-aux-Salines en passant par Chouzy-sur-Cisse,TRIP,Saint-Julien - Clénay,Rosières-aux-Salines,Chouzy-sur-Cisse
S009664,blablabla,UNKNOWN,,,
S006288,Train de Morhange a Anchamps passant par Steenwerck,TRIP,Morhange,Anchamps,Steenwerck
S009142,How do I get to Marseille,NOT_FRENCH,,,
S004013,Pourriez-vous me trouver un train de La Hume a MMarquixanes,TRIP,La Hume,Marquixanes,
S005432,"Bonjour, je voudrais aller de Figeac a Margival",TRIP,Figeac,Margival,
S006942,"Je pars de Bidarray Pont Noblia, je passe par Saint-Mariens - Saint-Yzan et j'arrive a Magenta",TRIP,Bidarray Pont Noblia,Magenta,Saint-Mariens - Saint-Yzan
S001932,Comment aller de Machilly a Port-de-Bouc ?,TRIP,Machilly,Port-de-Bouc,
S009278,Quiero ir de Paris a Lyon,NOT_FRENCH,,,
S004423,Je vais de L'Étang-la-Ville a Varilhes,TRIP,L'Étang-la-Ville,Varilhes,
S007291,Voyage,NOT_TRIP,,,
S002355,Comment aller de Pougny - Chancy a Longueville-sur-Scie,TRIP,Pougny - Chancy,Longueville-sur-Scie,
S004381,douai saint-laurent-d'aigouze,TRIP,Douai,Saint-Laurent-d'Aigouze,
S008389,Demain,NOT_TRIP,,,
S005705,"S'il vous plait, un trajet de Agonac a Guignicourt",TRIP,Agonac,Guignicourt,
S002701,Depart Mailly-la-Ville arrivee La Mothe-Achard,TRIP,Mailly-la-Ville,La Mothe-Achard,
S007852,ey,NOT_TRIP,,,
S000646,Partir de Lentilly Charpenay pour Pas des Lanciers,TRIP,Lentilly Charpenay,Pas des Lanciers,
S000710,je pars de vertou et je vais a niversac,TRIP,Vertou,Niversac,
S008968,Can you help me,NOT_FRENCH,,,
S005850,Partir de Blois - Chambord vers Saint-Leu-la-Forêt,TRIP,Blois - Chambord,Saint-Leu-la-Forêt,
S005033,Je pars de Veynes Devoluy et je vais a Egletons,TRIP,Veynes Dévoluy,Égletons,
S007164,J'aime les trains,NOT_TRIP,,,
S004603,"S'il vous pplait, un trajet de âcon a Arcy-sur-Curre",TRIP,Mâcon,Arcy-sur-Cure,
S002787,Comment aller de Courcelles-le-Comte a Le Coteau ?,TRIP,Courcelles-le-Comte,Le Coteau,
S004777,quel train de fos-sur-mer a muizon ?,TRIP,Fos-sur-Mer,Muizon,
S001520,Je dois aller de Pléchâtel a Croix L'Allumette,TRIP,Pléchâtel,Croix L'Allumette,
S000765,Est-ce qu'il y a un train de La Norville - Saint-Germain-lès-Arpajon a Tullins Fures,TRIP,La Norville - Saint-Germain-lès-Arpajon,Tullins Fures,
S003701,un train de loreux a bournezeau pour demain,TRIP,Loreux,Bournezeau,
S000951,Comment aller de Menars a Noyelles-sur-Mer,TRIP,Menars,Noyelles-sur-Mer,
S006100,Je voudrais aller de Saint-Germain-au-Mont-d'Or a Najac en passant par Petit Vaux,TRIP,Saint-Germain-au-Mont-d'Or,Najac,Petit Vaux
S000864,Y a-t-il un train de Saint-Remy-en-l'Eau a La Grave d'Ambarès,TRIP,Saint-Remy-en-l'Eau,La Grave d'Ambarès,
S003289,Je voyage de Ste-Leocadie a Clermont de l'Oise,TRIP,Ste-Léocadie,Clermont de l'Oise,
S006714,De Bergerac vers Albias avec correspondance a Besançon Franche-Comté TGV,TRIP,Bergerac,Albias,Besançon Franche-Comté TGV
S002930,Voyager de Pontmort vers Belfort - Montbeliard TGV,TRIP,Pontmort,Belfort - Montbéliard TGV,
S005151,Demaart Battennheim arrivee Agde,TRIP,Bartenheim,Agde,
S007631,A bientot,NOT_TRIP,,,
S000975,"Bonjour, je voudrais aller de Port-de-Bouc a Saint-Sebastien Pas Enchantes",TRIP,Port-de-Bouc,Saint-Sébastien Pas Enchantés,
S005207,Comment aller de Rumilly a Argentière,TRIP,Rumilly,Argentière,
S009597,aaaaaaaa,UNKNOWN,,,
S003084,je me rends a auboue depuis varilhes,TRIP,Varilhes,Auboué,
S008987,Vorrei andare da Parigi a Lione,NOT_FRENCH,,,
S007518,La SNCF c'est pas mal,NOT_TRIP,,,
S002648,voyager de chatillon d'azergues vers auboue,TRIP,Châtillon d'Azergues,Auboué,
S005280,j'aimerais aller de saint-dizier a boves,TRIP,Saint-Dizier,Boves,
S009365,Vorrei andare da Parigi a Lione,NOT_FRENCH,,,
S007478,J'ai rencontre Marseille hier,NOT_TRIP,,,
S003911,Partir de Epfig vers Noisy-le-Sec,TRIP,Epfig,Noisy-le-Sec,
S006002,De Bollwiller a Louveciennes via Serquigny,TRIP,Bollwiller,Louveciennes,Serquigny
S006734,Je voudrais aller de Salon-de-Provence a Veuves - Monteaux en passant par La Bohalle,TRIP,Salon-de-Provence,Veuves - Monteaux,La Bohalle
S003608,j'aimerais un billet de selles-sur-cher a escaudœuvres,TRIP,Selles-sur-Cher,Escaudœuvres,
S001988,Je voudrais prendre un train de Albi a Saint-Amour,TRIP,Albi,Saint-Amour,
S004718,un train de vendôme a morez pour demain,TRIP,Vendôme,Morez,
S000657,je pars de chantilly - gouvieux pour aller a feuquieres - broquiers,TRIP,Chantilly - Gouvieux,Feuquières - Broquiers,
S004385,Erdre Active direction La Tour-de-Salvagny,TRIP,Erdre Active,La Tour-de-Salvagny,
S002652,Prendre le train de Le Perray-en-Yvelines a Montelimar,TRIP,Le Perray-en-Yvelines,Montélimar,
S004248,Pont d'Ardres puis L'Argenetière Les Écrinns,TRIP,Pont d'Ardres,L'Argentière Les Écrins,
S007230,Genial,NOT_TRIP,,,
S003582,Un billet de Blois - Chambord a Poissy,TRIP,Blois - Chambord,Poissy,
S008841,Book a ticket for me,NOT_FRENCH,,,
S006269,"Je pars de Graffenstaden, je passe par Geispolsheim et j'arrive a Moirans La Galifette",TRIP,Graffenstaden,Moirans La Galifette,Geispolsheim
S007986,j'ai rencontre marseille hier,NOT_TRIP,,,
S008964,I need to travel tomorrow,NOT_FRENCH,,,
S002140,Je vais a La Ferte-Imbault depuis Laval-de-Cere,TRIP,Laval-de-Cère,La Ferté-Imbault,
S001018,Je voudrais me rendre a Sainnt-Jacques-de-la-Lande depis Belle-Ose - Bégard,TRIP,Belle-Isle - Bégard,Saint-Jacques-de-la-Lande,
S003810,depuis vic-le-comte jusqu'a gauriaguet,TRIP,Vic-le-Comte,Gauriaguet,
S005599,Un train de Montendre a Cannes,TRIP,Montendre,Cannes,
S001491,Comment aller de Gagny a Groslay ?,TRIP,Gagny,Groslay,
S004828,Un billet de Selles-sur-Cher a Les Pavillons-sous-Bois,TRIP,Selles-sur-Cher,Les Pavillons-sous-Bois,
S003162,J'aimerai aloer de Chambourg-sur-Indre a Simmery,TRIP,Chambourg-sur-Indre,Sommery,
S002329,je veux me rendre a carbonne en partant de torpes - boussières,TRIP,Torpes - Boussières,Carbonne,
S005626,rennes pontcharra sur breda,TRIP,Rennes,Pontcharra sur Bréda,
S006659,Marles-en-Brie puis Boisset puis Chaux-des-Crotenay,TRIP,Marles-en-Brie,Chaux-des-Crotenay,Boisset
S001770,Un billet de Bannalec a Surgères,TRIP,Bannalec,Surgères,
S007668,J'ai rencontre Marseille hier,NOT_TRIP,,,
S001144,comment aller de cavignac a auboue,TRIP,Cavignac,Auboué,
S003202,Jd voyage de Saint-Avold a Zh,TRIP,Saint-Avold,Ay,
S001750,aller de saint-vit a angoulême,TRIP,Saint-Vit,Angoulême,
S008412,Je voudrais,NOT_TRIP,,,
S003142,un train de plestan a lutzelhouse pour demain,TRIP,Plestan,Lutzelhouse,
S003281,Je voudrais prendre un train de Vignory a Audruicq,TRIP,Vignory,Audruicq,
S008908,What is the best route,NOT_FRENCH,,,
S008298,C'est quoi ce service,NOT_TRIP,,,
S001136,Albertville vers Moret - Veneux-les-Sablons,TRIP,Albertville,Moret - Veneux-les-Sablons,
S001590,carnoët - locarn puis le poirier université,TRIP,Carnoët - Locarn,Le Poirier Université,
S007170,Salut,NOT_TRIP,,,
S008063,Genial,NOT_TRIP,,,
S002477,Voyage de Angouleme a Castelnaudary,TRIP,Angoulême,Castelnaudary,
S006360,De Saint-Pierre-leu-Moûtier a Surgèrres en passant par Pontarlier,TRIP,Saint-Pierre-le-Moûtier,Surgères,Pontarlier
S005740,je veux prendre le train de antibes a mareil-marly,TRIP,Antibes,Mareil-Marly,
S005766,Quel train pour aller de La Rochelle Porte Dauphine a La Garde,TRIP,La Rochelle Porte Dauphine,La Garde,
S005770,je pars de champagné et je vais a la fouillouse,TRIP,Champagné,La Fouillouse,
S005710,je me rends a saint-paterne-racan depuis jarnac,TRIP,Jarnac,Saint-Paterne-Racan,
S003428,Je dois aller de Montlaur a Landerneau demain,TRIP,Montlaur,Landerneau,
S008881,Can you help me,NOT_FRENCH,,,
S002411,Aller de Moret - Veneux-les-Sablons a Tarbes,TRIP,Moret - Veneux-les-Sablons,Tarbes,
S006375,Druye puis Le Hare puis Cheilly-lès-Marangzs,TRIP,Druye,Cheilly-lès-Maranges,Le Havre
S009762,!!!,UNKNOWN,,,
S005220,Depart de Villenouvelle arrivee a Gannes,TRIP,Villenouvelle,Gannes,
S007450,Nancy est ma soeur,NOT_TRIP,,,
S002184,prendre le train de dax a villefranche - vernet-les-bains,TRIP,Dax,Villefranche - Vernet-les-Bains,
S004033,saint-brice-sur-vienne - walbach,TRIP,Saint-Brice-sur-Vienne,Walbach,
S006027,De Neufchâteau a Louhans en passant par Muhlbach-sur-Munster,TRIP,Neufchâteau,Louhans,Muhlbach-sur-Munster
S001946,Partir de Meurchin pour Chézy-sur-Marne,TRIP,Meurchin,Chézy-sur-Marne,
S005949,Quell train pour aller dz Saône a Longuyon,TRIP,Saône,Longuyon,
S007350,mon ami lyon va bien,NOT_TRIP,,,
S003739,y a-t-il un train de les abrets - fitilieu a saint-paterne-racan,TRIP,Les Abrets - Fitilieu,Saint-Paterne-Racan,
S007093,J'ai rencontre Marseille hier,NOT_TRIP,,,
S008755,Je want to go Lyon,NOT_FRENCH,,,
S003677,Billet Revin Dugny - La Courneuve T11,TRIP,Revin,Dugny - La Courneuve T11,
S000798,Depart de Graffenstaden arrivee a Longroy - Gamaches,TRIP,Graffenstaden,Longroy - Gamaches,
S003961,Comment aller de Provenchères-sur-Fave a Fismes,TRIP,Provenchères-sur-Fave,Fismes,
S004843,partir de sainte-cécile-d'andorge pour veuves - monteaux,TRIP,Sainte-Cécile-d'Andorge,Veuves - Monteaux,
S003117,Demain je pars de La Gorp pour Surdon,TRIP,La Gorp,Surdon,
S009314,How do I get to Marseille,NOT_FRENCH,,,
S001754,J'aimerais aller de Iwuy a Thun le Paradis,TRIP,Iwuy,Thun le Paradis,
S004632,de pointe de grave a orange,TRIP,Pointe de Grave,Orange,
S002553,demain je pars de courcay - tauxigny pour croix l'allumette,TRIP,Courcay - Tauxigny,Croix L'Allumette,
S003156,Voyage de Fécamp a Luxeuil-les-Bains,TRIP,Fécamp,Luxeuil-les-Bains,
S004694,Depuis Pontrieux Halte jusqu'a Castillon-la-Bataille,TRIP,Pontrieux Halte,Castillon-la-Bataille,
S004029,Je souhaite aller de Lozanne a Saint-Pierre-sur-Dives,TRIP,Lozanne,Saint-Pierre-sur-Dives,
S006828,De Dreffeac a Ales en passant par Mauves-sur-Loire,TRIP,Drefféac,Alès,Mauves-sur-Loire
S009361,Vorrei andare da Parigi a Lione,NOT_FRENCH,,,
S005077,Jaunay-Clan puis Tours,TRIP,Jaunay-Clan,Tours,
S003248,Depuis Recquignies jusqu'a Boussy-Saint-Antoine,TRIP,Recquignies,Boussy-Saint-Antoine,
S004165,direction saint-amand-montrond - orval au depart de morteau,TRIP,Morteau,Saint-Amand-Montrond - Orval,
S006717,Train de Landrecies a Commentry passant par Vallon-en-Sully,TRIP,Landrecies,Commentry,Vallon-en-Sully
S001497,Voyage de Paris Montparnasse a Ciry-le-Noble,TRIP,Paris Montparnasse,Ciry-le-Noble,
S000096,Sélestat - Clerval,TRIP,Sélestat,Clerval,
S005350,Je souhaite aller de Caffiers a Aime - La Plagne,TRIP,Caffiers,Aime - La Plagne,
S007988,Je n'aime pas voyager,NOT_TRIP,,,
S009879,aaaaaaaa,UNKNOWN,,,
S001324,Billet Beauvoisin Blangy-sur-Bresle,TRIP,Beauvoisin,Blangy-sur-Bresle,
S009270,Un billete de tren por favor,NOT_FRENCH,,,
S007390,Ik,NOT_TRIP,,,
S006334,De Boulogne Tintelleries a Pauillac en passant par Tessonnières,TRIP,Boulogne Tintelleries,Pauillac,Tessonnières
S007008,Je veux aller,NOT_TRIP,,,
S001238,Aller de Benfeld a Mothern,TRIP,Benfeld,Mothern,
S002778,Me rendre de Mommenheim a Saint-Victor-l'Abbaye,TRIP,Mommenheim,Saint-Victor-l'Abbaye,
S002269,Je voyage de Montmedy a Grand-Combe la Pise,TRIP,Montmédy,Grand-Combe la Pise,
S000332,Argentan Dannemarie - Velesmes,TRIP,Argentan,Dannemarie - Velesmes,
S003315,Je voudrais aller de Versailles Rive Droite a Maurecourt,TRIP,Versailles Rive Droite,Maurecourt,
S004282,comment aller de mareil-sur-mauldre a tullins fures,TRIP,Mareil-sur-Mauldre,Tullins Fures,
S004717,Comment aller de Saverdun a Val d'Argenteuil ?,TRIP,Saverdun,Val d'Argenteuil,
S003088,Aix-les-Bains le Revard puis Jœuf,TRIP,Aix-les-Bains le Revard,Jœuf,
S005394,Aller de Agonac a Szint-Aignan - Noyers,TRIP,Agonac,Saint-Aignan - Noyers,
S001937,voyage de fépin a pougny - chancy,TRIP,Fépin,Pougny - Chancy,
S008972,I would like a train ticket,NOT_FRENCH,,,
S007109,Aujourd'hui,NOT_TRIP,,,
S008954,I want aller a Paris,NOT_FRENCH,,,
S008002,J'aime les trains,NOT_TRIP,,,
S003735,Un train de Survilliers - Fosses a Drap - Cantaron pour demain,TRIP,Survilliers - Fosses,Drap - Cantaron,
S008796,Ich mochte von Paris nach Lyon fahren,NOT_FRENCH,,,
S006974,Je veux passer par Pierrefitte - Stains T11 pour aller de Heilly a Viroflay Rive Droite,TRIP,Heilly,Viroflay Rive Droite,Pierrefitte - Stains T11
S005154,Prendre le train de Septèmes-les-Vallons a Trélazé,TRIP,Septèmes-les-Vallons,Trélazé,
S009559,a,UNKNOWN,,,
S002366,Je vais a Varetz depui Einvaux,TRIP,Einvaux,Varetz,
S000744,"S'il vous plait, un trajet de Dieppe a Pont de Rungis Aéroport d'Orly",TRIP,Dieppe,Pont de Rungis Aéroport d'Orly,
S004048,je voudrais me rendre a saint-vincent-de-tyrosse depuis tournus,TRIP,Tournus,Saint-Vincent-de-Tyrosse,
S006333,Je veux passer par Cloyes-sur-le-Loir pour aller de Angerville a Nurieux-Volognat,TRIP,Angerville,Nurieux-Volognat,Cloyes-sur-le-Loir
S006615,Je voudrais aller de La Bohalle a Romans - Bourg-de-Péage en passant par La Seyne - Six-Fours,TRIP,La Bohalle,Romans - Bourg-de-Péage,La Seyne - Six-Fours
S004260,je pars de la hutte coulombiers pour aller a poissy,TRIP,La Hutte Coulombiers,Poissy,
S003478,Montereau - Einvaux,TRIP,Montereau,Einvaux,
S009944,test test test,UNKNOWN,,,
S007305,Je veux aller,NOT_TRIP,,,
S009437,Un billete de tren por favor,NOT_FRENCH,,,
S002006,Je me rends a Briouze depuis Issy Val de Seine,TRIP,Issy Val de Seine,Briouze,
S006117,Je voudrais aller de Saint-Julien-en-Genevois a Anthéor Cap Roux en passant par Lillers,TRIP,Saint-Julien-en-Genevois,Anthéor Cap Roux,Lillers
S008610,Vorrei andare da Parigi a Lione,NOT_FRENCH,,,
S002948,depart pornichet arrivee ecully - tassin,TRIP,Pornichet,Ecully - Tassin,
S001398,Est-ce qu'il y a un train de Romanèche-Thorins a Chamarande,TRIP,Romanèche-Thorins,Chamarande,
S008047,Super,NOT_TRIP,,,
S006792,Dz Alaïï vvers Longuyon avec correspondnce a Marmznde,TRIP,Alaï,Longuyon,Marmande
S006023,Aller de Livron-sur-Drôme a Givors avec un arret a Villeneuve-la-Comtesse,TRIP,Livron-sur-Drôme,Givors,Villeneuve-la-Comtesse
S001441,J'aimerais aller de Suresnes Mont Valérien a Hirson Écoles,TRIP,Suresnes Mont Valérien,Hirson Écoles,
S009858,ab,UNKNOWN,,,
S007828,tu fais quoi,NOT_TRIP,,,
S001495,De Mérens-les-Vals a Bailly,TRIP,Mérens-les-Vals,Bailly,
S000011,les moutiers-en-retz direction mulhouse zu rhein tram-train,TRIP,Les Moutiers-en-Retz,Mulhouse Zu Rhein Tram-Train,
S007477,d'accord,NOT_TRIP,,,
S008872,Un biglietto per Marsiglia,NOT_FRENCH,,,
S000918,Quel train pour aller de Manduel-Redessan a Montluçon Rimard,TRIP,Manduel-Redessan,Montluçon Rimard,
S000561,je voudrais prendre un train de fraisses - unieux a savigny-sur-orge,TRIP,Fraisses - Unieux,Savigny-sur-Orge,
S006524,Je voudrais aller de Mitry - Claye a Esches en passant par Vierzon Forges,TRIP,Mitry - Claye,Esches,Vierzon Forges
S006337,Virieu-le-Grand - Belley Herrlisheim via Courtalain - Saint-Pellerin,TRIP,Virieu-le-Grand - Belley,Herrlisheim,Courtalain - Saint-Pellerin
S006310,Sablé-sur-Sarthe puis Gennevilliers puis Allenc,TRIP,Sablé-sur-Sarthe,Allenc,Gennevilliers
S006735,de sallanches - combloux - megève vers saint-lô avec correspondance a vierzon forges,TRIP,Sallanches - Combloux - Megève,Saint-Lô,Vierzon Forges
S006378,"Je pars de Meymac, je passe par Isles - Armentières - Congis et j'arrive a Paris Gare de Lyon",TRIP,Meymac,Paris Gare de Lyon,Isles - Armentières - Congis
S001216,je voudrais prendre un train de clermont-ferrand a villers-les-pots,TRIP,Clermont-Ferrand,Villers-les-Pots,
S003116,Je me rends a Channteloup-les-Vignes depuis Mulllerhof,TRIP,Mullerhof,Chanteloup-les-Vignes,
S009035,Como llego a Marsella,NOT_FRENCH,,,
S008971,I want aller a Paris,NOT_FRENCH,,,
S002904,ce soir je vais de chars a veynes dévoluy,TRIP,Chars,Veynes Dévoluy,
S002918,Voyager de Saint-Cyr Les Lecques - La Cadière vers Fraisses - Unieux,TRIP,Saint-Cyr Les Lecques - La Cadière,Fraisses - Unieux,
S004318,billlet Luc Meymac,TRIP,Luc,Meymac,
S007440,Albert est mon cousin,NOT_TRIP,,,
S000018,je voyage de la clayette - baudemont a bollwiller,TRIP,La Clayette - Baudemont,Bollwiller,
S005502,depart vitry-en-artois arrivee porte-puymorens,TRIP,Vitry-en-Artois,Porté-Puymorens,
S009729,test test test,UNKNOWN,,,
S004912,Un train de Vallorcine a Le Trayas pour demain,TRIP,Vallorcine,Le Trayas,
S007561,albert est mon cousin,NOT_TRIP,,,
S004758,comment aller de lamagistère a reignier-ésery,TRIP,Lamagistère,Reignier-Ésery,
S001008,"Bonjour, je voudrais aller de Sarcelles - Saint-Brice a Montbazon",TRIP,Sarcelles - Saint-Brice,Montbazon,
S005296,Comment aler de Théoule-sur-Mer a Vimy,TRIP,Théoule-sur-Mer,Vimy,
S000667,Mesves - Bulcy direction Fontaine-le-Port,TRIP,Mesves - Bulcy,Fontaine-le-Port,
S004767,depuis le bosquet jusqu'a vergeze - codognan,TRIP,Le Bosquet,Vergèze - Codognan,
S004631,Je souhaite aller de Nurieux-Volognat a Entzheim Aéroport,TRIP,Nurieux-Volognat,Entzheim Aéroport,
S005194,ce soir je vais de gignac - cressensac a villeneuve-saint-georges,TRIP,Gignac - Cressensac,Villeneuve-Saint-Georges,
S002853,train de valence a pins-justaret,TRIP,Valence,Pins-Justaret,
S001578,je vais de bigny a tonnay-charente,TRIP,Bigny,Tonnay-Charente,
S001226,Coursan direction Conflans-Sainte-Honorine,TRIP,Coursan,Conflans-Sainte-Honorine,
S001483,Je voudrais me rendre a Biache-Saint-Vaast depuis Arvant,TRIP,Arvant,Biache-Saint-Vaast,
S006415,"Je pars de Chateauneuf-sur-Charente, je passe par Angerville et j'arrive a Laigne - Saint-Gervais",TRIP,Châteauneuf-sur-Charente,Laigné - Saint-Gervais,Angerville
S009945,a,UNKNOWN,,,
S005810,y a-t-il un train de épanvilliers a la couronne ?,TRIP,Épanvilliers,La Couronne,
S009752,asdfghjkl,UNKNOWN,,,
S001533,voyager de luant vers juziers,TRIP,Luant,Juziers,
S007878,Je veux aller,NOT_TRIP,,,
S002766,Saint-Béron - La Bridoire - Châteaubriant,TRIP,Saint-Béron - La Bridoire,Châteaubriant,
S000625,"s'il vous plait, un trajet de colmar mésanges a verneuil-sur-vienne",TRIP,Colmar Mésanges,Verneuil-sur-Vienne,
S009934,qwerty,UNKNOWN,,,
S000306,Je voyage de Égly a Joncet,TRIP,Égly,Joncet,
S001159,Quel train pour aller de Nantiat a Saint-Priest-Taurion,TRIP,Nantiat,Saint-Priest-Taurion,
S009911,qwerty,UNKNOWN,,,
S007827,aujourd'hui,NOT_TRIP,,,
S004143,ce soir je vais de louveciennes a les sables-d'olonne,TRIP,Louveciennes,Les Sables-d'Olonne,
S005412,Je voudrais me renre a Chartres depuis Saint-Piat,TRIP,Saint-Piat,Chartres,
S007586,Jd m'appelle Paris,NOT_TRIP,,,
S006457,de mervans vers besancon mouillere avec correspondance a nerpuy,TRIP,Mervans,Besançon Mouillère,Nerpuy
S007099,Il fait beau aujourd'hui,NOT_TRIP,,,
S007552,Mon ami Lyon va bien,NOT_TRIP,,,
S003871,je pars de saint-michel - valloire et je vais a argenton-sur-creuse,TRIP,Saint-Michel - Valloire,Argenton-sur-Creuse,
S005590,J'aimerais aller de Saône a Marmagne,TRIP,Saône,Marmagne,
S009350,Vorrei andare da Parigi a Lione,NOT_FRENCH,,,
S005225,depart berlaimont arrivee val d'argenteuil,TRIP,Berlaimont,Val d'Argenteuil,
S004151,De Saint-Martin d'Étampes a La Hutte Coulombiers,TRIP,Saint-Martin d'Étampes,La Hutte Coulombiers,
S009512,qwerty,UNKNOWN,,,
S008575,Ich mochte von Paris nach Lyon fahren,NOT_FRENCH,,,
S003875,pourriez-vous me trouver un train de azay-le-rideau a gironde-sur-dropt,TRIP,Azay-le-Rideau,Gironde-sur-Dropt,
S005082,y a-t-il un train de caussade a valence,TRIP,Caussade,Valence,
S002726,Je ais a Pznhoët depis Le QQuesunoy,TRIP,Le Quesnoy,Penhoët,
S005700,Voyager de Vitry-le-Francois vers Mouroux,TRIP,Vitry-le-François,Mouroux,
S001101,Y a-t-il un train de Haubourdin a Rosières-aux-Salines ?,TRIP,Haubourdin,Rosières-aux-Salines,
S003827,De Bons-en-Chablais a Val-de-Vesle,TRIP,Bons-en-Chablais,Val-de-Vesle,
S004405,Je souhaite aller de Fos-sur-Mer a La Fontaine,TRIP,Fos-sur-Mer,La Fontaine,
S000376,Quel train pour aller de Futuroscope a Thenon,TRIP,Futuroscope,Thenon,
S007603,bonsoir,NOT_TRIP,,,
S000847,quel train de walbach a clelles - mens ?,TRIP,Walbach,Clelles - Mens,
S000769,me rendre de montville a moustéru,TRIP,Montville,Moustéru,
S002194,Billet Valmondois Tracy - Sancerre,TRIP,Valmondois,Tracy - Sancerre,
S009672,a,UNKNOWN,,,
S001823,quel train pour aller de anché - voulon a saint-vincent le château,TRIP,Anché - Voulon,Saint-Vincent le Château,
S000577,quel train de paris montparnasse a weyersheim ?,TRIP,Paris Montparnasse,Weyersheim,
S007067,Mon ami Lyon va bien,NOT_TRIP,,,
S003828,Ce soir je vais de L'Argentière Les Écrins a Planès,TRIP,L'Argentière Les Écrins,Planès,
S003671,je dois aller de saint-pierre-d'albigny a meurchin demain,TRIP,Saint-Pierre-d'Albigny,Meurchin,
S004621,J'aimerais un billet de Fourqueux - Bel-Air a Dachstein,TRIP,Fourqueux - Bel-Air,Dachstein,
S009702,...,UNKNOWN,,,
S007898,Nice de te rencontrer,NOT_TRIP,,,
S007330,Hey,NOT_TRIP,,,
S006698,train de seugy a nanterre la folie passant par aiserey,TRIP,Seugy,Nanterre La Folie,Aiserey
S000964,Depart de Sathonay - Rillieux arrivee a Retournac,TRIP,Sathonay - Rillieux,Retournac,
S005446,Depuis Villeneuve Triage jusqu'a Arleux,TRIP,Villeneuve Triage,Arleux,
S001557,Voyage ce Cassis a Horrdt,TRIP,Cassis,Hoerdt,
S008787,I would like a train ticket,NOT_FRENCH,,,
S009555,???,UNKNOWN,,,
S004569,Me rendre de Nomain a Beaurainville,TRIP,Nomain,Beaurainville,
S000697,je me rends a les flacheres depuis auffay,TRIP,Auffay,Les Flachères,
S009665,ab,UNKNOWN,,,
S006194,"Je parsu de Moyruvre-rande, je passe par Saint-Seurin-sur-l'Isle et j'areive a Grisolles",TRIP,Moyeuvre-Grande,Grisolles,Saint-Seurin-sur-l'Isle
S001913,De Berthelming a Farschviller,TRIP,Berthelming,Farschviller,
S000035,Partir de Bischwiller pour La Couronne Carro,TRIP,Bischwiller,La Couronne Carro,
S004884,Je pars de Saint-Rambert-en-Bugey pour aller a Dompierre Sept Fons,TRIP,Saint-Rambert-en-Bugey,Dompierre Sept Fons,
S006783,de cavaillon a plouvara - plerneuf en passant par la chapelle-saint-mesmin,TRIP,Cavaillon,Plouvara - Plerneuf,La Chapelle-Saint-Mesmin
S001879,de haussmann saint-lazare a bourg-saint-maurice,TRIP,Haussmann Saint-Lazare,Bourg-Saint-Maurice,
S004474,Jr vru aler de Mohon a Rixheim,TRIP,Mohon,Rixheim,
S003349,j'aimerais aller de jouy-en-josas a laigne - saint-gervais,TRIP,Jouy-en-Josas,Laigné - Saint-Gervais,
S007498,Merci,NOT_TRIP,,,
S004931,Comment aller de Gundershoffen a Estrees-Saint-Denis,TRIP,Gundershoffen,Estrées-Saint-Denis,
S004396,Je voudrais aller de Lantenay a Auchy-lès-Hesdin,TRIP,Lantenay,Auchy-lès-Hesdin,
S009120,Wie komme ich nach Bordeaux,NOT_FRENCH,,,
S002102,Je souhaite aller de Trois Chênes a Chessy,TRIP,Trois Chênes,Chessy,
S008129,Coucou,NOT_TRIP,,,
S008727,How do I get to Marseille,NOT_FRENCH,,,
S006186,Duppigheim Fismes via Sainte-Colombe Septveilles,TRIP,Duppigheim,Fismes,Sainte-Colombe Septveilles
S002347,Oloron-Sainte-Marie - Dreffeac,TRIP,Oloron-Sainte-Marie,Drefféac,
S005327,Nointel - Mours vers Santeuil - Le Perchay,TRIP,Nointel - Mours,Santeuil - Le Perchay,
S006658,Je voudrais aller de Serifontaine a Neufchateau en passant par Saint-Cloud,TRIP,Sérifontaine,Neufchâteau,Saint-Cloud
S002254,pourriez-vous me trouver un train de meymac a lucé,TRIP,Meymac,Lucé,
S007972,Bonjour,NOT_TRIP,,,
S009212,Ich mochte von Paris nach Lyon fahren,NOT_FRENCH,,,
S005551,Nonant-le-Pin - Thouare-sur-Loire,TRIP,Nonant-le-Pin,Thouaré-sur-Loire,
S002825,Je dois aller de Péreire - Levallois a Orgerus - Béhoust demaain,TRIP,Péreire - Levallois,Orgerus - Béhoust,
S009341,Wie komme ich nach Bordeaux,NOT_FRENCH,,,
S001248,depart de fontpédrouse arrivee a grande-synthe,TRIP,Fontpédrouse,Grande-Synthe,
S004306,Billet Bailleau-le-Pin Bueil,TRIP,Bailleau-le-Pin,Bueil,
S000508,Y a-t-il un train de Bievres a Rabastens - Coufouleux,TRIP,Bièvres,Rabastens - Coufouleux,
S004452,depuis loison-sous-lens jusqu'a corrèze,TRIP,Loison-sous-Lens,Corrèze,
S002400,Je voudrais aller de Vierzon a Coursan,TRIP,Vierzon,Coursan,
S003550,Paeis Saint-Lazare - Vallon-en-Sully,TRIP,Paris Saint-Lazare,Vallon-en-Sully,
S005358,depuis mareil-marly jusqu'a ris-orangis,TRIP,Mareil-Marly,Ris-Orangis,
S005064,Aller de Voujeaucourt a Générac,TRIP,Voujeaucourt,Générac,
S003840,De Collombier-Fontaine  Le Dorat,TRIP,Colombier-Fontaine,Le Dorat,
S009860,a,UNKNOWN,,,
S003242,est-ce qu'il y a un train de serres a saint-leu-d'esserent,TRIP,Serres,Saint-Leu-d'Esserent,
S003593,"s'il vous plait, un trajet de chambourg-sur-indre a pont-de-buis",TRIP,Chambourg-sur-Indre,Pont-de-Buis,
S007222,Arriver,NOT_TRIP,,,
S009234,Wie komme ich nach Bordeaux,NOT_FRENCH,,,
S005304,Quel train de L'Isle-Adam - Parmain a Chasseradès ?,TRIP,L'Isle-Adam - Parmain,Chasseradès,
S005319,depart de raon-l'étape arrivee a la rivière de mansac,TRIP,Raon-l'Étape,La Rivière de Mansac,
S002287,Saint-Cyprien Arènes Dombasle-sur-Meurthe,TRIP,Saint-Cyprien Arènes,Dombasle-sur-Meurthe,
S003489,Voyage de Presles Courcelles a Hatrize,TRIP,Presles Courcelles,Hatrize,
S005990,De La Mothe-Saint-Héray a Montendre en passant par Stephansfeld,TRIP,La Mothe-Saint-Héray,Montendre,Stephansfeld
S000388,voyager de monte-carlo country club vers cesson-sevigne,TRIP,Monte-Carlo Country Club,Cesson-Sévigné,
S000515,Billet Liverdun Combourg,TRIP,Liverdun,Combourg,
S007420,Voyage,NOT_TRIP,,,
S004386,Train de Gargan a Hayange,TRIP,Gargan,Hayange,
S007959,Je veux aller,NOT_TRIP,,,
S009030,I want aller a Paris,NOT_FRENCH,,,
S005393,Quel train pour aller de Nîmes Pont du Gard a Musée d'Orsay,TRIP,Nîmes Pont du Gard,Musée d'Orsay,
S004690,je me rends a marigny depuis armentieres,TRIP,Armentières,Marigny,
S007105,Ok,NOT_TRIP,,,
S004079,Je me rends a Breil-sur-Roya depuis Romilly-sur-Seine,TRIP,Romilly-sur-Seine,Breil-sur-Roya,
S002880,Je veux me rendre a Le Dorat en partant de Vitré,TRIP,Vitré,Le Dorat,
S009848,a,UNKNOWN,,,
S002847,Je vais de Ronchin a Chissay-en-Touraine,TRIP,Ronchin,Chissay-en-Touraine,
S007530,D'accord,NOT_TRIP,,,
S005994,Châteaubriant puis Fleurville - Pont-e-Vauxi puiis Nouvion-sur-Meuse,TRIP,Châteaubriant,Nouvion-sur-Meuse,Fleurville - Pont-de-Vaux
S005271,de revin a saint-etienne le clapier,TRIP,Revin,Saint-Étienne Le Clapier,
S008621,Quiero ir de Paris a Lyon,NOT_FRENCH,,,
S001100,Partir de Pontanevaux pour La Bohalle,TRIP,Pontanevaux,La Bohalle,
S008656,What is the best route,NOT_FRENCH,,,
S001674,Demain je pars de Gaillac pour Châteajroux,TRIP,Gaillac,Châteauroux,
S005706,Je souhaite aller de Seyssel - Corbonod a Peyrehorade,TRIP,Seyssel - Corbonod,Peyrehorade,
S006931,"je pars de seclin, je passe par turenne et j'arrive a muhlbach-sur-munster",TRIP,Seclin,Muhlbach-sur-Munster,Turenne
S000231,Je dois aller de Ham-en-Artois a Dannes - Camiers demain,TRIP,Ham-en-Artois,Dannes - Camiers,
S001091,Je dois aller de Breuillet - Bruyères-le-Châtel a Cordes - Vindrac demain,TRIP,Breuillet - Bruyères-le-Châtel,Cordes - Vindrac,
S007738,Aujourdo'hui,NOT_TRIP,,,
S006696,Denain puis Pont-Saint-Vincent puis Lyon Saint-Exupéry TGV,TRIP,Denain,Lyon Saint-Exupéry TGV,Pont-Saint-Vincent
S005756,Je voudrais me rendre a Lavaufranche depuis Yvetot,TRIP,Yvetot,Lavaufranche,
S002564,partir de gazeran pour moissac,TRIP,Gazeran,Moissac,
S008921,Quiero ir de Paris a Lyon,NOT_FRENCH,,,
S001628,Direction Vénissieux au depart de Condat - Le Lardin,TRIP,Condat - Le Lardin,Vénissieux,
S008674,What is the best route,NOT_FRENCH,,,
S006404,De Najac vers Fegersheim - Lipsheim avec correspondance a Trégonneau - Squiffiec,TRIP,Najac,Fegersheim - Lipsheim,Trégonneau - Squiffiec
S003144,Je souhaite aller de Joncet a Nœux-les-Mines,TRIP,Joncet,Nœux-les-Mines,
S002344,Je veux prendre le train de Xertigny a Granville,TRIP,Xertigny,Granville,
S004749,voyage de niort a wacquemoulin,TRIP,Niort,Wacquemoulin,
S003970,Je parq de Cour - Brimont et je vais a Bardntin,TRIP,Courcy - Brimont,Barentin,
S002715,Deoart Rabzstens - Cooufouleux arrivee Ambérieu-n-Bugey,TRIP,Rabastens - Coufouleux,Ambérieu-en-Bugey,
S008065,C'est trop cher,NOT_TRIP,,,
S005823,Quel train de Fos-sur-Mer a Barenton-Bugny ?,TRIP,Fos-sur-Mer,Barenton-Bugny,
S003960,Me rendre de Peyrehorade a Somain,TRIP,Peyrehorade,Somain,
S005307,me rendre de reignac-sur-indre a entraigues-sur-la-sorgue,TRIP,Reignac-sur-Indre,Entraigues-sur-la-Sorgue,
S009913,test test test,UNKNOWN,,,
S002099,Je veux me rendre a Eguzon-Chantome en partant de Cernay (Haut-Rhin),TRIP,Cernay (Haut-Rhin),Éguzon-Chantôme,
S002117,Est-ce qu'il y a un train de Wimille - Wimereux a Paris Austerlitz,TRIP,Wimille - Wimereux,Paris Austerlitz,
S009055,I would like a train ticket,NOT_FRENCH,,,
S005334,J'aimerais un billet de Trois Chênes a Albens,TRIP,Trois Chênes,Albens,
S009269,Vorrei andare da Parigi a Lione,NOT_FRENCH,,,
S006431,Aller de Villars-les-Dombes a Saint-Denis-lès-Martel avec un arret a Saint-Victor - Thizy,TRIP,Villars-les-Dombes,Saint-Denis-lès-Martel,Saint-Victor - Thizy
S001416,Y a-t-il un train de Ychoux a La Basse Indre - Saint-Herblain ?,TRIP,Ychoux,La Basse Indre - Saint-Herblain,
S002863,Je voudrais me rendre a Trie-Château depuis Vernon - Giverny,TRIP,Vernon - Giverny,Trie-Château,
S007872,Coucou,NOT_TRIP,,,
S006808,Je voudrais aller de Andorre – l’Hospitalet a Colmar Saint-Joseph en passant par Vigneux-sur-Seine,TRIP,Andorre – l’Hospitalet,Colmar Saint-Joseph,Vigneux-sur-Seine
S003572,je pars de guillerval pour aller a quiberon,TRIP,Guillerval,Quiberon,
S007376,je n'aime pas voyager,NOT_TRIP,,,
S005959,Train de Morhange a Domblans - Voiteur passant par Le Grand Jardin,TRIP,Morhange,Domblans - Voiteur,Le Grand Jardin
S009353,I want to go from Paris to Lyon,NOT_FRENCH,,,
S006548,de tarbes a cordemais en passant par thouaré-sur-loire,TRIP,Tarbes,Cordemais,Thouaré-sur-Loire
S006127,péreire - levallois puis le vernet d'ariège puis staffelfelden,TRIP,Péreire - Levallois,Staffelfelden,Le Vernet d'Ariège
S008272,aujourd'hui,NOT_TRIP,,,
S004514,pourriez-vous me trouver un train de saint-sébastien a aime - la plagne,TRIP,Saint-Sébastien,Aime - La Plagne,
S008527,Book a ticket for me,NOT_FRENCH,,,
S008299,Partir,NOT_TRIP,,,
S006624,Je veux passer par Longuerue - Vieux-Manoir pour aller de Clelles - Mens a La Porcherie,TRIP,Clelles - Mens,La Porcherie,Longuerue - Vieux-Manoir
S002308,Comment aller de Saint-Jean-d'Angély a Verneuil-sur-Serre,TRIP,Saint-Jean-d'Angély,Verneuil-sur-Serre,
S003351,Wallers - Hagondange,TRIP,Wallers,Hagondange,
S007191,nancy est ma soeur,NOT_TRIP,,,
S006569,le mans chaville rive gauche via soultz-sous-forêts,TRIP,Le Mans,Chaville Rive Gauche,Soultz-sous-Forêts
S003693,Prendre le train de Steenwerck a Soulac-sur-Mer,TRIP,Steenwerck,Soulac-sur-Mer,
S002518,Je pars de La Souterraine pour aller a Brebières,TRIP,La Souterraine,Brebières,
S009215,I need to travel tomorrow,NOT_FRENCH,,,
S005723,Duppigheim vers Montréjeau - Gourdan-Polignan,TRIP,Duppigheim,Montréjeau - Gourdan-Polignan,
S004959,Poureiez-vous me trouver un train de Orléans a Gardanne,TRIP,Orléans,Gardanne,
S005278,Je veux me reendre a Saint-Étienne Châteaucreux en partant de Saint-Pierre-de-Chignac,TRIP,Saint-Pierre-de-Chignac,Saint-Étienne Châteaucreux,
S001482,direction bouray au depart de provins,TRIP,Provins,Bouray,
S002138,j'aimerais aller de saint-cyprien arènes a sérézin-du-rhône,TRIP,Saint-Cyprien Arènes,Sérézin-du-Rhône,
S002309,les ormes - rosières-en-santerre,TRIP,Les Ormes,Rosières-en-Santerre,
S003647,"Bonjour, je voudrais aller de Changis - Saint-Jean a Tain-l'Hermitage - Tournon",TRIP,Changis - Saint-Jean,Tain-l'Hermitage - Tournon,
S003621,Est-ce qu'il y a un train de Salses-le-Château a Saint-Étienne-du-Rouvray,TRIP,Salses-le-Château,Saint-Étienne-du-Rouvray,
S008920,I want aller a Paris,NOT_FRENCH,,,
S007511,Un train,NOT_TRIP,,,
S001554,Pourriez-vous me trouver un train de Modane a Saint-Martory,TRIP,Modane,Saint-Martory,
S005221,Direction Lunas au depart de Villefranche-de-Lauragais,TRIP,Villefranche-de-Lauragais,Lunas,
S009080,I need to travel tomorrow,NOT_FRENCH,,,
S002069,Je souhaite aller de Marmande a Ingersheim - Cité Scolaire,TRIP,Marmande,Ingersheim - Cité Scolaire,
S001514,Murat - Corcy,TRIP,Murat,Corcy,
S008680,Como llego a Marsella,NOT_FRENCH,,,
S002898,y a-t-il un train de lentilly charpenay a dangé-saint-romain ?,TRIP,Lentilly Charpenay,Dangé-Saint-Romain,
S003445,Je vais de Heilles - Mouchy a Monistrol-d'Allier,TRIP,Heilles - Mouchy,Monistrol-d'Allier,
S001117,Je veux aller de Paulhaguet a Lyon Jean Macé,TRIP,Paulhaguet,Lyon Jean Macé,
S001748,billet darsac froncles buxieres,TRIP,Darsac,Froncles Buxières,
S007797,Je veux aller,NOT_TRIP,,,
S004437,Voyage de Chamelet a Sainy-Étienne Châteaucreux,TRIP,Chamelet,Saint-Étienne Châteaucreux,
S009238,Ein Zug nach Marseille bitte,NOT_FRENCH,,,
S001428,Direction Villiers - Neauphle - Pontchartrain au depart de Lisle-sur-Tarn,TRIP,Lisle-sur-Tarn,Villiers - Neauphle - Pontchartrain,
S007199,Help,NOT_TRIP,,,
S007700,je m'appelle paris,NOT_TRIP,,,
S004214,Je veux aller de Villeneuve-les-Maguelone a Eragny - Neuville,TRIP,Villeneuve-lès-Maguelone,Éragny - Neuville,
S009773,qwerty,UNKNOWN,,,
S003788,depuis lillers jusqu'a valmondois,TRIP,Lillers,Valmondois,
S009867,???,UNKNOWN,,,
S006521,Aller de Macau a Laragne-Montéglin avec un arret a Trélazé,TRIP,Macau,Laragne-Montéglin,Trélazé
S006909,Je veux passer par Nurieux-Volognat pour aller de Gan a Le Pont-de-Claix,TRIP,Gan,Le Pont-de-Claix,Nurieux-Volognat
S000637,De Beau Marais jusqu'a Duppigheim,TRIP,Beau Marais,Duppigheim,
S004878,Prendre le train de Montdidier a Babinière,TRIP,Montdidier,Babinière,
S004383,direction moret - veneux-les-sablons au depart de nurieux-volognat,TRIP,Nurieux-Volognat,Moret - Veneux-les-Sablons,
S009317,Vorrei andare da Parigi a Lione,NOT_FRENCH,,,
S007377,Albert est mon cousin,NOT_TRIP,,,
S004844,Je voudrais me rendre a Fourqueux - Bel-Air depuis Saint-Denis,TRIP,Saint-Denis,Fourqueux - Bel-Air,
S008612,Quiero ir de Paris a Lyon,NOT_FRENCH,,,
S003231,ce soir je vais de rouffach a vieilleville,TRIP,Rouffach,Vieilleville,
S009777,aaaaaaaa,UNKNOWN,,,
S005720,Un train de Trois Chênes a Digoin,TRIP,Trois Chênes,Digoin,
S004492,Comment aller de Cornil a Champagne-sur-Oise,TRIP,Cornil,Champagne-sur-Oise,
S000938,Un train de Froncles Buxières a Chilly-Mazarin,TRIP,Froncles Buxières,Chilly-Mazarin,
S000931,"Bonjour, je voudrais aller de Boucau a Artix",TRIP,Boucau,Artix,
S006279,je voudrais aller de les clairières de verneuil a templeuve en passant par fontan-saorge,TRIP,Les Clairières de Verneuil,Templeuve,Fontan-Saorge
S007516,Help,NOT_TRIP,,,
S006610,De Vannes a Albi Madeleine en passant par Le Chénay Gagny,TRIP,Vannes,Albi Madeleine,Le Chénay Gagny
S007690,Coucou,NOT_TRIP,,,
S004821,Anse Halte - Aubagne,TRIP,Anse Halte,Aubagne,
S005138,je dois aller de domont a laboissière - le déluge,TRIP,Domont,Laboissière - Le Déluge,
S008871,I would like a train ticket,NOT_FRENCH,,,
S001200,de bourg-saint-maurice a pont-du-château,TRIP,Bourg-Saint-Maurice,Pont-du-Château,
S000620,Direction Moûtiers - Salins - Brides-les-Bains au depart de Puteaux,TRIP,Puteaux,Moûtiers - Salins - Brides-les-Bains,
S002372,Je veux prendte le train de Le Theol-de-Bretagne a Ssinte-Colombe Srptveilles,TRIP,Le Theil-de-Bretagne,Sainte-Colombe Septveilles,
S000532,Abancourt vers Villeneive-la-Comtesse,TRIP,Abancourt,Villeneuve-la-Comtesse,
S008191,nancy est ma soeur,NOT_TRIP,,,
S002093,Ce soir je vais de Albertville a Châteaulin,TRIP,Albertville,Châteaulin,
S009661,test test test,UNKNOWN,,,
S004824,"bonjour, je voudrais aller de marseillan plage a estressin",TRIP,Marseillan Plage,Estressin,
S006686,aller de ermont - eaubonne a veauche - saint-galmier avec un arret a orthez,TRIP,Ermont - Eaubonne,Veauche - Saint-Galmier,Orthez
S004188,Billet Mazamet Montmélian,TRIP,Mazamet,Montmélian,
S001154,Y a-t-il un train de Rothau a Conflans Fin d'Oise ?,TRIP,Rothau,Conflans Fin d'Oise,
S005546,"s'il vous plait, un trajet de farebersviller a fleurville - pont-de-vaux",TRIP,Farébersviller,Fleurville - Pont-de-Vaux,
S009190,Ein Zug nach Marseille bitte,NOT_FRENCH,,,
S007495,je veux aller,NOT_TRIP,,,
S006960,La Clayette - Baudemont La Bachellerie via Plounérin,TRIP,La Clayette - Baudemont,La Bachellerie,Plounérin
S009046,Vorrei andare da Parigi a Lione,NOT_FRENCH,,,
S003751,Un billet de La Chaumusse - Fort-du-Plasne a Bourg-Saint-Maurice,TRIP,La Chaumusse - Fort-du-Plasne,Bourg-Saint-Maurice,
S008372,nice de te rencontrer,NOT_TRIP,,,
S007486,Je voudrais,NOT_TRIP,,,
S006719,De La Riviere-Drugeon a Veigne en passant par Sept-Saulx,TRIP,La Rivière-Drugeon,Veigné,Sept-Saulx
S000300,Je pars de Saint-Christophe-Vallon et je vais a La Ferte-Alais,TRIP,Saint-Christophe-Vallon,La Ferté-Alais,
S002356,Voyager de attenières vers Nilhaud,TRIP,Cattenières,Milhaud,
S008736,Quiero ir de Paris a Lyon,NOT_FRENCH,,,
S002728,Je pars de Rombas - Clouange et je vais a Serquigny,TRIP,Rombas - Clouange,Serquigny,
S001067,Je dois aller de Saint-Louis a Hochfelden demain,TRIP,Saint-Louis,Hochfelden,
S004080,Je voudrais aller de Conches-en-Ouche a Montigny-en-Ostrevent,TRIP,Conches-en-Ouche,Montigny-en-Ostrevent,
S006007,"je pars de gravelines, je passe par babinière et j'arrive a orry-la-ville - coye",TRIP,Gravelines,Orry-la-Ville - Coye,Babinière
S001670,Comment aller de Homecourt a La Courneuve - Aubervilliers,TRIP,Homécourt,La Courneuve - Aubervilliers,
S006830,De Avion vers Pont-Sainte-Maxence avec correspondance a Sainte-Marthe n Provence,TRIP,Avion,Pont-Sainte-Maxence,Sainte-Marthe en Provence
S001794,Direction Lamothe-Montravel au depart de Bagnac-sur-Célé,TRIP,Bagnac-sur-Célé,Lamothe-Montravel,
S002920,chaponval - bartenheim,TRIP,Chaponval,Bartenheim,
S007434,Salut,NOT_TRIP,,,
S006344,train de geispolsheim a ennevelin passant par villers-bretonneux,TRIP,Geispolsheim,Ennevelin,Villers-Bretonneux
S008029,Aide moi,NOT_TRIP,,,
S002585,Un billet de Neuville-sur-Sarthe a Bueil,TRIP,Neuville-sur-Sarthe,Bueil,
S001602,quel train pour aller de lachaud curmilhac a la wantzenau,TRIP,Lachaud Curmilhac,La Wantzenau,
S007998,Demain,NOT_TRIP,,,
S007935,Super,NOT_TRIP,,,
S003101,est-ce qu'il y a un train de boucoiran-et-nozières a les houches,TRIP,Boucoiran-et-Nozières,Les Houches,
S004887,Quel train pour aller de Saint-Pierre-d'Aurillac a Meudon Val Fleury,TRIP,Saint-Pierre-d'Aurillac,Meudon Val Fleury,
S001706,"Bonjour, je voudrais aller de Corcy a Vis a Marles",TRIP,Corcy,Vis à Marles,
S002615,Depart Andrezieux-Boutheon arrivee Chatel-Censoir,TRIP,Andrézieux-Bouthéon,Châtel-Censoir,
S005521,je vais a chatel - nomexy depuis bohain-en-vermandois,TRIP,Bohain-en-Vermandois,Châtel - Nomexy,
S001627,train de savennieres - behuard a romilly-la-puthenaye,TRIP,Savennières - Béhuard,Romilly-la-Puthenaye,
S000215,J'aimerais aller de Houdan a Kogenheim,TRIP,Houdan,Kogenheim,
S005048,Partir de Gan pour Guimiliau,TRIP,Gan,Guimiliau,
S004439,Depuis Danjoutin jusqu'a Naucelle,TRIP,Danjoutin,Naucelle,
S004390,De Nœux-les-Mines a Graffenwald,TRIP,Nœux-les-Mines,Graffenwald,
S006454,De Rémelfing vers Verneuil-l'Étang avec correspondance a Firminy,TRIP,Rémelfing,Verneuil-l'Étang,Firminy
S004927,billet aimargues roissy-en-brie,TRIP,Aimargues,Roissy-en-Brie,
S000008,Boucau puis Trémolat,TRIP,Boucau,Trémolat,
S007515,Voyage,NOT_TRIP,,,
S001500,ermont - eaubonne direction montmedy,TRIP,Ermont - Eaubonne,Montmédy,
S009275,Un biglietto per Marsiglia,NOT_FRENCH,,,
S002765,Comment aller de Luc a Aulnay-sous-Bois ?,TRIP,Luc,Aulnay-sous-Bois,
S007877,Help,NOT_TRIP,,,
S007066,SSuper,NOT_TRIP,,,
S006468,Lutterbach-Tram-Train Les Clairières de Verneuil via Bonneval,TRIP,Lutterbach-Tram-Train,Les Clairières de Verneuil,Bonneval
S004073,Je vais a Angers Maitre Ecole depuis Sierentz,TRIP,Sierentz,Angers Maître École,
S006573,Je voudrais aller de Cuers - Pierrefeu a Neufchâteau en passant par Évian-les-Bains,TRIP,Cuers - Pierrefeu,Neufchâteau,Évian-les-Bains
S009186,Un biglietto per Marsiglia,NOT_FRENCH,,,
S008951,Je want to go Lyon,NOT_FRENCH,,,
S007351,Les trains sont souvent en retard,NOT_TRIP,,,
S003796,J'aimerais un billet de Mulhouse Musées a Digoin,TRIP,Mulhouse Musées,Digoin,
S001545,Je pars de Pont-Sainte-Maxence pour aller a Melun,TRIP,Pont-Sainte-Maxence,Melun,
S007526,C'est quoi ce service,NOT_TRIP,,,
S007482,Aide moi,NOT_TRIP,,,
S000893,Ce soir je vais de Jassonneix a Mamirolle,TRIP,Jassonneix,Mamirolle,
S009741,qwerty,UNKNOWN,,,
S000937,Prendre le train de Rixheim a Connerre - Beille,TRIP,Rixheim,Connerré - Beillé,
S009343,Vorrei andare da Parigi a Lione,NOT_FRENCH,,,
S004269,Direction Ermont Halte au depart de Aubergenville Elisabethville,TRIP,Aubergenville Élisabethville,Ermont Halte,
S009852,   ,UNKNOWN,,,
S004994,Je dois aller de Dijon Porte Neuve a Le Treport - Mers-les-Bains demain,TRIP,Dijon Porte Neuve,Le Tréport - Mers-les-Bains,
S001993,Je souhaite aller de Dardilly Les Mouilles a Neussargues,TRIP,Dardilly Les Mouilles,Neussargues,
S008806,I need to travel tomorrow,NOT_FRENCH,,,
S008220,D'acccprd,NOT_TRIP,,,
S000311,saint-pierre-de-chignac vers thionville,TRIP,Saint-Pierre-de-Chignac,Thionville,
S004219,Vézelise vers Martres-Tolosane,TRIP,Vézelise,Martres-Tolosane,
S001452,Quel train de Colmar Mésanges a Saint-Saturnin-lès-Avignon ?,TRIP,Colmar Mésanges,Saint-Saturnin-lès-Avignon,
S000205,"bonjour, je voudrais aller de la borne blanche a sauveterre-la-lémance",TRIP,La Borne Blanche,Sauveterre-la-Lémance,
S007661,C'est quoi ce service,NOT_TRIP,,,
S000276,Pourriez-vous me trouver un train de Cuinchy a Illiers-Combray,TRIP,Cuinchy,Illiers-Combray,
S003694,Je veux me rendre a Saint-Priest en partant de Gresy-sur-Isere,TRIP,Grésy-sur-Isère,Saint-Priest,
S007490,Super,NOT_TRIP,,,
S003791,de chalon-sur-saône a clisson,TRIP,Chalon-sur-Saône,Clisson,
S000226,Depart de Ustaritz Jatxou arrivee a Massy TGV,TRIP,Ustaritz Jatxou,Massy TGV,
S000025,Je veux me rendre a Grenoble en pattant de Biganos Faccture,TRIP,Biganos Facture,Grenoble,
S006694,De Liverdun a Graffenstaden via Raon-l'Étape,TRIP,Liverdun,Graffenstaden,Raon-l'Étape
S006046,de chirac a les cabrils via obermodern-zutzendorf,TRIP,Chirac,Les Cabrils,Obermodern-Zutzendorf
S004303,Je veux prendre le train de Malaunay - Le Houlme a Poix-Terron,TRIP,Malaunay - Le Houlme,Poix-Terron,
S004066,comment aller de mayet a malesherbes,TRIP,Mayet,Malesherbes,
S008910,I would like a train ticket,NOT_FRENCH,,,
S005682,De Szrufe-Union jusqu'a Gujan-Mestras,TRIP,Sarre-Union,Gujan-Mestras,
S008110,Je m'appelle Paris,NOT_TRIP,,,
S002327,De Epinal a Vienne,TRIP,Épinal,Vienne,
S008284,Au revoir,NOT_TRIP,,,
S002268,Je vais de Saint-Denis-lès-Martel a Malling,TRIP,Saint-Denis-lès-Martel,Malling,
S001791,Je veux aller de Saint-Hilaire-de-Chaléons a Bergerac,TRIP,Saint-Hilaire-de-Chaléons,Bergerac,
S002707,Un train de Génolhac a Pont-Melvez pour demain,TRIP,Génolhac,Pont-Melvez,
S000755,voyager de saint-cloud vers collonges-les-premieres,TRIP,Saint-Cloud,Collonges-lès-Premières,
S000370,Je voudrais aller de Coutances a Illiers-Combray,TRIP,Coutances,Illiers-Combray,
S007460,J'ai rencontre Marseille hier,NOT_TRIP,,,
S005160,appilly - villefranche-de-rouergue,TRIP,Appilly,Villefranche-de-Rouergue,
S004008,Billet Rochy-Condé La Chapelle-sur-Loire,TRIP,Rochy-Condé,La Chapelle-sur-Loire,
S000193,Me rendre de Vauboyen a Venerque - Vernet,TRIP,Vauboyen,Venerque - Vernet,
S006647,Cannes La Bocca puis Nemours - Saint-Pierre puis Saint-Florent-sur-Cher,TRIP,Cannes La Bocca,Saint-Florent-sur-Cher,Nemours - Saint-Pierre
S000173,je dois aller de la fère a vielmur-sur-agout demain,TRIP,La Fère,Vielmur-sur-Agout,
S007053,Troyes est un prenom original,NOT_TRIP,,,
S000441,trin de Marquise - Rinxent a Neuilly - Porte Maillot,TRIP,Marquise - Rinxent,Neuilly - Porte Maillot,
S003059,Est-ce qu'il y a un train de Martigues a Istres,TRIP,Martigues,Istres,
S002127,Quel train pour aller de Gignac - Cressensac a Dingé,TRIP,Gignac - Cressensac,Dingé,
S002641,Je veux me rendre a Saint-Blaise-la-Roche Poutay en partant de Epierre - Saint-Leger,TRIP,Épierre - Saint-Léger,Saint-Blaise-la-Roche Poutay,
S003112,partir de machilly vers donzère,TRIP,Machilly,Donzère,
S002486,"S'il vous plait, un trajet de Pont-d'Ain a Deuil - Montmagny",TRIP,Pont-d'Ain,Deuil - Montmagny,
S003409,De Maurecourt a Belfoort - Montbéliard TGV,TRIP,Maurecourt,Belfort - Montbéliard TGV,
S004700,De Clisson a Saint-Michel-sur-Meurthe,TRIP,Clisson,Saint-Michel-sur-Meurthe,
S003842,rochy-condé direction thenissey,TRIP,Rochy-Condé,Thenissey,
S004470,Voyage de Chasseneuil-sur-BBonnieure aa Nozièrds - Brignon,TRIP,Chasseneuil-sur-Bonnieure,Nozières - Brignon,
S009798,ab,UNKNOWN,,,
S002050,andrézieux-bouthéon - saillat - chassenon,TRIP,Andrézieux-Bouthéon,Saillat - Chassenon,
S003387,Je pars de Les Flachères pour aller a Arleux,TRIP,Les Flachères,Arleux,
S007825,Nancy est ma soeur,NOT_TRIP,,,
S008804,Un billete de tren por favor,NOT_FRENCH,,,
S000968,voyager de sainte-eulalie - carbon-blanc vers herblay,TRIP,Sainte-Eulalie - Carbon-Blanc,Herblay,
S008853,Un biglietto per Marsiglia,NOT_FRENCH,,,
S008058,Salut,NOT_TRIP,,,
S007531,salut,NOT_TRIP,,,
S008458,Hey,NOT_TRIP,,,
S002425,Je souhaite aller de Rosny-sur-Seine a La Haie-Fouassière,TRIP,Rosny-sur-Seine,La Haie-Fouassière,
S006295,Gonfaron puis Sisteron puis La Tricherie,TRIP,Gonfaron,La Tricherie,Sisteron
S004517,Pourriez-vous me trouver un train de Luce a Laigneville,TRIP,Lucé,Laigneville,
S004971,depart de biache-saint-vaast arrivee a oissel,TRIP,Biache-Saint-Vaast,Oissel,
S001184,Je vais a Herrlisheim-près-Colmar depuis Coutras,TRIP,Coutras,Herrlisheim-près-Colmar,
S004310,Un train de Corseul - Languenan a Tarare pour demain,TRIP,Corseul - Languenan,Tarare,
S008566,Un billete de tren por favor,NOT_FRENCH,,,
S008443,Coucou,NOT_TRIP,,,
S004047,"S'il vous plait, un trajet de Serezin-du-Rhone a Vertaizon",TRIP,Sérézin-du-Rhône,Vertaizon,
S000106,"Bonjour, je voudrais aller de Villaines-sous-Bois a Civrieux-d'Azergues",TRIP,Villaines-sous-Bois,Civrieux-d'Azergues,
S009715,@#$%,UNKNOWN,,,
S002384,Depart Vignols-St-Solve arrivee Laboissière - Le Déluge,TRIP,Vignols-St-Solve,Laboissière - Le Déluge,
S000955,Beaugency Bailly,TRIP,Beaugency,Bailly,
S004290,de luc-en-diois jusqu'a bazancourt,TRIP,Luc-en-Diois,Bazancourt,
S001925,depuis pougues-les-eaux jusqu'a daours,TRIP,Pougues-les-Eaux,Daours,
S000076,bouchain puis marly-le-roi,TRIP,Bouchain,Marly-le-Roi,
S004377,je voudrais me rendre a fouilloy depuis betton,TRIP,Betton,Fouilloy,
S009990,a,UNKNOWN,,,
S000887,Partir de Cannes pour La Ferté-Imbault,TRIP,Cannes,La Ferté-Imbault,
S000340,Demain je pars de Roqueseriere - Buzet pour Longueville,TRIP,Roquesérière - Buzet,Longueville,
S003517,"S'il vous plait, un trajet de Biffontaine a Ludon-Médoc",TRIP,Biffontaine,Ludon-Médoc,
S001105,Y a-t-il un train de Armentières a La Fresnais,TRIP,Armentières,La Fresnais,
S009066,Un billete de tren por favor,NOT_FRENCH,,,
S007706,Il fait beau aujourd'hui,NOT_TRIP,,,
S005061,Depuis Saales jusqu'a Crécy-la-Chapelle,TRIP,Saales,Crécy-la-Chapelle,
S000187,Demain je pars de Nérondes pour Flavy-le-Martel,TRIP,Nérondes,Flavy-le-Martel,
S004004,Depuis Gauignicourt jusqu'a SStrasbourg Roethig,TRIP,Guignicourt,Strasbourg Roethig,
S008801,Train from Paris to Bordeaux please,NOT_FRENCH,,,
S005140,Je dois aller de Carignan a Lezoux,TRIP,Carignan,Lezoux,
S001952,"Bonjour, je voudrais aller de Donchery a Dormans",TRIP,Donchery,Dormans,
S008770,Can you help me,NOT_FRENCH,,,
S005888,Un train de Paris Montparnasse a Pont de Bois pour demain,TRIP,Paris Montparnasse,Pont de Bois,
S006065,saint-aulaire tronsanges via culmont - chalindrey,TRIP,Saint-Aulaire,Tronsanges,Culmont - Chalindrey
S003235,Je veux aller de Flers a Carnoules,TRIP,Flers,Carnoules,
S004609,"Bonjour, je voudrais aller de Musée d'Orsay a Maroeuil",TRIP,Musée d'Orsay,Maroeuil,
S009922,test test test,UNKNOWN,,,
S001624,J'aimezrais un baillet de Ambronay - Prisy a Béning-lès-Saint-Avold,TRIP,Ambronay - Priay,Béning-lès-Saint-Avold,
S008652,I want aller a Paris,NOT_FRENCH,,,
S005832,comment aller de beau marais a raedersheim ?,TRIP,Beau Marais,Raedersheim,
S004298,Je voudrais prendre un train de Valdahon Camp Militaire a Montastruc-la-Conseillère,TRIP,Valdahon Camp Militaire,Montastruc-la-Conseillère,
S002073,Je voudrais aller de Barentin a Penthievre,TRIP,Barentin,Penthièvre,
S002274,Voyage de Merxheim a Lacourtensourt,TRIP,Merxheim,Lacourtensourt,
S002568,"Bonjour, je voudrais aller de Les Abrets - Fitilieu a Nangis",TRIP,Les Abrets - Fitilieu,Nangis,
S003191,Je voudrais me rendre a Bidarray Pont Noblia depuis Pont de Bois,TRIP,Pont de Bois,Bidarray Pont Noblia,
S002175,Voyage de Saales a Breuillet - Bruyères-le-Châtel,TRIP,Saales,Breuillet - Bruyères-le-Châtel,
S003663,Voyage de Noisy-le-Roi a Obermodern-Zutzendorf,TRIP,Noisy-le-Roi,Obermodern-Zutzendorf,
S002916,de la loupe jusqu'a comines,TRIP,La Loupe,Comines,
S004948,me rendre de coignières a saint-mars-la-brière,TRIP,Coignières,Saint-Mars-la-Brière,
S001043,de mareil-sur-mauldre jusqu'a grasse,TRIP,Mareil-sur-Mauldre,Grasse,
S004176,Varangéville - Saint-Nicolas direction Fontenoy-sur-Moselle,TRIP,Varangéville - Saint-Nicolas,Fontenoy-sur-Moselle,
S005900,Voyage de Saint-Brice-sur-Vienne a Cholet,TRIP,Saint-Brice-sur-Vienne,Cholet,
S000437,Me rendre de Andelot-en-Montagne a Les Praz de Chamonix,TRIP,Andelot-en-Montagne,Les Praz de Chamonix,
S001227,y a-t-il un train de thenissey a saint-mammès,TRIP,Thenissey,Saint-Mammès,
S006745,Saint-Jean-de-Luz - Ciboure Bandol via Chapptocé-sur-Loire,TRIP,Saint-Jean-de-Luz - Ciboure,Bandol,Champtocé-sur-Loire
S006646,"Je pars de Grande-Synthe, je passe par Saint-Yrieix-la-Perche et j'arrive a Saumur",TRIP,Grande-Synthe,Saumur,Saint-Yrieix-la-Perche
S005112,comment aller de toulouse matabiau a pignans,TRIP,Toulouse Matabiau,Pignans,
S000184,"s'il vous plait, un trajet de pessac alouette a évian-les-bains",TRIP,Pessac Alouette,Évian-les-Bains,
S004830,y a-t-il un train de mérens-les-vals a saint-aulaire,TRIP,Mérens-les-Vals,Saint-Aulaire,
S008493,Un train,NOT_TRIP,,,
S009211,Un biglietto per Marsiglia,NOT_FRENCH,,,
S002003,aller de dieppe a montreuil-sur-thérain,TRIP,Dieppe,Montreuil-sur-Thérain,
S001135,J'aimrais un billet de Vaudagne a Mériel,TRIP,Vaudagne,Mériel,
S008437,Hey,NOT_TRIP,,,
S008784,I want to go from Paris to Lyon,NOT_FRENCH,,,
S009099,Ich mochte von Paris nach Lyon fahren,NOT_FRENCH,,,
S008149,Bonsoir,NOT_TRIP,,,
S003536,je voudrais me rendre a urmatt depuis mothern,TRIP,Mothern,Urmatt,
S008336,Troyes est un prenom original,NOT_TRIP,,,
S005767,ce soir je vais de orchies a saint-michel notre-dame,TRIP,Orchies,Saint-Michel Notre-Dame,
S004243,Je dois aller de Bièvres a Saint-Mammès,TRIP,Bièvres,Saint-Mammès,
S000386,Un train dz Plouigneau a Azerailles,TRIP,Plouigneau,Azerailles,
S008331,Hello,NOT_TRIP,,,
S004739,Bigny Gestel,TRIP,Bigny,Gestel,
S000404,Je voudrais aller de Beau Marais a Valdahon Camp Militaire,TRIP,Beau Marais,Valdahon Camp Militaire,
S004400,Partir de Trouville - Deauville pour Aubigny-au-Bac,TRIP,Trouville - Deauville,Aubigny-au-Bac,
S005877,Je pars de Louveciennes et je vais a Vittel,TRIP,Louveciennes,Vittel,
S003050,Train de Isse a Tierce,TRIP,Issé,Tiercé,
S004525,De Ozoir-la-Ferrière jusqu'a Trith-Saint-Léger,TRIP,Ozoir-la-Ferrière,Trith-Saint-Léger,
S000960,un billet de rouessé-vassé a brignoud,TRIP,Rouessé-Vassé,Brignoud,
S006221,de bougival a la possonnière via dardilly les mouilles,TRIP,Bougival,La Possonnière,Dardilly Les Mouilles
S006685,"Je pars de Ars-sur-Moselle, je passe par Les Arcs - Draguignan et j'arrive a Villiers - Neauphle - Pontchartrain",TRIP,Ars-sur-Moselle,Villiers - Neauphle - Pontchartrain,Les Arcs - Draguignan
S007238,je n'aime pas voyager,NOT_TRIP,,,
S008932,I want to go from Paris to Lyon,NOT_FRENCH,,,
S000461,Pourriez-vous me trouver un train de Boutigny-sur-Essonne a Mulhouse Musées,TRIP,Boutigny-sur-Essonne,Mulhouse Musées,
S001229,Neuvy-Pailloux - Ay,TRIP,Neuvy-Pailloux,Ay,
S003002,Prendre le tran de Juan les Pins a Beau Marais,TRIP,Juan les Pins,Beau Marais,
S002185,Je voyage de Uchaud a Le Cailar,TRIP,Uchaud,Le Cailar,
S002129,voyager de souppes - château-landon vers vivonne,TRIP,Souppes - Château-Landon,Vivonne,
S001481,massy europe bédarieux,TRIP,Massy Europe,Bédarieux,
S000432,Je pars de Tain-l'Hermitage - Tournon pour aller a L'Isle-Jourdain,TRIP,Tain-l'Hermitage - Tournon,L'Isle-Jourdain,
S003792,Demain je pars de Gestel pour Santes,TRIP,Gestel,Santes,
S006267,"Je pars de Albigny - Neuville, je passe par La Guierche et j'arrive a La Roche-sur-Foron",TRIP,Albigny - Neuville,La Roche-sur-Foron,La Guierche
S003322,chauny vers longecourt-en-plaine,TRIP,Chauny,Longecourt-en-Plaine,
S006467,De Mullerhof a Marignier en passant par Leval,TRIP,Mullerhof,Marignier,Leval
S009893,123456,UNKNOWN,,,
S004774,ce soir je vais de fellering a essonnes robinson,TRIP,Fellering,Essonnes Robinson,
S004726,ce soir je vais de arches a versailles chantiers,TRIP,Arches,Versailles Chantiers,
S009725,!!!,UNKNOWN,,,
S006502,de persan - beaumont a la pomme via dijon,TRIP,Persan - Beaumont,La Pomme,Dijon
S007671,Nice de te rencontrer,NOT_TRIP,,,
S001223,Prendre le trai de Monnerville a Landbia,TRIP,Monnerville,Landébia,
S005500,je veux prendre le train de revin a ascq,TRIP,Revin,Ascq,
S006335,"Je pars de Broye, je pqsse par Bergerac et j'arrive a Saont-Césaie",TRIP,Broye,Saint-Césaire,Bergerac
S006938,Aller de Romorantin-Lanthenay a Plaisir - Les Clayes avec un arret a Villabe,TRIP,Romorantin-Lanthenay,Plaisir - Les Clayes,Villabé
S009530,qwerty,UNKNOWN,,,
S004763,Je pars de Janzé pour aller a Montigny-sur-Loing,TRIP,Janzé,Montigny-sur-Loing,
S001415,comment aller de chasseneuil-du-poitou a yvetot ?,TRIP,Chasseneuil-du-Poitou,Yvetot,
S006753,De Gourland a Lyon Saint-Exupéry TGV en passant par Survilliers - Fosses,TRIP,Gourland,Lyon Saint-Exupéry TGV,Survilliers - Fosses
S009907,!!!,UNKNOWN,,,
S008155,Mon ami Lyon va bien,NOT_TRIP,,,
S005565,drefféac joigny-sur-meuse,TRIP,Drefféac,Joigny-sur-Meuse,
S002263,arnèke puis capdenac,TRIP,Arnèke,Capdenac,
S007412,Hello,NOT_TRIP,,,
S008965,I would like a train ticket,NOT_FRENCH,,,
S008780,Book a ticket for me,NOT_FRENCH,,,
S004264,Je pars de La Guierche pour aller a Aimargues,TRIP,La Guierche,Aimargues,
S000460,"bonjour, je voudrais aller de les cauquillous a saint-pierre-des-corps",TRIP,Les Cauquillous,Saint-Pierre-des-Corps,
S002953,Partir de Revigny-sur-Ornain vers La Douzillère,TRIP,Revigny-sur-Ornain,La Douzillère,
S004552,Direction Val de Fontenay au depart de Escalquens,TRIP,Escalquens,Val de Fontenay,
S004532,Massy TGV puis Cannes La Bocca,TRIP,Massy TGV,Cannes La Bocca,
S009770,@#$%,UNKNOWN,,,
S001961,Partir de Le Monastier-Pin-Moriès pour Corseul - Languenan,TRIP,Le Monastier-Pin-Moriès,Corseul - Languenan,
S000985,Je pars de Baule pour aller a Lillers,TRIP,Baule,Lillers,
S009434,Vorrei andare da Parigi a Lione,NOT_FRENCH,,,
S005499,Demain je pars de Tarascon-sur-Ariège pour Marquise - Rinxent,TRIP,Tarascon-sur-Ariège,Marquise - Rinxent,
S001699,Partir de Chaponval pour Cahors,TRIP,Chaponval,Cahors,
S004350,billet épinay-sur-seine nogent-sur-seine,TRIP,Épinay-sur-Seine,Nogent-sur-Seine,
S009857,@#$%,UNKNOWN,,,
S003587,ce soir je vais de noveant-sur-moselle a wallers,TRIP,Novéant-sur-Moselle,Wallers,
S009819,???,UNKNOWN,,,
S000846,Je veux me rendre a Crépieux la Pape en partant de Marignier,TRIP,Marignier,Crépieux la Pape,
S002723,Direction La Teste-de-Buch au depart de Marseille Saint-Charles,TRIP,Marseille Saint-Charles,La Teste-de-Buch,
S001462,Je dois aller de Roubaix a Betaille,TRIP,Roubaix,Bétaille,
S005547,Me rendre de La Ferté-Milon a Brumath,TRIP,La Ferté-Milon,Brumath,
S001608,Je voudrais me rendre a Miramas depuis Luzy,TRIP,Luzy,Miramas,
S003125,"S'il vous plait, un trajet de Contrexéville a Sainte-Gauburge",TRIP,Contrexéville,Sainte-Gauburge,
S004738,depart valence arrivee estressin,TRIP,Valence,Estressin,
S006916,Train de Decize a Corbigny passant par Étampes,TRIP,Decize,Corbigny,Étampes
S008565,How do I get to Marseille,NOT_FRENCH,,,
S005724,J'aimerais aller de Coempiègne  Saint-Omer,TRIP,Compiègne,Saint-Omer,
S009509,123456,UNKNOWN,,,
S000271,"bonjour, je voudrais aller de langogne a villefranche - vernet-les-bains",TRIP,Langogne,Villefranche - Vernet-les-Bains,
S006422,Je vljdrais alle de Saint-Nom-la-Bretèche Foirêt de Marly a Jainay-Clan en passang par Pezou,TRIP,Saint-Nom-la-Bretèche Forêt de Marly,Jaunay-Clan,Pezou
S003987,Je vais a Chaville - Vélizy depuis Heilly,TRIP,Heilly,Chaville - Vélizy,
S000003,Je veux prendre le train de Puyoô a Saint-Malo,TRIP,Puyoô,Saint-Malo,
S007615,Albert est mon cousin,NOT_TRIP,,,
S009032,Wie komme ich nach Bordeaux,NOT_FRENCH,,,
S000218,De Malesherbes jusqu'a Beillant,TRIP,Malesherbes,Beillant,
S000222,Je voudrais prendre un train de Saint-Denis-des-Murs a Aumale,TRIP,Saint-Denis-des-Murs,Aumale,
S009993,,UNKNOWN,,,
S003785,Partir de Saint-Avold vers Lardenne,TRIP,Saint-Avold,Lardenne,
S001798,Je veux me rendre a Weyersheim en partant de Les Vallées,TRIP,Les Vallées,Weyersheim,
S003727,Y a-t-il un train de Namps - Quevauvillers a Le Grand-Lemps,TRIP,Namps - Quevauvillers,Le Grand-Lemps,
S003210,Billet Picquigny Aytre Plage,TRIP,Picquigny,Aytré Plage,
S004184,Boulogne-sur-Mer puis Vic - Mireval,TRIP,Boulogne-sur-Mer,Vic - Mireval,
S009515,blablabla,UNKNOWN,,,
S005668,Partir de La Roche-Maurice pour Bretoncelles,TRIP,La Roche-Maurice,Bretoncelles,
S000923,Aller de BBrélidy - Plouëc a Carignnaan,TRIP,Brélidy - Plouëc,Carignan,
S007012,il fait beau aujourd'hui,NOT_TRIP,,,
S005650,aller de limoges montjovis a rombas - clouange,TRIP,Limoges Montjovis,Rombas - Clouange,
S004280,Je dois aller de Farbus a Couiza-Montazels,TRIP,Farbus,Couiza-Montazels,
S005792,Quel train de Les Abrets - Fitilieu a Biarritz ?,TRIP,Les Abrets - Fitilieu,Biarritz,
S007948,d'accord,NOT_TRIP,,,
S004628,direction saint-martory au depart de pleudihen-sur-rance,TRIP,Pleudihen-sur-Rance,Saint-Martory,
S005757,De Montville a Ermont - Eaubonne,TRIP,Montville,Ermont - Eaubonne,
S008297,Je m'appelle Paris,NOT_TRIP,,,
S008281,Genial,NOT_TRIP,,,
S001901,partir de mayet pour martigues,TRIP,Mayet,Martigues,
S008488,Mon ami Lyon va bien,NOT_TRIP,,,
S005815,Y a-t-il un train de Pontmort a Fontpedrouse,TRIP,Pontmort,Fontpédrouse,
S004515,Je vais a Nogent-le-Rotrou depuis Viry-Chatillon,TRIP,Viry-Châtillon,Nogent-le-Rotrou,
S005563,Je voudrais me rendre a Boisset depuis Coursan,TRIP,Coursan,Boisset,
S004827,Je pars de Vaires - Torcy pour aller a Châbons,TRIP,Vaires - Torcy,Châbons,
S008327,Albert est mon cousin,NOT_TRIP,,,
S002288,Je vais a Marly-le-Roi depuis Dives-sur-Mer Port Guillaume,TRIP,Dives-sur-Mer Port Guillaume,Marly-le-Roi,
S001310,Saint-Cyprien vers Blanquefort,TRIP,Saint-Cyprien,Blanquefort,
S003524,Je dois aller de Prin-Deyrançon a Chaponval,TRIP,Prin-Deyrançon,Chaponval,
S000727,Depart de Cadaujac arrivee a Montbazon,TRIP,Cadaujac,Montbazon,
S003102,Ce soir je vais de Rennes a Montreuil sur Mer,TRIP,Rennes,Montreuil sur Mer,
S007081,Bonsoir,NOT_TRIP,,,
S002958,Direction Valleiry au depart de Verrey-sous-Salmaise,TRIP,Verrey-sous-Salmaise,Valleiry,
S009919,!!!,UNKNOWN,,,
S004270,Je pars de Arbois et je vais a Pont-à-Vendin,TRIP,Arbois,Pont-à-Vendin,
S003223,Un train de Sainte-Anne a Villefranche-sur-Saône pour demain,TRIP,Sainte-Anne,Villefranche-sur-Saône,
S006729,De Oissel vers Bréval avec correspondance a Darsac,TRIP,Oissel,Bréval,Darsac
S002049,J'aimerais un billet de Marquise - Rinxent a Delle,TRIP,Marquise - Rinxent,Delle,
S006582,"Je pars de Savigny-sur-Orge, je passe par Moosch et j'arrive a Versigny",TRIP,Savigny-sur-Orge,Versigny,Moosch
S002001,Voyager de Monthermé vers Bécon les Bruyères,TRIP,Monthermé,Bécon les Bruyères,
S000545,Je pars de Saillans pour aller a Ambazac,TRIP,Saillans,Ambazac,
S003812,je me rends a saint-astier depuis bannalec,TRIP,Bannalec,Saint-Astier,
S004936,je voudrais aller de razac-sur-l'isle a savennieres - behuard,TRIP,Razac-sur-l'Isle,Savennières - Béhuard,
S005695,Je pars de Parsac - Gouzon et je vais a La Taye,TRIP,Parsac - Gouzon,La Taye,
S004222,je me rends a paris austerlitz depuis houdan,TRIP,Houdan,Paris Austerlitz,
S007697,Hey,NOT_TRIP,,,
S002079,y a-t-il un train de bugeat a la celle-saint-cloud,TRIP,Bugeat,La Celle-Saint-Cloud,
S007142,Hello,NOT_TRIP,,,
S003605,"bonjour, je voudrais aller de saint-marcel a le toec",TRIP,Saint-Marcel,Le Toec,
S008809,Train from Paris to Bordeaux please,NOT_FRENCH,,,
S002557,un train de metz a saint-gilles-croix-de-vie,TRIP,Metz,Saint-Gilles-Croix-de-Vie,
S008749,I want aller a Paris,NOT_FRENCH,,,
S008659,Vorrei andare da Parigi a Lione,NOT_FRENCH,,,
S004877,je veux prendre le train de dinan a menars,TRIP,Dinan,Menars,
S008296,Je m'appelle Paris,NOT_TRIP,,,
S000830,Est-ce qu'il y a un train de Chasse-sur-Rhône a Sévérac,TRIP,Chasse-sur-Rhône,Sévérac,
S008648,I would like a train ticket,NOT_FRENCH,,,
S002997,Un train de Changis - Saint-Jean a Sevran - Livry,TRIP,Changis - Saint-Jean,Sevran - Livry,
S000707,Quel train pour allez de Brioude a Laroquebrou,TRIP,Brioude,Laroquebrou,
S002172,Prendre le train de Plaisir - Grignon a Riom - Châtel-Guyon,TRIP,Plaisir - Grignon,Riom - Châtel-Guyon,
S008000,Nice de te rencontrer,NOT_TRIP,,,
S003472,partir de preignac pour breuillet - bruyères-le-châtel,TRIP,Preignac,Breuillet - Bruyères-le-Châtel,
S009336,Un biglietto per Marsiglia,NOT_FRENCH,,,
S009474,Je want to go Lyon,NOT_FRENCH,,,
S008649,I want aller a Paris,NOT_FRENCH,,,
S006592,daours puis sainte-genevieve-des-bois puis mousteru,TRIP,Daours,Moustéru,Sainte-Geneviève-des-Bois
S009204,Book a ticket for me,NOT_FRENCH,,,
S008989,I need to travel tomorrow,NOT_FRENCH,,,
S009796,aaaaaaaa,UNKNOWN,,,
S009638,123456,UNKNOWN,,,
S003399,je dois aller de villaines-sous-bois a igny,TRIP,Villaines-sous-Bois,Igny,
S005817,Voyager de Marseille Blancarde vers Dourdan La Foret,TRIP,Marseille Blancarde,Dourdan La Forêt,
S001391,Partir de Saint-Antoine pour Turckheim,TRIP,Saint-Antoine,Turckheim,
S009757,!!!,UNKNOWN,,,
S006074,Deûlémont Colomiers Lycée International via Thiennes,TRIP,Deûlémont,Colomiers Lycée International,Thiennes
S007174,je m'appelle paris,NOT_TRIP,,,
S004815,je voyage de la brillanne - oraison a saint-etienne la terrasse,TRIP,La Brillanne - Oraison,Saint-Étienne La Terrasse,
S005780,je veux prendre le train de laille a crest,TRIP,Laillé,Crest,
S007101,c'est trop cher,NOT_TRIP,,,
S009132,Ich mochte von Paris nach Lyon fahren,NOT_FRENCH,,,
S002209,J'aimerais aller de Les Bardys a Fontainebleau - Avon,TRIP,Les Bardys,Fontainebleau - Avon,
S003948,partir de mouans-sartoux pour moreuil,TRIP,Mouans-Sartoux,Moreuil,
S003746,Maromme puis Landivisiau,TRIP,Maromme,Landivisiau,
S009309,Quiero ir de Paris a Lyon,NOT_FRENCH,,,
S002799,Pourriez-vous me trouver un train de La Garenne-Colombes a La Ville Gozet,TRIP,La Garenne-Colombes,La Ville Gozet,
S002844,je pars de monteux et je vais a vignols-st-solve,TRIP,Monteux,Vignols-St-Solve,
S006456,Aller de Laifour a Le Dramont avec un arret a Saint-Jodard,TRIP,Laifour,Le Dramont,Saint-Jodard
S004425,Je pars de Précy-sur-Oise pour aller a Parc des Expositions,TRIP,Précy-sur-Oise,Parc des Expositions,
S007489,genial,NOT_TRIP,,,
S007137,albert est mon cousin,NOT_TRIP,,,
S005459,Neuves-Maissons direction Fontpédrouze,TRIP,Neuves-Maisons,Fontpédrouse,
S003308,Aller de Condé-sur-Huise a La Meyze,TRIP,Condé-sur-Huisne,La Meyze,
S007803,C'est quoi ce service,NOT_TRIP,,,
S009367,Vorrei andare da Parigi a Lione,NOT_FRENCH,,,
S007965,Genial,NOT_TRIP,,,
S005360,Voyage de Villefranche-sur-Saone a Bourges,TRIP,Villefranche-sur-Saône,Bourges,
S007042,Je veux aller,NOT_TRIP,,,
S000250,un train de grigny centre a saône pour demain,TRIP,Grigny Centre,Saône,
S002599,Voyage de L'Isle-sur-la-Sorgue - Fontaine-de-Vaucluse a Sierentz,TRIP,L'Isle-sur-la-Sorgue - Fontaine-de-Vaucluse,Sierentz,
S002336,Je me rends a Marolles-en-Hurepoix depuis Orry-la-Ville - Coye,TRIP,Orry-la-Ville - Coye,Marolles-en-Hurepoix,
S008844,Ich mochte von Paris nach Lyon fahren,NOT_FRENCH,,,
S000479,Je pars de Trouville - Deauville pour aller a Épanvilliers,TRIP,Trouville - Deauville,Épanvilliers,
S001277,j'aimerais aller de pihen-les-guines a la gouesniere - cancale - saint-meloir-des-ondes,TRIP,Pihen-lès-Guînes,La Gouesnière - Cancale - Saint-Méloir-des-Ondes,
S007469,J'aime les trains,NOT_TRIP,,,
S001232,Cmment aller de Bouthéon a Le Cendre - Orcet ?,TRIP,Bouthéon,Le Cendre - Orcet,
S004581,Je voyage de Noyon a Baisieux,TRIP,Noyon,Baisieux,
S003115,Depart La Ménitré arrivee Tieffenbach - Struth,TRIP,La Ménitré,Tieffenbach - Struth,
S005284,Belfort - Montbéliard TGV puis Breteuil,TRIP,Belfort - Montbéliard TGV,Breteuil,
S009735,asdfghjkl,UNKNOWN,,,
S003959,je souhaite aller de porté-puymorens a massy - palaiseau,TRIP,Porté-Puymorens,Massy - Palaiseau,
S001374,Depart Pouxeux arrivee Colmar Mésanges,TRIP,Pouxeux,Colmar Mésanges,
S004351,Un train de Besançon Mouillère a Dol-de-Bretagne,TRIP,Besançon Mouillère,Dol-de-Bretagne,
S009806,   ,UNKNOWN,,,
S007733,A bientot,NOT_TRIP,,,
S009280,Can you help me,NOT_FRENCH,,,
S008584,Un billete de tren por favor,NOT_FRENCH,,,
S007126,Voyage,NOT_TRIP,,,
S005772,Laissac Malesherbes,TRIP,Laissac,Malesherbes,
S002541,Billet Ermont - Eaubonne Albias,TRIP,Ermont - Eaubonne,Albias,
S006538,Le Bousquet-d'Orb puis Dommartin - Lissieu puis Montfort-le-Gesnois,TRIP,Le Bousquet-d'Orb,Montfort-le-Gesnois,Dommartin - Lissieu
S004320,Je souhaite aller de Quimper a Gragnague,TRIP,Quimper,Gragnague,
S006085,Aller de Amiens a Pruniers-en-Sologne avec un arret a Saint-Agne,TRIP,Amiens,Pruniers-en-Sologne,Saint-Agne
S007252,Troyes est un prenom original,NOT_TRIP,,,
S007994,Bonsoir,NOT_TRIP,,,
S006567,"je pars de montfort-sur-meu, je passe par saint-andre-le-gaz et j'arrive a bretigny - norges",TRIP,Montfort-sur-Meu,Bretigny - Norges,Saint-André-le-Gaz
S006815,De Albertville a Fumay via Bretoncelles,TRIP,Albertville,Fumay,Bretoncelles
S003230,Aller de Saint-Étienne Carnot a Rieux - Angicourt,TRIP,Saint-Étienne Carnot,Rieux - Angicourt,
S001808,Voujeaucourt direction Le Molay-Littry,TRIP,Voujeaucourt,Le Molay-Littry,
S004159,Louroux-de-Bouble - Besancon Viotte,TRIP,Louroux-de-Bouble,Besançon Viotte,
S000267,quel train pour aller de villefranche - vernet-les-bains a flavy-le-martel,TRIP,Villefranche - Vernet-les-Bains,Flavy-le-Martel,
S006575,aller de perigueux-st-georges a loison-sous-lens avec un arret a villeneuve-loubet,TRIP,Périgueux-St-Georges,Loison-sous-Lens,Villeneuve-Loubet
S005849,Partir de Marquise - Rinxent pour Labège Innopole,TRIP,Marquise - Rinxent,Labège Innopole,
S006447,Je voudrait aler de Avignon TGV a Chaugey en passant par Le Buisson-de-Cadouin,TRIP,Avignon TGV,Chaugey,Le Buisson-de-Cadouin
S001163,De Gièvres a Lancerf,TRIP,Gièvres,Lancerf,
S003068,Je voudrais me rendre a Sète depuis Champbenoist - Poigny,TRIP,Champbenoist - Poigny,Sète,
S007246,genial,NOT_TRIP,,,
S002956,J'aimerais un billet de Voreppe a Les Yvris Noisy-le-Grand,TRIP,Voreppe,Les Yvris Noisy-le-Grand,
S003259,La Basse Indre - Saint-Herblain - Muhlbach-sur-Munster,TRIP,La Basse Indre - Saint-Herblain,Muhlbach-sur-Munster,
S008682,How do I get to Marseille,NOT_FRENCH,,,
S000064,Partir de Pont-l'Évêque pour Paris Montparnasse,TRIP,Pont-l'Évêque,Paris Montparnasse,
S000663,je souhaite aller de sceaux - boëssé a le theil - la rouge,TRIP,Sceaux - Boëssé,Le Theil - La Rouge,
S005023,je voudrais me rendre a lacapelle-viescamp depuis krimmeri meinau,TRIP,Krimmeri Meinau,Lacapelle-Viescamp,
S004565,un train de valognes a gargenville,TRIP,Valognes,Gargenville,
S003123,train de saint-ouen-l'aumone liesse a les bons peres,TRIP,Saint-Ouen-l'Aumône Liesse,Les Bons Pères,
S008802,Ich mochte von Paris nach Lyon fahren,NOT_FRENCH,,,
S002247,Je voudrais prendre un train de Villeparisis - Mitry-le-Neuf a Villeneuve-Loubet,TRIP,Villeparisis - Mitry-le-Neuf,Villeneuve-Loubet,
S009923,@#$%,UNKNOWN,,,
S003819,direction bonneville au depart de lozanne,TRIP,Lozanne,Bonneville,
S008223,A bientot,NOT_TRIP,,,
S008636,Ich mochte von Paris nach Lyon fahren,NOT_FRENCH,,,
S004451,Comment aller de Tournus a Carnoët - Locarn,TRIP,Tournus,Carnoët - Locarn,
S005352,Je pars de La Frette - Montigny et je vais a Lavaufranche,TRIP,La Frette - Montigny,Lavaufranche,
S005354,depart de thann centre arrivee a vayrac,TRIP,Thann Centre,Vayrac,
S007907,Je m'appelle Paris,NOT_TRIP,,,
S003867,Je voyage de Meriel a Le Bousquet-d'Orb,TRIP,Mériel,Le Bousquet-d'Orb,
S007500,Demain,NOT_TRIP,,,
S006371,De Verdun a Moissac en passant par Penne-d'Agenais,TRIP,Verdun,Moissac,Penne-d'Agenais
S002695,Je veux aller de Nangis a Coignières,TRIP,Nangis,Coignières,
S007773,La SNCF c'est pas mal,NOT_TRIP,,,
S003089,Bellevigny Entraigues-sur-la-Sorgue,TRIP,Bellevigny,Entraigues-sur-la-Sorgue,
S007483,J'ai rencontre Marseille hier,NOT_TRIP,,,
S009500,Un billete de tren por favor,NOT_FRENCH,,,
S009453,Un biglietto per Marsiglia,NOT_FRENCH,,,
S002809,Je vdux prendrz le tarain de Venerque - Vernet a Monaigue,TRIP,Venerque - Vernet,Montaigu,
S001592,Je veux me rendre a Sainte-Anne en partant de Herrlisheim,TRIP,Herrlisheim,Sainte-Anne,
S004362,un train de bailleau-le-pin a royan pour demain,TRIP,Bailleau-le-Pin,Royan,
S001259,Aller de Mérenvielle a Saint-Genouph,TRIP,Mérenvielle,Saint-Genouph,
S000415,Voyager de Les Portes de Saint-Cyr vers Dompierre-sur-Helpe,TRIP,Les Portes de Saint-Cyr,Dompierre-sur-Helpe,
S001045,Quel train de Trith-Saint-Leger a Longueau ?,TRIP,Trith-Saint-Léger,Longueau,
S003215,Je voudrais aller de Paris Gare du Nord a Vif,TRIP,Paris Gare du Nord,Vif,
S008903,I want to go from Paris to Lyon,NOT_FRENCH,,,
S006180,"Je pars de Béziers, je passe par Saint-Martin-d'Oney et j'arrive a Vif",TRIP,Béziers,Vif,Saint-Martin-d'Oney
S008606,I would like a train ticket,NOT_FRENCH,,,
S004850,Je voudrais me rendre a Ussel depuis Clisson,TRIP,Clisson,Ussel,
S003155,Triel-sur-Seine vers Logelbach,TRIP,Triel-sur-Seine,Logelbach,
S009214,Train from Paris to Bordeaux please,NOT_FRENCH,,,
S006959,de cherbourg-en-cotentin a achiet-le-grand en passant par hoffen,TRIP,Cherbourg-en-Cotentin,Achiet-le-Grand,Hoffen
S005912,Comment aller de Qennecey-le-Grand a Saint-Nabord,TRIP,Sennecey-le-Grand,Saint-Nabord,
S007731,je m'appelle paris,NOT_TRIP,,,
S005417,je voudrais prendre un train de lézignan-corbières a boulogne-sur-mer,TRIP,Lézignan-Corbières,Boulogne-sur-Mer,
S006876,Je voudrai alle de Nîmes a Colomiers Lycée Internationali en passanr par Boucau,TRIP,Nîmes,Colomiers Lycée International,Boucau
S009096,Can you help me,NOT_FRENCH,,,
S007575,Mon ami Lyon va bien,NOT_TRIP,,,
S005996,De Coucy-les-Eppes a Chateaubriant en passant par Sarlat-la-Caneda,TRIP,Coucy-lès-Eppes,Châteaubriant,Sarlat-la-Canéda
S000965,de noveant-sur-moselle a puteaux,TRIP,Novéant-sur-Moselle,Puteaux,
S006258,De Sablé-sur-Sarthe a Aiserey via Tarare,TRIP,Sablé-sur-Sarthe,Aiserey,Tarare
S005830,Pourriez-vous me trouver un train de Pougues-les-Eaux a Saint-Armel,TRIP,Pougues-les-Eaux,Saint-Armel,
S009883,???,UNKNOWN,,,
S006142,train de meursault a brumath passant par bessancourt,TRIP,Meursault,Brumath,Bessancourt
S005078,Je veux aller de Rully a Bersac-sur-Rivalier,TRIP,Rully,Bersac-sur-Rivalier,
S002991,Je me rends a Marignier depuis Montluçon,TRIP,Montluçon,Marignier,
S002763,Je vais de Fontpedrouse a Le Plessis-Belleville,TRIP,Fontpédrouse,Le Plessis-Belleville,
S003630,quel train pour aller de hesdin a anché - voulon,TRIP,Hesdin,Anché - Voulon,
S007432,Nice de te rencontrer,NOT_TRIP,,,
S004510,Pourriez-vous me trouver un train de Goussainville a Heilles - Mouchy,TRIP,Goussainville,Heilles - Mouchy,
S004571,de mamirolle jusqu'a valence d'agen,TRIP,Mamirolle,Valence d'Agen,
S008457,Je n'aime pas voyager,NOT_TRIP,,,
S000811,Voyage de Loos-en-Gohdlle vers Dambach-la-Ville,TRIP,Loos-en-Gohelle,Dambach-la-Ville,
S004978,Quel train de Saint-André-le-Gaz a Fontaines-d'Ozillac ?,TRIP,Saint-André-le-Gaz,Fontaines-d'Ozillac,
S001407,je pars de boucau et je vais a la chapelle centre,TRIP,Boucau,La Chapelle Centre,
S006455,de feyzin vers aime - la plagne avec correspondance a louhans,TRIP,Feyzin,Aime - La Plagne,Louhans
S002575,De Wallers a Labège Innopole,TRIP,Wallers,Labège Innopole,
S000564,Je veux aller de Sury-le-Comtal a Couilly - Saint-Germain - Quincy,TRIP,Sury-le-Comtal,Couilly - Saint-Germain - Quincy,
S001198,depuis romilly-sur-seine jusqu'a saint-fargeau-ponthierry,TRIP,Romilly-sur-Seine,Saint-Fargeau-Ponthierry,
S009915,,UNKNOWN,,,
S009627,   ,UNKNOWN,,,
S008950,I need to travel tomorrow,NOT_FRENCH,,,
S006351,Train de Les Grésillons a Varennes-sur-Fouzon passant par Montgeroult - Courcelles,TRIP,Les Grésillons,Varennes-sur-Fouzon,Montgeroult - Courcelles
S001432,partir de saales pour noyal - acigné,TRIP,Saales,Noyal - Acigné,
S008604,Vorrei andare da Parigi a Lione,NOT_FRENCH,,,
S005167,Me rendre de Magneux - Courlandon a Cavignac,TRIP,Magneux - Courlandon,Cavignac,
S000028,Je dois aller de Azay-le-Rideau a Fos-sur-Mer demain,TRIP,Azay-le-Rideau,Fos-sur-Mer,
S006609,Montaignac-St-Hippolyte Saint-Leger-sur-Dheune via Machilly,TRIP,Montaignac-St-Hippolyte,Saint-Léger-sur-Dheune,Machilly
S006236,De Romilly-sur-Seine a Mâlain en passant par Connerré - Beillé,TRIP,Romilly-sur-Seine,Mâlain,Connerré - Beillé
S003559,Valence TGV Rhône-Alpes Sud puis Jaux,TRIP,Valence TGV Rhône-Alpes Sud,Jaux,
S005801,Un billet de Verneuil-sur-Avre a Soultz-sous-Forets,TRIP,Verneuil-sur-Avre,Soultz-sous-Forêts,
S001517,Depart de Saint-Léon-sur-l'Isle arrivee a Strasbourg,TRIP,Saint-Léon-sur-l'Isle,Strasbourg,
S000764,partir de aix-en-provence pour boisseaux,TRIP,Aix-en-Provence,Boisseaux,
S001563,J'aimerais un billet de Les Arcs - Draguignan a Vitry-en-Artois,TRIP,Les Arcs - Draguignan,Vitry-en-Artois,
S006943,de boves vers neuilly-st-front avec correspondance a ailly-sur-noye,TRIP,Boves,Neuilly-St-Front,Ailly-sur-Noye
S006050,Train de Cramoisy a Saint-Hilaire - Saint-Nazaire passant par Nézel - Aulnay,TRIP,Cramoisy,Saint-Hilaire - Saint-Nazaire,Nézel - Aulnay
S004115,J'aimerais aller de Saint-Julie-du-Sault a Dunkerque,TRIP,Saint-Julien-du-Sault,Dunkerque,
S007378,c'est quoi ce service,NOT_TRIP,,,
S003407,Partir de Saint-Jean-Pied-de-Port pour Clion-sur-Seugne,TRIP,Saint-Jean-Pied-de-Port,Clion-sur-Seugne,
S000136,Voyager de Rambouillet vers Maurecourt,TRIP,Rambouillet,Maurecourt,
S003505,Est-ce qu'il y a un train de Montchanin a Le Plessis Chenet,TRIP,Montchanin,Le Plessis Chenet,
S002210,Voyager de Ingersheim - Cité Scolaire vers Metz Nord,TRIP,Ingersheim - Cité Scolaire,Metz Nord,
S003728,Un train de Tressin a Saint-Pierre-des-Corps,TRIP,Tressin,Saint-Pierre-des-Corps,
S008087,Je m'appelle Paris,NOT_TRIP,,,
S000531,est-ce qu'il y a un train de breuillet village a chirac,TRIP,Breuillet Village,Chirac,
S002704,de pierre-bénite a mamirolle,TRIP,Pierre-Bénite,Mamirolle,
S004854,Je pars de Evry Val de Seine et je vais a Montluel,TRIP,Évry Val de Seine,Montluel,
S001818,aller de charbonnières-les-bains a montpaon,TRIP,Charbonnières-les-Bains,Montpaon,
S009749,!!!,UNKNOWN,,,
S003017,Luc-la-Primaube - Port Boulet,TRIP,Luc-la-Primaube,Port Boulet,
S005299,Ce soir je vais de Avoudrey a Parc des Expositions,TRIP,Avoudrey,Parc des Expositions,
S002609,Direction Bassens au depart de Rilly-la-Montagne,TRIP,Rilly-la-Montagne,Bassens,
S008982,Wie komme ich nach Bordeaux,NOT_FRENCH,,,
S005136,Train de Saint-Piat a Rothau,TRIP,Saint-Piat,Rothau,
S000872,Un billet de Hesdigneul-lès-Boulogne a Chalais,TRIP,Hesdigneul-lès-Boulogne,Chalais,
S006673,Aller de L'Étang-la-Ville a Arras avec un arret a Bussière-Galant,TRIP,L'Étang-la-Ville,Arras,Bussière-Galant
S000130,partir de hirson vers plaisir - les clayes,TRIP,Hirson,Plaisir - Les Clayes,
S004309,partir de gerzat pour veigné,TRIP,Gerzat,Veigné,
S002339,J'aimerais un billet de Castelnau-d'Estrétefonds a Aigueperse,TRIP,Castelnau-d'Estrétefonds,Aigueperse,
S005062,Prendre le train de Gueret a Tournan-en-Brie,TRIP,Guéret,Tournan-en-Brie,
S003376,ce soir je vais de crouy a bécon les bruyères,TRIP,Crouy,Bécon les Bruyères,
S007996,Nice de te rencontrer,NOT_TRIP,,,
S009760,aaaaaaaa,UNKNOWN,,,
S007044,Hello,NOT_TRIP,,,
S009772,,UNKNOWN,,,
S007535,Aujourd'hui,NOT_TRIP,,,
S001740,Je voudrais prendre un train de Escaudœuvres a La Ricamarie,TRIP,Escaudœuvres,La Ricamarie,
S002618,Voyage de Saint-Symphorien-de-Marmagne a Allenc,TRIP,Saint-Symphorien-de-Marmagne,Allenc,
S006164,Je veux passer par Vigneux-sur-Seine pour aller de La Basse Indre - Saint-Herblain a Le Bousquet-d'Orb,TRIP,La Basse Indre - Saint-Herblain,Le Bousquet-d'Orb,Vigneux-sur-Seine
S000065,me rendre de carnoët - locarn a le thor,TRIP,Carnoët - Locarn,Le Thor,
S007942,Help,NOT_TRIP,,,
S006695,Trouville - Deauville puis Sous le Bois puis Sarcelles - Saint-Brice,TRIP,Trouville - Deauville,Sarcelles - Saint-Brice,Sous le Bois
S004938,Je veux me rendre a Marly-le-Roi en partant de Bourg-Bruche,TRIP,Bourg-Bruche,Marly-le-Roi,
S009157,Como llego a Marsella,NOT_FRENCH,,,
S004106,Un billet de Darsac a Fismes,TRIP,Darsac,Fismes,
S007664,je veux aller,NOT_TRIP,,,
S007232,Mon ami Lyon va bien,NOT_TRIP,,,
S005614,De Sevran Beaudottes jusqu'a Les Perrières,TRIP,Sevran Beaudottes,Les Perrières,
S009409,Ein Zug nach Marseille bitte,NOT_FRENCH,,,
S006038,Je voudrais aller de Aigrefeuille le Thou a Aeroport Charles de Gaulle 1 en passant par Saint-Nom-la-Breteche Foret de Marly,TRIP,Aigrefeuille le Thou,Aéroport Charles de Gaulle 1,Saint-Nom-la-Bretèche Forêt de Marly
S007966,Coucou,NOT_TRIP,,,
S001490,Je vais a Bouaye depuis Créteil Pompadour,TRIP,Créteil Pompadour,Bouaye,
S003520,comment aller de givors canal a sains-du-nord,TRIP,Givors Canal,Sains-du-Nord,
S009163,I need to travel tomorrow,NOT_FRENCH,,,
S005738,Cambrai puis Meudon,TRIP,Cambrai,Meudon,
S000614,comment aller de voujeaucourt a porchefontaine ?,TRIP,Voujeaucourt,Porchefontaine,
S002066,De Sous le Bois jusqu'a Pau,TRIP,Sous le Bois,Pau,
S001968,je voyage de tournus a armentières,TRIP,Tournus,Armentières,
S000116,je me rends a bailleau-le-pin depuis boen-sur-lignon,TRIP,Boën-sur-Lignon,Bailleau-le-Pin,
S003564,"s'il vous plait, un trajet de saint-hilaire - brizambourg a la redonne ensuès",TRIP,Saint-Hilaire - Brizambourg,La Redonne Ensuès,
S009014,I would like a train ticket,NOT_FRENCH,,,
S005168,J'aimerais aller de Taverny a Frontenex,TRIP,Taverny,Frontenex,
S002410,Prendre le train de Les Martres-de-Veyre a Nort-sur-Erdre,TRIP,Les Martres-de-Veyre,Nort-sur-Erdre,
S009040,I would like a train ticket,NOT_FRENCH,,,
S008766,Can you help me,NOT_FRENCH,,,
S008306,Albert est mon cousin,NOT_TRIP,,,
S009811,,UNKNOWN,,,
S005028,je dois aller de flers a chemin d'antony demain,TRIP,Flers,Chemin d'Antony,
S008376,Nancy est ma soeur,NOT_TRIP,,,
S004163,Je dois aller de Seurre a Labouheyre demain,TRIP,Seurre,Labouheyre,
S002386,Je dois aller de Oullins a Viviez - Decazeville demain,TRIP,Oullins,Viviez - Decazeville,
S003437,Wavrin puis Saint-Martin-de-Crau,TRIP,Wavrin,Saint-Martin-de-Crau,
S000555,Comment aller de Boën-sur-Lignon a Ciry-le-Noble,TRIP,Boën-sur-Lignon,Ciry-le-Noble,
S004236,comment aller de champagney a saint-gilles-croix-de-vie ?,TRIP,Champagney,Saint-Gilles-Croix-de-Vie,
S008225,Les trains sont souvent en retard,NOT_TRIP,,,
S008227,Bonsoir,NOT_TRIP,,,
S002783,Comment aller de Saint-Hilaire - Saint-Nazaire a Le Méridien La Ferrière ?,TRIP,Saint-Hilaire - Saint-Nazaire,Le Méridien La Ferrière,
S003090,J'aimerais aller se Quiberon a Villeoarisis - Mitry-leu-Neu,TRIP,Quiberon,Villeparisis - Mitry-le-Neuf,
S009998,lorem ipsum,UNKNOWN,,,
S005102,Aller de Laroquebrou a Uzerche,TRIP,Laroquebrou,Uzerche,
S006779,Châteauneuf-sur-Cher puis La Bohalle puis Alès,TRIP,Châteauneuf-sur-Cher,Alès,La Bohalle
S006944,De Berlaimont a Nemours - Saint-Pierre via Saint-Mathurin-sur-Loire,TRIP,Berlaimont,Nemours - Saint-Pierre,Saint-Mathurin-sur-Loire
S002427,Je voudrais prendre un train de La Valbonne a Marienthal,TRIP,La Valbonne,Marienthal,
S008564,Book a ticket for me,NOT_FRENCH,,,
S006773,De Rougemont Chanteloup vers Guimiliau avec correspondance a Mont-Dauphin - Guillestre,TRIP,Rougemont Chanteloup,Guimiliau,Mont-Dauphin - Guillestre
S002901,je vais de lardy a marchezais - broué,TRIP,Lardy,Marchezais - Broué,
S008231,D'accord,NOT_TRIP,,,
S005898,Voyage de Boissise-le-Roi a Chasseneuil-du-Poitou,TRIP,Boissise-le-Roi,Chasseneuil-du-Poitou,
S007268,C'est quoi ce service,NOT_TRIP,,,
S002759,Quel train de Lisle-sur-Tarn a La Norville - Saint-Germain-lès-Arpajon ?,TRIP,Lisle-sur-Tarn,La Norville - Saint-Germain-lès-Arpajon,
S000178,"S'il vous plait, un trajet de Les Lacs a Lunel-Viel",TRIP,Les Lacs,Lunel-Viel,
S008201,A bientot,NOT_TRIP,,,
S009491,I want aller a Paris,NOT_FRENCH,,,
S001461,Pourriez-vous me trouver un train de Orangis Bois de l'Epine a Anizy - Pinon,TRIP,Orangis Bois de l'Épine,Anizy - Pinon,
S002914,"Bonjour, je voudrais aller de Niolon a Boissy-l'Aillerie",TRIP,Niolon,Boissy-l'Aillerie,
S000989,Je vais a Laifour depuis Bussière-Galant,TRIP,Bussière-Galant,Laifour,
S007640,Arriver,NOT_TRIP,,,
S001093,je voudrais me rendre a vire depuis fourmies,TRIP,Fourmies,Vire,
S006255,Saint-Etienne La Terrasse Santeuil - Le Perchay via Saint-Die-des-Vosges,TRIP,Saint-Étienne La Terrasse,Santeuil - Le Perchay,Saint-Dié-des-Vosges
S009685,a,UNKNOWN,,,
S001725,Depart Sevran Beaudottes arrivee Marles-en-Brie,TRIP,Sevran Beaudottes,Marles-en-Brie,
S009719,@#$%,UNKNOWN,,,
S004871,Je voudrais prendre un train de Les Perrieres a Les Martres-de-Veyre,TRIP,Les Perrières,Les Martres-de-Veyre,
S004626,Je vais de Saint-Mariens - Saint-Yzan a Mâlain,TRIP,Saint-Mariens - Saint-Yzan,Mâlain,
S009311,Book a ticket for me,NOT_FRENCH,,,
S006078,Aller de Morhange a Crépy-een-Valois avec un arret a Feyzin,TRIP,Morhange,Crépy-en-Valois,Feyzin
S003166,partir de salbris vers fouday,TRIP,Salbris,Fouday,
S001372,Voyaber de Santes vers Formuerie,TRIP,Santes,Formerie,
S001132,pourriez-vous me trouver un train de lavaufranche a lourches,TRIP,Lavaufranche,Lourches,
S004275,de haguenau a landerneau,TRIP,Haguenau,Landerneau,
S002010,Je vais a Agonac depuis Amberieu-en-Bugey,TRIP,Ambérieu-en-Bugey,Agonac,
S005884,je me rends a la borne blanche depuis auxonne,TRIP,Auxonne,La Borne Blanche,
S007276,Super,NOT_TRIP,,,
S005127,Je pars de Hendaye et je vais a L'Abbaye,TRIP,Hendaye,L'Abbaye,
S004232,Oyonnax - Le Grand Jardin,TRIP,Oyonnax,Le Grand Jardin,
S007513,C'est trop cher,NOT_TRIP,,,
S006749,Dardilly Les Mouilles puis Puyoo puis Fromental,TRIP,Dardilly Les Mouilles,Fromental,Puyoô
S003513,Je pars dr Conflans Fin d'Oise pour aller a Tiercé,TRIP,Conflans Fin d'Oise,Tiercé,
S000021,Je voudrais me rendre a Aéroport Charles de Gaulle 2 TGV depuis Bellignat,TRIP,Bellignat,Aéroport Charles de Gaulle 2 TGV,
S000673,un train de les perrières a walbach,TRIP,Les Perrières,Walbach,
S008454,Comment ca marche,NOT_TRIP,,,
S005285,Prendre le train de Châtel-Censoir a Sisteron,TRIP,Châtel-Censoir,Sisteron,
S000984,Je me rends a Aiguillon depuis Beaumont-le-Roger,TRIP,Beaumont-le-Roger,Aiguillon,
S005541,Demain je pars de Saint-Joseph le Castellas pour Montroc le Planet,TRIP,Saint-Joseph le Castellas,Montroc le Planet,
S006504,de longroy - gamaches a loivre via lamballe,TRIP,Longroy - Gamaches,Loivre,Lamballe
S009873,,UNKNOWN,,,
S007370,Ok,NOT_TRIP,,,
S003241,Comment aller de Ourscamp a Boutigny-sur-Essonne,TRIP,Ourscamp,Boutigny-sur-Essonne,
S007973,Super,NOT_TRIP,,,
S007813,hello,NOT_TRIP,,,
S000653,De Condé-sur-Huisne jusqu'a Villars-les-Dombes,TRIP,Condé-sur-Huisne,Villars-les-Dombes,
S009145,What is the best route,NOT_FRENCH,,,
S002101,Depart de Pont-Sainte-Maxence arrivee a Villeneuve-lès-Maguelone,TRIP,Pont-Sainte-Maxence,Villeneuve-lès-Maguelone,
S004128,je veux prendre le train de dormans a magalas,TRIP,Dormans,Magalas,
S001193,comment aller de deuil - montmagny a thonon-les-bains,TRIP,Deuil - Montmagny,Thonon-les-Bains,
S002677,Je vais de Avenay a Rive-de-Gier,TRIP,Avenay,Rive-de-Gier,
S003404,de kruth a aubigny-au-bac,TRIP,Kruth,Aubigny-au-Bac,
S008162,j'aime les trains,NOT_TRIP,,,
S008071,Au revoir,NOT_TRIP,,,
S005057,prendre le train de croix - wasquehal a cintegabelle,TRIP,Croix - Wasquehal,Cintegabelle,
S000317,Partir de Vauvert pour Malansac,TRIP,Vauvert,Malansac,
S007696,Demaun,NOT_TRIP,,,
S003515,Aller de Aurillac a Sainte-Colombe Septveilles,TRIP,Aurillac,Sainte-Colombe Septveilles,
S004169,Un billet de Château-l'Évêque a Le Croisic,TRIP,Château-l'Évêque,Le Croisic,
S006369,"Je pars de Saint-Geniès-de-Malgoirès, je passe par Méru et j'arrive a Preignac",TRIP,Saint-Geniès-de-Malgoirès,Preignac,Méru
S009866,...,UNKNOWN,,,
S000061,Y a-t-il un train de Ascq a Vorey ?,TRIP,Ascq,Vorey,
S002896,demain je pars de rive-de-gier pour pierrelaye,TRIP,Rive-de-Gier,Pierrelaye,
S004587,Depart Vieux-Thann Zone Industrielle arrivee Le Chambon-Feugerolles,TRIP,Vieux-Thann Zone Industrielle,Le Chambon-Feugerolles,
S008459,Il fait beau aujourd'hui,NOT_TRIP,,,
S003748,Prendre le train de Généac a Ménil Flin,TRIP,Générac,Ménil Flin,
S002447,Jn train de Saillas a Cugand pour demain,TRIP,Saillans,Cugand,
S009193,Vorrei andare da Parigi a Lione,NOT_FRENCH,,,
S005951,"Je pars de Joigny-sur-Meuse, je passe par Saint-Cyr Les Lecques - La Cadiere et j'arrive a Les Deux Jumeaux",TRIP,Joigny-sur-Meuse,Les Deux Jumeaux,Saint-Cyr Les Lecques - La Cadière
S007987,Genial,NOT_TRIP,,,
S006283,De Châbons a Paris Montparnasse en passant par Montreuil-sur-Ille,TRIP,Châbons,Paris Montparnasse,Montreuil-sur-Ille
S003662,partir de châteauneuf - bujaleuf vers château-renault,TRIP,Châteauneuf - Bujaleuf,Château-Renault,
S009527,!!!,UNKNOWN,,,
S004521,Je vais a Toury depuis Les Tines,TRIP,Les Tines,Toury,
S005302,Partir de Drefféac vers Suresnes Mont Valérien,TRIP,Drefféac,Suresnes Mont Valérien,
S008797,I would like a train ticket,NOT_FRENCH,,,
S001395,je souhaite aller de vaumoise a bagnols-sur-ceze,TRIP,Vaumoise,Bagnols-sur-Cèze,
S008508,I want to go from Paris to Lyon,NOT_FRENCH,,,
S007874,Je n'aime pas voyager,NOT_TRIP,,,
S006414,de château-thierry a thann centre en passant par nointel - mours,TRIP,Château-Thierry,Thann Centre,Nointel - Mours
S003719,partir de larche vers munster,TRIP,Larche,Munster,
S006704,de saint-paterne-racan a dissay en passant par saint-michel-sur-meurthe,TRIP,Saint-Paterne-Racan,Dissay,Saint-Michel-sur-Meurthe
S003193,prendre le train de les cabrils a épinay-sur-orge,TRIP,Les Cabrils,Épinay-sur-Orge,
S004952,Je voudrais me rendre a Massy Europe depuis Aspres-sur-Buëch,TRIP,Aspres-sur-Buëch,Massy Europe,
S006359,"Je pars de Ferrières - Fontenay, je passe par Reims et j'arrive a Saint-Macaire",TRIP,Ferrières - Fontenay,Saint-Macaire,Reims
S001403,je pars de sain-bel et je vais a port-de-piles,TRIP,Sain-Bel,Port-de-Piles,
S002017,Depuis Bourg-Saint-Maurice jusqu'a Noizay,TRIP,Bourg-Saint-Maurice,Noizay,
S006094,Versigny Laissey via Clermont-Ferrand,TRIP,Versigny,Laissey,Clermont-Ferrand
S009483,Un biglietto per Marsiglia,NOT_FRENCH,,,
S008751,Je want to go Lyon,NOT_FRENCH,,,
S005572,Ce soir je vais de Les Pavillons-sous-Bois a Mulhouse Dornach,TRIP,Les Pavillons-sous-Bois,Mulhouse Dornach,
S009395,What is the best route,NOT_FRENCH,,,
S007026,partir,NOT_TRIP,,,
S001606,pourriez-vous me trouver un train de aubigny-en-artois a langeac,TRIP,Aubigny-en-Artois,Langeac,
S005506,Breuillet Villsge direction Ermont Halte,TRIP,Breuillet Village,Ermont Halte,
S002195,Demain je pars de Breteuil pour Luxé,TRIP,Breteuil,Luxé,
S007649,d'accord,NOT_TRIP,,,
S004277,Je pars de Rilly-la-Montagne pour aller a Dourdan,TRIP,Rilly-la-Montagne,Dourdan,
S007090,un train,NOT_TRIP,,,
S000234,un train de montigny - beauchamp a loos-en-gohelle pour demain,TRIP,Montigny - Beauchamp,Loos-en-Gohelle,
S009578,123456,UNKNOWN,,,
S005050,Ke vojdrais aller de Ranspach a Balbigny,TRIP,Ranspach,Balbigny,
S001972,train de bordeaux saint-jean a labenne,TRIP,Bordeaux Saint-Jean,Labenne,
S000927,De Rive-de-Gier a Gourdon,TRIP,Rive-de-Gier,Gourdon,
S006116,Lure puis Noyen-sur-Sarthe puis Vauboyen,TRIP,Lure,Vauboyen,Noyen-sur-Sarthe
S004291,Je piar de Lestelle pour aller a Les Arccs - Drsguignan,TRIP,Lestelle,Les Arcs - Draguignan,
S009147,Can you help me,NOT_FRENCH,,,
S004402,Depuis Saint-Feliu-d'Avall jusqu'a Saint-Marcel,TRIP,Saint-Féliu-d'Avall,Saint-Marcel,
S003200,De Vincey a Sommery,TRIP,Vincey,Sommery,
S002280,Saint-Martin d'Étampes direction Andorre – l’Hospitalet,TRIP,Saint-Martin d'Étampes,Andorre – l’Hospitalet,
S007506,Merci,NOT_TRIP,,,
S006807,Aller de Frontignan a Épinay-sur-Seine T11 avec un arret a Valence,TRIP,Frontignan,Épinay-sur-Seine T11,Valence
S007430,Merci,NOT_TRIP,,,
S005037,Depart de La Villette Saint-Prest arrivee a La Taye,TRIP,La Villette Saint-Prest,La Taye,
S001844,comment aller de neuilly - porte maillot a loos lez lille ?,TRIP,Neuilly - Porte Maillot,Loos lez Lille,
S000131,aller de rieux - angicourt a la gorp,TRIP,Rieux - Angicourt,La Gorp,
S005440,Me rendre de Bologne a Viaduc Sainte-Marie,TRIP,Bologne,Viaduc Sainte-Marie,
S002702,Comment aller de Les Praz de Chamonix a Audruicq ?,TRIP,Les Praz de Chamonix,Audruicq,
S006356,train de obermodern-zutzendorf a longuyon passant par deluz,TRIP,Obermodern-Zutzendorf,Longuyon,Deluz
S001784,je vais de saint-pierre-d'albigny a la brohinière,TRIP,Saint-Pierre-d'Albigny,La Brohinière,
S005954,Train de La Seyne - Six-Fours a Varangeville - Saint-Nicolas passant par Gilly-sur-Loire,TRIP,La Seyne - Six-Fours,Varangéville - Saint-Nicolas,Gilly-sur-Loire
S001922,un train de saint-armel a les houches,TRIP,Saint-Armel,Les Houches,
S002135,me rendre de futuroscope a bollwiller,TRIP,Futuroscope,Bollwiller,
S000252,billet belvezet saint-amand-les-eaux,TRIP,Belvezet,Saint-Amand-les-Eaux,
S006507,milhaud puis rully puis villefranque,TRIP,Milhaud,Villefranque,Rully
S007691,Salut,NOT_TRIP,,,
S004061,Je voudrais prendre un train de Villeneuve-sur-Allier a Aulnat Aeroport,TRIP,Villeneuve-sur-Allier,Aulnat Aéroport,
S001830,Je pars de Les Bons Pères et je vais a Val de Fontenay,TRIP,Les Bons Pères,Val de Fontenay,
S005333,Je dois aller de La Grande-Paroisse a Saint-Seurin-sur-l'Isle demain,TRIP,La Grande-Paroisse,Saint-Seurin-sur-l'Isle,
S002198,Je veux aller de Sainte-Eulalie - Carbon-Blanc a Massy - Verrieres,TRIP,Sainte-Eulalie - Carbon-Blanc,Massy - Verrières,
S003713,Baume-les-Dames Croix L'Allumette,TRIP,Baume-les-Dames,Croix L'Allumette,
S002886,Depart de Vitry-sur-Seine arrivee a Becon les Bruyeres,TRIP,Vitry-sur-Seine,Bécon les Bruyères,
S001321,y a-t-il un train de sainte-gauburge a reignac-sur-indre ?,TRIP,Sainte-Gauburge,Reignac-sur-Indre,
S007028,a bientot,NOT_TRIP,,,
S006645,Buzy en Béarn puis Sannois puis Le Puy-en-Vellay,TRIP,Buzy en Béarn,Le Puy-en-Velay,Sannois
S006147,Issy Val de Seine puis Brimeux puis Pont de l'Alma,TRIP,Issy Val de Seine,Pont de l'Alma,Brimeux
S009075,Quiero ir de Paris a Lyon,NOT_FRENCH,,,
S003673,voyage de thues carenca a wihr-au-val - soultzbach,TRIP,Thuès Carença,Wihr-au-Val - Soultzbach,
S002614,ce soir je vais de saint-ouen-l'aumone quartier de l'eglise a saint-martory,TRIP,Saint-Ouen-l'Aumône Quartier de l'Église,Saint-Martory,
S009053,Train from Paris to Bordeaux please,NOT_FRENCH,,,
S002671,Comment aller de Lachau Curmilhac a Prrovenchères-zur-Fave,TRIP,Lachaud Curmilhac,Provenchères-sur-Fave,
S001868,Je dois aller de Fontaine-le-Port a Aéroport Charles de Gaulle 2 TGV,TRIP,Fontaine-le-Port,Aéroport Charles de Gaulle 2 TGV,
S005892,J'aimerais aller de Bourron-Marlotte - Grez a Marignac-St-Béat,TRIP,Bourron-Marlotte - Grez,Marignac-St-Béat,
S005021,Je me rends a Collonges-lès-Premières depuis Beauvoisin,TRIP,Beauvoisin,Collonges-lès-Premières,
S001623,Je vais de Saint-Jean-Pied-de-Port a Daours,TRIP,Saint-Jean-Pied-de-Port,Daours,
S005115,y a-t-il un train de le bousquet-d'orb a arrou ?,TRIP,Le Bousquet-d'Orb,Arrou,
S008433,Aide moi,NOT_TRIP,,,
S007768,je n'aime pas voyager,NOT_TRIP,,,
S003046,J'aimerais aller de Corgoolloin a Dourdan La Forêt,TRIP,Corgoloin,Dourdan La Forêt,
S003339,Ce soir je vais de Marly-le-Roi a Lamonzie-Saint-Martin,TRIP,Marly-le-Roi,Lamonzie-Saint-Martin,
S001860,Depart de Ecommoy arrivee a Igney,TRIP,Écommoy,Igney,
S009440,I need to travel tomorrow,NOT_FRENCH,,,
S000909,Je pars de Albens pour aller a Carry-le-Rouet,TRIP,Albens,Carry-le-Rouet,
S003457,Prendre le train de Le Val d'Or a Belleville sur Sâone,TRIP,Le Val d'Or,Belleville sur Sâone,
S000724,je dois aller de cize - bolozon a montpellier sud de france,TRIP,Cize - Bolozon,Montpellier Sud de France,
S002489,je voudrais me rendre a vitry-le-francois depuis saint-leu-d'esserent,TRIP,Saint-Leu-d'Esserent,Vitry-le-François,
S004973,demain je pars de tieffenbach - struth pour l'isle-sur-la-sorgue - fontaine-de-vaucluse,TRIP,Tieffenbach - Struth,L'Isle-sur-la-Sorgue - Fontaine-de-Vaucluse,
S005855,prendre le train de foug a vias,TRIP,Foug,Vias,
S009803,test test test,UNKNOWN,,,
S000397,je vais a taverny depuis bugeat,TRIP,Bugeat,Taverny,
S008398,genial,NOT_TRIP,,,
S008431,Super,NOT_TRIP,,,
S001869,"Bonjour, je voudrais aller de Malaunay - Le Houlme a La Pomme",TRIP,Malaunay - Le Houlme,La Pomme,
S007762,genial,NOT_TRIP,,,
S001564,Un billet de Mézriat a Nanteuil - Saâch,TRIP,Mézériat,Nanteuil - Saâcy,
S006511,Je voudrais aller de Saint-Flour - Chaudes-Aigues a Creil en passant par Tremolat,TRIP,Saint-Flour - Chaudes-Aigues,Creil,Trémolat
S004039,est-ce qu'il y a un train de l'aiguille a châtelaudren - plouagat,TRIP,L'Aiguille,Châtelaudren - Plouagat,
S005843,voyage de viaduc sainte-marie a iteuil,TRIP,Viaduc Sainte-Marie,Iteuil,
S004294,De Dercy-Froidmont a Aubagne,TRIP,Dercy-Froidmont,Aubagne,
S009133,I would like a train ticket,NOT_FRENCH,,,
S007278,J'ai rencontre Marseille hier,NOT_TRIP,,,
S000418,Thenon Castelnau-d'Estrétefonds,TRIP,Thenon,Castelnau-d'Estrétefonds,
S000366,Demain je pars de Neuille-Pont-Pierre pour Ustaritz Jatxou,TRIP,Neuillé-Pont-Pierre,Ustaritz Jatxou,
S004888,Comment aller de Ecommoy a Mousteru ?,TRIP,Écommoy,Moustéru,
S002213,Je pars de Bournezeau pour aller a Pleyber-Christ,TRIP,Bournezeau,Pleyber-Christ,
S007148,Bonjour,NOT_TRIP,,,
S006409,De Belle-Isle - Bégard a Einvaux enu passant par Jonchery-sur-Vesle,TRIP,Belle-Isle - Bégard,Einvaux,Jonchery-sur-Vesle
S004330,"Bonjour, je voudrais aller de Saint-Georges-d'Aurac a Auvers-sur-Oise",TRIP,Saint-Georges-d'Aurac,Auvers-sur-Oise,
S001985,Pourriez-vous me trouver un train de Pleudihen-sur-Rance a Sainte-Pazanne,TRIP,Pleudihen-sur-Rance,Sainte-Pazanne,
S008571,Ich mochte von Paris nach Lyon fahren,NOT_FRENCH,,,
S003188,Je dois aller de Saint-Piat a Bons-en-Chablais,TRIP,Saint-Piat,Bons-en-Chablais,
S000392,Je pars de Saint-Martin-d'Oney pour allez a Villeneuve-Loubet,TRIP,Saint-Martin-d'Oney,Villeneuve-Loubet,
S008597,I need to travel tomorrow,NOT_FRENCH,,,
S009841,a,UNKNOWN,,,
S008343,Merci,NOT_TRIP,,,
S007551,il fait beau aujourd'hui,NOT_TRIP,,,
S007767,Voyage,NOT_TRIP,,,
S007957,La SNCF c'est pas mal,NOT_TRIP,,,
S000371,Je vais a Le Havre depuis Cormeilles-en-Parisis,TRIP,Cormeilles-en-Parisis,Le Havre,
S003264,Y a-t-il un train de Maizières-lès-Metz a Saillans ?,TRIP,Maizières-lès-Metz,Saillans,
S008909,Un biglietto per Marsiglia,NOT_FRENCH,,,
S000006,De Les Coquetiers a Mareil-sur-Mauldre,TRIP,Les Coquetiers,Mareil-sur-Mauldre,
S005641,J'aimerais un billet de Sarreinsming a Beuvrages,TRIP,Sarreinsming,Beuvrages,
S009166,Quiero ir de Paris a Lyon,NOT_FRENCH,,,
S000605,Pourriez-vous me trouver un train de Port-Vendres a Marquette,TRIP,Port-Vendres,Marquette,
S008478,Bonjour,NOT_TRIP,,,
S004656,pourriez-vous me trouver un train de la membrolle-sur-choisille a lamothe-montravel,TRIP,La Membrolle-sur-Choisille,Lamothe-Montravel,
S007463,bonjour,NOT_TRIP,,,
S007709,Je veux aller,NOT_TRIP,,,
S003051,je veux prendre le train de carmaux a montaigut-le-blanc,TRIP,Carmaux,Montaigut-le-Blanc,
S009480,Como llego a Marsella,NOT_FRENCH,,,
S001479,je veux aller de raon-l'étape a babinière,TRIP,Raon-l'Étape,Babinière,
S003985,Je pars de Lannion et je vais a Verdun,TRIP,Lannion,Verdun,
S006406,Je veux passer par Dordives pour aler de Étriché - Châteauneuf a Strazeele,TRIP,Étriché - Châteauneuf,Strazeele,Dordives
S006793,Je veux passer par Bécon les Bruyères pour aller de Saint-P-dz-Bigorre a Kilstert,TRIP,Saint-Pé-de-Bigorre,Kilstett,Bécon les Bruyères
S007457,Super,NOT_TRIP,,,
S000297,Un trin de Sevran - Livry a Suresnes Mont Valérien,TRIP,Sevran - Livry,Suresnes Mont Valérien,
S008884,Ein Zug nach Marseille bitte,NOT_FRENCH,,,
S002272,De Bellevue jusqu'a Galuzot,TRIP,Bellevue,Galuzot,
S009792,...,UNKNOWN,,,
S004751,Je voudrais aller de Brax - Leguevin a Pierre-Buffiere,TRIP,Brax - Léguevin,Pierre-Buffière,
S005604,Aime - La Plagne vers Saint-Léon-sur-l'Isle,TRIP,Aime - La Plagne,Saint-Léon-sur-l'Isle,
S008763,What is the best route,NOT_FRENCH,,,
S004420,Un billet de Puyoô a Pompey,TRIP,Puyoô,Pompey,
S003389,Aller de Le Grand Jardin a Alaï,TRIP,Le Grand Jardin,Alaï,
S002481,Je voudrais aller de Longuyon a Le Pénity,TRIP,Longuyon,Le Pénity,
S007020,Salut,NOT_TRIP,,,
S005617,Voyager de Bergues vers Courthézon,TRIP,Bergues,Courthézon,
S004775,Y a-t-il un train de Mortcerf a Fos-sur-Mer,TRIP,Mortcerf,Fos-sur-Mer,
S008339,Voyage,NOT_TRIP,,,
S002775,De Bessay-sur-Allier a Matzenheim,TRIP,Bessay-sur-Allier,Matzenheim,
S001234,le fauga direction gievres,TRIP,Le Fauga,Gièvres,
S007858,Au revoir,NOT_TRIP,,,
S004124,Y a-t-il un train de Toulon Sainte-Musse a Sucé-sur-Erdre,TRIP,Toulon Sainte-Musse,Sucé-sur-Erdre,
S005054,billet joigny-sur-meuse reichshoffen,TRIP,Joigny-sur-Meuse,Reichshoffen,
S005584,voyage de saint-sebastien pas enchantes a rosa parks,TRIP,Saint-Sébastien Pas Enchantés,Rosa Parks,
S005076,Je pars de Gagny et je vais a Port-la-Nouvelle,TRIP,Gagny,Port-la-Nouvelle,
S006516,Je veux passer par Plerguer pour aller de Lorient Bretagne Sud a Franois,TRIP,Lorient Bretagne Sud,Franois,Plerguer
S006111,de boulazac a rue en passant par la fère,TRIP,Boulazac,Rue,La Fère
S003857,J'aimerais un bilet de Villetaneuse Université a Podensac,TRIP,Villetaneuse Université,Podensac,
S007976,Ok,NOT_TRIP,,,
S003722,Hautmont puis Turenne,TRIP,Hautmont,Turenne,
S009788,a,UNKNOWN,,,
S002823,tours puis zillisheim,TRIP,Tours,Zillisheim,
S002973,Partir de Paris Gare du Nord vers Tassin,TRIP,Paris Gare du Nord,Tassin,
S005612,Depart Wavrin arrivee Sarreinsming,TRIP,Wavrin,Sarreinsming,
S009451,Quiero ir de Paris a Lyon,NOT_FRENCH,,,
S007426,Merci,NOT_TRIP,,,
S006486,De Penhoët a Saint-Laurent-de-la-Prée - Fouras via Blangy-sur-Ternoise,TRIP,Penhoët,Saint-Laurent-de-la-Prée - Fouras,Blangy-sur-Ternoise
S004647,un train de hayange a donges,TRIP,Hayange,Donges,
S007107,Bonsoir,NOT_TRIP,,,
S007600,Les trains sont souvent en retard,NOT_TRIP,,,
S007487,je n'aime pas voyager,NOT_TRIP,,,
S005318,aller de pers a douai,TRIP,Pers,Douai,
S005129,depuis le chambon-feugerolles jusqu'a saint-germain-du-puy,TRIP,Le Chambon-Feugerolles,Saint-Germain-du-Puy,
S009322,How do I get to Marseille,NOT_FRENCH,,,
S001809,Dardilly Les Mouilles - Lexos,TRIP,Dardilly Les Mouilles,Lexos,
S006314,aller de chauny a jaunay-clan avec un arret a xertigny,TRIP,Chauny,Jaunay-Clan,Xertigny
S000389,Je veux aller de Saubusse a Montataire,TRIP,Saubusse,Montataire,
S009988,ab,UNKNOWN,,,
S001300,Y a-t-il un train de Paris Gare du Nord a Langres,TRIP,Paris Gare du Nord,Langres,
S009486,Vorrei andare da Parigi a Lione,NOT_FRENCH,,,
S004247,pourriez-vous me trouver un train de maurecourt a sainte-colombe septveilles,TRIP,Maurecourt,Sainte-Colombe Septveilles,
S005533,Je pars de Le Perray-en-Yvelines et je vais a L'Isle-d'Abeau,TRIP,Le Perray-en-Yvelines,L'Isle-d'Abeau,
S002761,un billet de la seyne - six-fours a paris montparnasse,TRIP,La Seyne - Six-Fours,Paris Montparnasse,
S002464,je pars de épluches et je vais a le creusot,TRIP,Épluches,Le Creusot,
S007298,Albert est mon cousin,NOT_TRIP,,,
S002199,Voyager de Labissière - Le Déluge ers Marquiillies,TRIP,Laboissière - Le Déluge,Marquillies,
S003681,je voudrais prendre un train de cornil a beslé,TRIP,Cornil,Beslé,
S006184,alle de Saint-André-de-Cubzac a Gaillon - Aubevoye avec un arret a Verneuil-sur-Avre,TRIP,Saint-André-de-Cubzac,Gaillon - Aubevoye,Verneuil-sur-Avre
S004200,quel train de fouquereuil a survilliers - fosses ?,TRIP,Fouquereuil,Survilliers - Fosses,
S003568,Voyager de Bannalec vers Bellegarde-sur-Valserine,TRIP,Bannalec,Bellegarde-sur-Valserine,
S006662,De Courtalain - Saint-Pellerin vers Saint-Fargeau-Ponthierry avec correspondance a Druye,TRIP,Courtalain - Saint-Pellerin,Saint-Fargeau-Ponthierry,Druye
S000519,Neau vers L'Isthme,TRIP,Neau,L'Isthme,
S003919,Lille Flandres direction La Basse Indre - Saint-Herblain,TRIP,Lille Flandres,La Basse Indre - Saint-Herblain,
S004697,Je vais de Marvejols a Aillevillers,TRIP,Marvejols,Aillevillers,
S009785,asdfghjkl,UNKNOWN,,,
S006153,De Pont-du-Chateau vers Villers-sur-Mer avec correspondance a Montlucon Rimard,TRIP,Pont-du-Château,Villers-sur-Mer,Montluçon Rimard
S003484,Comment aller de Geispolsheim a Cransac,TRIP,Geispolsheim,Cransac,
S005540,Je veux aller de La Villette Saint-Prest a Lalbenque - Fontanes,TRIP,La Villette Saint-Prest,Lalbenque - Fontanes,
S007072,Bonsoir,NOT_TRIP,,,
S006058,De Saint-Médard-de-Guizières a Mullerhof en passant par Petit Jouy - Les Loges,TRIP,Saint-Médard-de-Guizières,Mullerhof,Petit Jouy - Les Loges
S003143,Je pars de Beaulieu-sur-Mer pour aller a Saint-Clair - Les Roches,TRIP,Beaulieu-sur-Mer,Saint-Clair - Les Roches,
S009590,qwerty,UNKNOWN,,,
S001508,J'aimerais un billet de Tournay a Oissel,TRIP,Tournay,Oissel,
S003330,Sainte-Eulalie - Carbon-Blanc - Mourmelon-le-Petit,TRIP,Sainte-Eulalie - Carbon-Blanc,Mourmelon-le-Petit,
S007086,Tu fais quoi,NOT_TRIP,,,
S005692,un billet de auchy-les-hesdin a danjoutin,TRIP,Auchy-lès-Hesdin,Danjoutin,
S006408,Villenave-d'Ornon puis Saint-Die-des-Vosges puis Vias,TRIP,Villenave-d'Ornon,Vias,Saint-Dié-des-Vosges
S000101,Depuis Villefranche-de-Rouergue jusqu'a Olette - Canaveilles,TRIP,Villefranche-de-Rouergue,Olette - Canaveilles,
S009662,   ,UNKNOWN,,,
S002346,Je voudrais me rendre a Vosves depuis La Ferté-Alais,TRIP,La Ferté-Alais,Vosves,
S007272,mon ami lyon va bien,NOT_TRIP,,,
S002776,quel train de ourscamp a chepy-valines ?,TRIP,Ourscamp,Chepy-Valines,
S003277,Me rendre de Suevres a Ciry-le-Noble,TRIP,Suèvres,Ciry-le-Noble,
S001801,Je vais a Gardonne depuis Le Péage-de-Roussillon,TRIP,Le Péage-de-Roussillon,Gardonne,
S008593,I need to travel tomorrow,NOT_FRENCH,,,
S005568,Maillé direction Beillant,TRIP,Maillé,Beillant,
S008685,I would like a train ticket,NOT_FRENCH,,,
S002989,Je souhaite aller de Cantin a Massy - Verrières,TRIP,Cantin,Massy - Verrières,
S005259,Je voyage de Cercy-la-Tour a Gestel,TRIP,Cercy-la-Tour,Gestel,
S001320,comment aller de agonac a illfurth,TRIP,Agonac,Illfurth,
S004148,Je dois aller de Septèmes-les-Vallons a Chalais demain,TRIP,Septèmes-les-Vallons,Chalais,
S009397,What is the best route,NOT_FRENCH,,,
S006064,Vias Bédarrides via Houdan,TRIP,Vias,Bédarrides,Houdan
S000299,me rendre de le verdon-sur-mer a épernay,TRIP,Le Verdon-sur-Mer,Épernay,
S000685,Partir de Pompey vers Thann,TRIP,Pompey,Thann,
S004557,Péreire - Levallois direction Vireux-Molhain,TRIP,Péreire - Levallois,Vireux-Molhain,
S000567,voyage de munster a steinbourg,TRIP,Munster,Steinbourg,
S007037,Voyage,NOT_TRIP,,,
S002455,Me rendre de Givors a Bergues,TRIP,Givors,Bergues,
S001175,Je dois aller de Gazeran a Saint-Rambert-d'Albon,TRIP,Gazeran,Saint-Rambert-d'Albon,
S000179,Je souhaite aller de Meuse TGV a Bandol,TRIP,Meuse TGV,Bandol,
S000171,Comment aller de Parc des Expositions a Laneuveville-devant-Nancy,TRIP,Parc des Expositions,Laneuveville-devant-Nancy,
S005878,Quel train de L'Isle-Adam - Parmain a La Joux ?,TRIP,L'Isle-Adam - Parmain,La Joux,
S001427,Direction Neuilly Porte Maillot RER E au depart de Rochefort,TRIP,Rochefort,Neuilly Porte Maillot RER E,
S000743,Voyager de Vénissieux vers Staffelfelden,TRIP,Vénissieux,Staffelfelden,
S000145,un train de les lacs a pontrieux halte pour demain,TRIP,Les Lacs,Pontrieux Halte,
S009546,lorem ipsum,UNKNOWN,,,
S004000,un billet de rumilly a gimont cahuzac,TRIP,Rumilly,Gimont Cahuzac,
S003341,partir de grenoble universités - gières pour wattignies - templemars,TRIP,Grenoble Universités - Gières,Wattignies - Templemars,
S000373,quel train pour aller de boigneville a le burg,TRIP,Boigneville,Le Burg,
S006770,de cize - bolozon a meulan - hardricourt via coulanges-sur-yonne,TRIP,Cize - Bolozon,Meulan - Hardricourt,Coulanges-sur-Yonne
S003614,pérols - mervans,TRIP,Pérols,Mervans,
S008399,Genial,NOT_TRIP,,,
S000770,Je voyage de La Barre Ormesson a Donjeux,TRIP,La Barre Ormesson,Donjeux,
S005294,Je voyage de Ambazac a Amplepuis,TRIP,Ambazac,Amplepuis,
S003742,Je souhaite aller de Rungis La Fraternelle a Fresnoy-le-Grand,TRIP,Rungis La Fraternelle,Fresnoy-le-Grand,
S004082,Direction Faulquemont au depart de Le Lioran,TRIP,Le Lioran,Faulquemont,
S009001,I want aller a Paris,NOT_FRENCH,,,
S008567,Vorrei andare da Parigi a Lione,NOT_FRENCH,,,
S007860,Un train,NOT_TRIP,,,
S003830,"Bonjour, je voudrais aller de Asnieres-sur-Seine a Saint-Amand-Montrond - Orval",TRIP,Asnières-sur-Seine,Saint-Amand-Montrond - Orval,
S005045,je pars de montchanin et je vais a valleiry,TRIP,Montchanin,Valleiry,
S006759,de base aérienne vers saint-cloud avec correspondance a ivry-sur-seine,TRIP,Base Aérienne,Saint-Cloud,Ivry-sur-Seine
S005359,y a-t-il un train de les aubrais a elne,TRIP,Les Aubrais,Elne,
S000503,Quel tran pour aler de Staffelfelden a Iteuil,TRIP,Staffelfelden,Iteuil,
S001701,direction pont-sur-yonne au depart de bretteville - norrey,TRIP,Bretteville - Norrey,Pont-sur-Yonne,
S009019,Un biglietto per Marsiglia,NOT_FRENCH,,,
S007854,nancy est ma soeur,NOT_TRIP,,,
S007550,Je voudrais,NOT_TRIP,,,
S006833,de bengy-sur-craon a ormoy-villers via cergy le haut,TRIP,Bengy-sur-Craon,Ormoy-Villers,Cergy le Haut
S003373,Vitry-en-Artois direction Contrexeville,TRIP,Vitry-en-Artois,Contrexéville,
S002227,Y a-t-il un train de Saint-André-le-Gaz a Garges - Sarcelles ?,TRIP,Saint-André-le-Gaz,Garges - Sarcelles,
S000268,J'aimerais aller de Mauze-sur-le-Mignon a Beauvoisin,TRIP,Mauzé-sur-le-Mignon,Beauvoisin,
S005496,Je veux aller de Louhans a Véretz - Montkouis,TRIP,Louhans,Véretz - Montlouis,
S007029,Tu fais quoi,NOT_TRIP,,,
S003198,Je vais de Luc-la-Primaube a Saint-Égrève Saint-Robert,TRIP,Luc-la-Primaube,Saint-Égrève Saint-Robert,
S000189,Je dois aller de Saint-Martin-de-Crau a Ors demain,TRIP,Saint-Martin-de-Crau,Ors,
S005063,Saint-Senoux - Pléchâtel - Beillant,TRIP,Saint-Senoux - Pléchâtel,Beillant,
S004156,prendre le train de montdidier a ancenis,TRIP,Montdidier,Ancenis,
S007902,Ok,NOT_TRIP,,,
S002550,je veux me rendre a rive-de-gier en partant de ingersheim - cité scolaire,TRIP,Ingersheim - Cité Scolaire,Rive-de-Gier,
S004091,y a-t-il un train de pierrelaye a oudon,TRIP,Pierrelaye,Oudon,
S009364,Quiero ir de Paris a Lyon,NOT_FRENCH,,,
S003083,de saint-sulpice - izon jusqu'a balsieges,TRIP,Saint-Sulpice - Izon,Balsièges,
S006557,Reichshoffen Nuits-Saint-Georges via Cesson,TRIP,Reichshoffen,Nuits-Saint-Georges,Cesson
S000413,Voyage de La Chapelle Aulnay a Esbly,TRIP,La Chapelle Aulnay,Esbly,
S005456,Je pars de Clères et je vais a Champs - Saint-Bris,TRIP,Clères,Champs - Saint-Bris,
S007331,Merci,NOT_TRIP,,,
S003686,Je voyage de Labenne a Sathonay - Rillieux,TRIP,Labenne,Sathonay - Rillieux,
S001405,Partir de Rosporden vers Calais - Frethun,TRIP,Rosporden,Calais - Fréthun,
S006911,Je voudrais aller de Pau a Miribel en passant par Goussainville,TRIP,Pau,Miribel,Goussainville
S002536,Y a-y-il un train se Limmoges Montjoviz a Chaulnes,TRIP,Limoges Montjovis,Chaulnes,
S009766,@#$%,UNKNOWN,,,
S000258,Un train de Wimille - Wimereux a Albert pour demain,TRIP,Wimille - Wimereux,Albert,
S004018,J'aimerais un billet de Saint-Sulpice - Izon a Saint-Roch,TRIP,Saint-Sulpice - Izon,Saint-Roch,
S008861,I need to travel tomorrow,NOT_FRENCH,,,
S001941,je voudrais prendre un train de le meridien la ferriere a vittel,TRIP,Le Méridien La Ferrière,Vittel,
S005196,Je vais de Coursan a Beynost,TRIP,Coursan,Beynost,
S005461,La Tour-de-Salvagny vers Moissac,TRIP,La Tour-de-Salvagny,Moissac,
S009054,Book a ticket for me,NOT_FRENCH,,,
S005306,direction bourg-en-bresse au depart de longpre-les-corps-saints,TRIP,Longpré-les-Corps-Saints,Bourg-en-Bresse,
S003604,Me rendre de Souillac a Sainte-Marthe en Provence,TRIP,Souillac,Sainte-Marthe en Provence,
S003522,Y a-t-il un train de Garges - Sarcelles a Freinville Sevran,TRIP,Garges - Sarcelles,Freinville Sevran,
S005144,Un train de Villabé a Saint-Nabord pour demain,TRIP,Villabé,Saint-Nabord,
S004639,Quel train de Messac - Guipry a Blere - La Croix ?,TRIP,Messac - Guipry,Bléré - La Croix,
S007560,j'ai rencontre marseille hier,NOT_TRIP,,,
S007787,Il fait beau aujourd'hui,NOT_TRIP,,,
S007811,Nancy est ma soeur,NOT_TRIP,,,
S008918,Vorrei andare da Parigi a Lione,NOT_FRENCH,,,
S009603,@#$%,UNKNOWN,,,
S000829,Pourriez-vous me trouver un train de Massérac a Le Coteau,TRIP,Massérac,Le Coteau,
S007444,Nancy est ma soeur,NOT_TRIP,,,
S005141,Commentt aller de Colombes a Amplepuis ?,TRIP,Colombes,Amplepuis,
S001964,un train de saint-pierre-quiberon a martres-tolosane,TRIP,Saint-Pierre-Quiberon,Martres-Tolosane,
S009761,!!!,UNKNOWN,,,
S002111,Je veux aller de Bertry a Lunas,TRIP,Bertry,Lunas,
S008194,qu'est-ce que tu peux faire,NOT_TRIP,,,
S007626,Tu fais quoi,NOT_TRIP,,,
S008439,Qu'est-ce que tu peux faire,NOT_TRIP,,,
S005260,Pourriez-vous me trouiver un trainu de Woippy a Boulogne-sur-Mer,TRIP,Woippy,Boulogne-sur-Mer,
S002682,Train de Châtelaudren - Plouagat a Mont-sur-Meurthe,TRIP,Châtelaudren - Plouagat,Mont-sur-Meurthe,
S002867,Depuis Nouan-le-Fuzelier jusqu'a Sablé-sur-Sarthe,TRIP,Nouan-le-Fuzelier,Sablé-sur-Sarthe,
S006712,train de massiac - blesle a boulouris sur mer passant par nemours - saint-pierre,TRIP,Massiac - Blesle,Boulouris sur Mer,Nemours - Saint-Pierre
S008528,Train from Paris to Bordeaux please,NOT_FRENCH,,,
S009481,Un biglietto per Marsiglia,NOT_FRENCH,,,
S002885,Comment aller de Villeneuve-Saint-Georges a Vaumoise ?,TRIP,Villeneuve-Saint-Georges,Vaumoise,
S009372,I want to go from Paris to Lyon,NOT_FRENCH,,,
S003451,Depuis Versailles Rive Droite jusqu'a Montluçon,TRIP,Versailles Rive Droite,Montluçon,
S003784,je pars de la taye pour aller a lutzelbourg,TRIP,La Taye,Lutzelbourg,
S006102,Aller de Montpaon a Vendeuvre-sur-Barse avec un arret a Veynes Devoluy,TRIP,Montpaon,Vendeuvre-sur-Barse,Veynes Dévoluy
S002771,y a-t-il un train de mulhouse musees a cires-les-mello,TRIP,Mulhouse Musées,Cires-lès-Mello,
S000554,Quel train de Vinay a Wattignies - Templemars ?,TRIP,Vinay,Wattignies - Templemars,
S001935,Pourriez-vous me trouver un train de Mullerhof a Lycée Henri Sellier,TRIP,Mullerhof,Lycée Henri Sellier,
S003175,depuis albert jusqu'a saint-omer,TRIP,Albert,Saint-Omer,
S000902,"Bonjour, je voudrais aller de Brignoouud a Charmes",TRIP,Brignoud,Charmes,
S001142,Loreux Raon-l'Étape,TRIP,Loreux,Raon-l'Étape,
S003243,"bonjour, je voudrais aller de novéant-sur-moselle a petit-croix",TRIP,Novéant-sur-Moselle,Petit-Croix,
S008205,C'est trop cher,NOT_TRIP,,,
S003817,Train de Vic - Mireval a Paris Gare de Lyon,TRIP,Vic - Mireval,Paris Gare de Lyon,
S009325,Ich mochte von Paris nach Lyon fahren,NOT_FRENCH,,,
S005210,montreuil-sur-ille direction boigneville,TRIP,Montreuil-sur-Ille,Boigneville,
S004655,un billet de mamirolle a le creusot - montceau-les-mines - montchanin tgv,TRIP,Mamirolle,Le Creusot - Montceau-les-Mines - Montchanin TGV,
S000411,Est-ce qu'il y a un train de Lisle-sur-Tarn a Modane,TRIP,Lisle-sur-Tarn,Modane,
S003997,Comment aller de Pringy a Longages - Noé ?,TRIP,Pringy,Longages - Noé,
S007258,il fait beau aujourd'hui,NOT_TRIP,,,
S001636,Depart de Orgon arrivee a Régny,TRIP,Orgon,Régny,
S007580,J'ai rencontre Marseeille hier,NOT_TRIP,,,
S004831,Pourriez-vous me trouver un train de Laval-de-Cère a Gravelines,TRIP,Laval-de-Cère,Gravelines,
S008438,Arriver,NOT_TRIP,,,
S000944,J'aimerais un billet de Le Creusot a Batz-sur-Mer,TRIP,Le Creusot,Batz-sur-Mer,
S005747,de banyuls-sur-mer a brazey-en-plaine,TRIP,Banyuls-sur-Mer,Brazey-en-Plaine,
S000152,train de namps - quevauvillers a bidarray pont noblia,TRIP,Namps - Quevauvillers,Bidarray Pont Noblia,
S009151,Wie komme ich nach Bordeaux,NOT_FRENCH,,,
S007727,A bientot,NOT_TRIP,,,
S007128,C'est trop cher,NOT_TRIP,,,
S009221,Como llego a Marsella,NOT_FRENCH,,,
S005234,Je souhaite aller de Janze a Aubigny-en-Artois,TRIP,Janzé,Aubigny-en-Artois,
S008876,I would like a train ticket,NOT_FRENCH,,,
S004997,Un train de Le Burg a Leval,TRIP,Le Burg,Leval,
S005671,dieupentale - rixheim,TRIP,Dieupentale,Rixheim,
S006249,Je veux passer par Le Dorat pour aller de Alaï a Longueville,TRIP,Alaï,Longueville,Le Dorat
S002392,depart walbourg arrivee la redonne ensuès,TRIP,Walbourg,La Redonne Ensuès,
S009532,...,UNKNOWN,,,
S000878,Voysger de Chamborigajd vers Bièves,TRIP,Chamborigaud,Bièvres,
S005079,je dois aller de breuillet - bruyeres-le-chatel a belloy - saint-martin demain,TRIP,Breuillet - Bruyères-le-Châtel,Belloy - Saint-Martin,
S007492,Help,NOT_TRIP,,,
S004076,Depart de Lille Flandres arivee a Essonnes Robinson,TRIP,Lille Flandres,Essonnes Robinson,
S007178,comment ca marche,NOT_TRIP,,,
S009901,,UNKNOWN,,,
S007702,Comment ca marche,NOT_TRIP,,,
S000990,Wesserling - Saint-Seurin-sur-l'Isle,TRIP,Wesserling,Saint-Seurin-sur-l'Isle,
S001648,Un train de Moirans a Lyon Saint-Exupéry TGV,TRIP,Moirans,Lyon Saint-Exupéry TGV,
S002786,Je veux prandre le trin de Les Moussoux a Walbach,TRIP,Les Moussoux,Walbach,
S004314,Voyager de Bellignat vers Font-Romeu-Odeillo-Via,TRIP,Bellignat,Font-Romeu-Odeillo-Via,
S006239,De Beau Marais vers Mouchard avec correspondance a La Fontaine,TRIP,Beau Marais,Mouchard,La Fontaine
S009849,a,UNKNOWN,,,
S002525,dunkerque vers buzy en bearn,TRIP,Dunkerque,Buzy en Béarn,
S007038,Nice de te rencontrer,NOT_TRIP,,,
S009113,What is the best route,NOT_FRENCH,,,
S007344,Je m'appelle Paris,NOT_TRIP,,,
S006181,Je veux passer par Challans pour aller de Dives-sur-Mer - Cabourg a Royat - Chamalieres,TRIP,Dives-sur-Mer - Cabourg,Royat - Chamalières,Challans
S004121,Ce soir je vais de Blois - Chambord a Caulnes,TRIP,Blois - Chambord,Caulnes,
S004946,"Bonjour, je voudrais aller de Brion - Montréal-la-Cluse a Lachaud Curmilhac",TRIP,Brion - Montréal-la-Cluse,Lachaud Curmilhac,
S004760,Comment aller de Manosque - Greoux-les-Bains a Mignaloux - Nouaille ?,TRIP,Manosque - Gréoux-les-Bains,Mignaloux - Nouaillé,
S009510,123456,UNKNOWN,,,
S005241,"Bonjour, je voudrais aller de Saint-Césaire a Picon Busserine",TRIP,Saint-Césaire,Picon Busserine,
S006613,De Viaduc Sainte-Marie vers Kalhausen avec correspondance a Darsac,TRIP,Viaduc Sainte-Marie,Kalhausen,Darsac
S002399,comment aller de dieulouard a aubigné-racan ?,TRIP,Dieulouard,Aubigné-Racan,
S006501,"Je pars de Stains La Cerisaie T11, je passe par La Norville - Saint-Germain-les-Arpajon et j'arrive a Villers-sur-Mer",TRIP,Stains La Cerisaie T11,Villers-sur-Mer,La Norville - Saint-Germain-lès-Arpajon
S008416,Salut,NOT_TRIP,,,
S004058,je veux aller de les saules a bailleul,TRIP,Les Saules,Bailleul,
S006583,Train de La Hume a L'Hermitage - Mordelles passant par Mauzé-sur-le-Mignon,TRIP,La Hume,L'Hermitage - Mordelles,Mauzé-sur-le-Mignon
S003295,prandre le train de Marly-le-Roi a Les Sables Blancs,TRIP,Marly-le-Roi,Les Sables Blancs,
S001589,billet bully - grenay neuillé-pont-pierre,TRIP,Bully - Grenay,Neuillé-Pont-Pierre,
S003889,"Bonjjour, je voudraks aller de L'Isthke a Couffoules - Leuc",TRIP,L'Isthme,Couffoulens - Leuc,
S001805,Demain je pars de Brignac pour Biganos Facture,TRIP,Brignac,Biganos Facture,
S001710,Billzt Vernaaison Bedous,TRIP,Vernaison,Bedous,
S009261,Ich mochte von Paris nach Lyon fahren,NOT_FRENCH,,,
S009226,Vorrei andare da Parigi a Lione,NOT_FRENCH,,,
S009200,Vorrei andare da Parigi a Lione,NOT_FRENCH,,,
S008055,Comment ca marche,NOT_TRIP,,,
S005987,aller de saint-georges-d'aurac a acheres ville avec un arret a louvroil,TRIP,Saint-Georges-d'Aurac,Achères Ville,Louvroil
S009813,   ,UNKNOWN,,,
S003532,Y a-t-il un train de Labouheyre a Anché - Voulon ?,TRIP,Labouheyre,Anché - Voulon,
S006541,De Senozan vers Saint-Leger-sur-Dheune avec correspondance a Villiers Montbarbin,TRIP,Senozan,Saint-Léger-sur-Dheune,Villiers Montbarbin
S000482,un train de cesson a sallanches - combloux - megève pour demain,TRIP,Cesson,Sallanches - Combloux - Megève,
S005422,Je pars de Vivoin - Beaumont et je vais a Port-Brillet,TRIP,Vivoin - Beaumont,Port-Brillet,
S009224,I want aller a Paris,NOT_FRENCH,,,
S009589,,UNKNOWN,,,
S001720,Prendre le train de Saint-Michel Notre-Dame a Perrignier,TRIP,Saint-Michel Notre-Dame,Perrignier,
S006122,Je veux passer par Rabastens - Coufouleux pour aller de Louhossoa a Veynes Dévoluy,TRIP,Louhossoa,Veynes Dévoluy,Rabastens - Coufouleux
S000756,Est-ce qu'il y a un train de Luxeuil-les-Bains a Rixheim,TRIP,Luxeuil-les-Bains,Rixheim,
S008474,Help,NOT_TRIP,,,
S005301,Je pars de La Grave d'Ambarès et je vais a Longjumeau,TRIP,La Grave d'Ambarès,Longjumeau,
S001524,Ce soir je vais de Frasne a Petit Vaux,TRIP,Frasne,Petit Vaux,
S008172,aujourd'hui,NOT_TRIP,,,
S000429,Y a-t-il un train de La Réole a Aix-les-Bains le Revard,TRIP,La Réole,Aix-les-Bains le Revard,
S002530,Je veux me rendre a Chantenay-Saint-Imbert en partant de Chaville - Vélizy,TRIP,Chaville - Vélizy,Chantenay-Saint-Imbert,
S004401,Je pars de Les Salelles et je vais a Deville,TRIP,Les Salelles,Deville,
S008117,genial,NOT_TRIP,,,
S003199,Egly Servas - Lent,TRIP,Égly,Servas - Lent,
S007015,Albert est mon cousin,NOT_TRIP,,,
S004081,belvès direction amiens,TRIP,Belvès,Amiens,
S000486,Je voudrais me rendre a L'Escarène depuis Lozanne,TRIP,Lozanne,L'Escarène,
S004961,Je veux prendre le train de Les Essarts-le-Roi a Saint-Nabord,TRIP,Les Essarts-le-Roi,Saint-Nabord,
S008423,je n'aime pas voyager,NOT_TRIP,,,
S003368,Je voudrais prendre un train de Montoir-de-Bretagne a Gambsheim,TRIP,Montoir-de-Bretagne,Gambsheim,
S004132,me rendre de la méaugon a éragny - neuville,TRIP,La Méaugon,Éragny - Neuville,
S002751,Ce soir je vais de Pont du Garigliano - Hopital Europeen Georges Pompidou a Gien,TRIP,Pont du Garigliano - Hôpital Européen Georges Pompidou,Gien,
S006643,Je veux passer par Saint-Jean-de-Verges pour aller de Lussac-les-Châteaux a Saint-Avold,TRIP,Lussac-les-Châteaux,Saint-Avold,Saint-Jean-de-Verges
S004941,je veux prendre le train de bretteville - norrey a tenay - hauteville,TRIP,Bretteville - Norrey,Tenay - Hauteville,
S003874,pourriez-vous me trouver un train de villeneuve-la-guyard a émerainville - pontault-combault,TRIP,Villeneuve-la-Guyard,Émerainville - Pontault-Combault,
S003374,Direction Vonnas au depart de Brebieres,TRIP,Brebières,Vonnas,
S002705,Pourriez-vous me trouver un train de La Ferté-Imbault a Gallieni Cancéropôle,TRIP,La Ferté-Imbault,Gallieni Cancéropôle,
S005464,Je dois aller de Mennecy a Porte de Clichy,TRIP,Mennecy,Porte de Clichy,
S009123,Vorrei andare da Parigi a Lione,NOT_FRENCH,,,
S005053,Prendre le train de Amplepuis a Ceilhes - Roqueredonde,TRIP,Amplepuis,Ceilhes - Roqueredonde,
S004691,je veux aller de saint-roch a longueau,TRIP,Saint-Roch,Longueau,
S004116,J'aimerais un billet de Gannes a Chateauneuf-sur-Charente,TRIP,Gannes,Châteauneuf-sur-Charente,
S004873,De Mouroux jusqu'a Saint-Quentin-Fallavier,TRIP,Mouroux,Saint-Quentin-Fallavier,
S002414,ce soir je vais de toulouse matabiau a mont-notre-dame,TRIP,Toulouse Matabiau,Mont-Notre-Dame,
S005084,De Champigneulles jusqu'a Saint-Antoine-de-Breuilh,TRIP,Champigneulles,Saint-Antoine-de-Breuilh,
S000372,Comment aller de Templeuve a Lachaud Curmilhac,TRIP,Templeuve,Lachaud Curmilhac,
S008290,Aujourd'hui,NOT_TRIP,,,
S000771,Comment aller de Lons-le-Saunier a La Rochelle ?,TRIP,Lons-le-Saunier,La Rochelle,
S007588,Bonsoir,NOT_TRIP,,,
S008183,Au revoir,NOT_TRIP,,,
S009874,123456,UNKNOWN,,,
S000914,De Coron de Méricourt jusqu'a Cluses,TRIP,Coron de Méricourt,Cluses,
S007949,J'aime les trains,NOT_TRIP,,,
S001782,je voudrais aller de meriel a saint-mariens - saint-yzan,TRIP,Mériel,Saint-Mariens - Saint-Yzan,
S006533,Saint-Sulpice (Tarn) puis Nomain puis Beuvrages,TRIP,Saint-Sulpice (Tarn),Beuvrages,Nomain
S004654,J'aimerais aller de Ourscamp a Coat Guegan,TRIP,Ourscamp,Coat Guégan,
S008445,Arriver,NOT_TRIP,,,
S009375,How do I get to Marseille,NOT_FRENCH,,,
S006208,Je vzux passer par Chauny pour aller d Tain-ll'Hermitage - Tournon a Montgdroult - Courcelles,TRIP,Tain-l'Hermitage - Tournon,Montgeroult - Courcelles,Chauny
S005431,Je veux me rendre a Raiqmes en paetant de Sain-Bel,TRIP,Sain-Bel,Raismes,
S003886,Fresnoy-le-Grand direction Nogent-l'Artaud - Charly,TRIP,Fresnoy-le-Grand,Nogent-l'Artaud - Charly,
S000776,"s'il vous plait, un trajet de milly-sur-therain a saint-victor - thizy",TRIP,Milly-sur-Thérain,Saint-Victor - Thizy,
S001746,Partir de Bellac vers Vaucresson,TRIP,Bellac,Vaucresson,
S007190,J'ai rencontre Marseille hier,NOT_TRIP,,,
S006348,de marignier a aubazines - saint-hilaire via méricourt - ribemont,TRIP,Marignier,Aubazines - Saint-Hilaire,Méricourt - Ribemont
S006838,De Le Cendre - Orcet a Gravigny Balizy en passant par Donges,TRIP,Le Cendre - Orcet,Gravigny Balizy,Donges
S005020,Y a-t-il un train de Metz a Aubie - Saint-Antoine ?,TRIP,Metz,Aubie - Saint-Antoine,
S006240,De Lezoux a Noisy-le-Roi via Saint-Clair - Les Roches,TRIP,Lezoux,Noisy-le-Roi,Saint-Clair - Les Roches
S002233,De Cubzac-les-Ponts a Aiguebelette-le-Lac,TRIP,Cubzac-les-Ponts,Aiguebelette-le-Lac,
S005691,je veux aller de soultz-sous-forets a benfeld,TRIP,Soultz-sous-Forêts,Benfeld,
S009667,test test test,UNKNOWN,,,
S007617,Au revoir,NOT_TRIP,,,
S001953,de saint-ouen-l'aumône a ancenis,TRIP,Saint-Ouen-l'Aumône,Ancenis,
S008665,How do I get to Marseille,NOT_FRENCH,,,
S000986,demain je pars de saint-louis la chaussee pour brassac-les-mines - sainte-florine,TRIP,Saint-Louis La Chaussée,Brassac-les-Mines - Sainte-Florine,
S002058,Demain je pars de Ker Lann pour Mitry - Claye,TRIP,Ker Lann,Mitry - Claye,
S008175,Demain,NOT_TRIP,,,
S003267,Est-ce qu'il y a un tran de Nesle a Pougny - Chancy,TRIP,Nesle,Pougny - Chancy,
S000969,Un train de Saint-Nazaire a La Norville - Saint-Germain-lès-Arpajon,TRIP,Saint-Nazaire,La Norville - Saint-Germain-lès-Arpajon,
S000128,Malansac - Le Rouget,TRIP,Malansac,Le Rouget,
S006542,De La Loupe vers Blangy-sur-Ternoise avec correspondance a Suèvres,TRIP,La Loupe,Blangy-sur-Ternoise,Suèvres
S006272,De Aubin a Dreuil-lès-Amiens en passant par Le Buisson-de-Cadouin,TRIP,Aubin,Dreuil-lès-Amiens,Le Buisson-de-Cadouin
S001600,un billet de chartres a saint-symphorien-de-marmagne,TRIP,Chartres,Saint-Symphorien-de-Marmagne,
S006882,"Je pars de Vis a Marles, je passe par La Guierche et j'arrive a Caussade",TRIP,Vis à Marles,Caussade,La Guierche
S000560,Je dois aller de Wattignies - Templemars a Champagnole Paul-Émile Victor demain,TRIP,Wattignies - Templemars,Champagnole Paul-Émile Victor,
S006840,de aeroport charles de gaulle 1 vers la creche avec correspondance a malling,TRIP,Aéroport Charles de Gaulle 1,La Crèche,Malling
S001402,Billet Issoire Corbehem,TRIP,Issoire,Corbehem,
S009712,lorem ipsum,UNKNOWN,,,
S004216,prendre le train de évry val de seine a saint-nom-la-bretèche forêt de marly t13,TRIP,Évry Val de Seine,Saint-Nom-la-Bretèche Forêt de Marly T13,
S009233,Vorrei andare da Parigi a Lione,NOT_FRENCH,,,
S004300,Voyage de Saint-Ay a Selles-Saint-Denis,TRIP,Saint-Ay,Selles-Saint-Denis,
S000162,Je veux aller de Chindrieux a Pontcharra - Saint-Forgeux,TRIP,Chindrieux,Pontcharra - Saint-Forgeux,
S007880,Je n'aime pas voyager,NOT_TRIP,,,
S008549,I want aller a Paris,NOT_FRENCH,,,
S008953,How do I get to Marseille,NOT_FRENCH,,,
S005717,je pars de ceyzeriat et je vais a briouze,TRIP,Ceyzériat,Briouze,
S008393,Troyes est un prenom original,NOT_TRIP,,,
S000582,"s'il vous plait, un trajet de les boullereaux champigny a saujon",TRIP,Les Boullereaux Champigny,Saujon,
S004265,direction le teich au depart de lardenne,TRIP,Lardenne,Le Teich,
S002734,Comment aller de Trégonneau - Squiffiec a Lothiers,TRIP,Trégonneau - Squiffiec,Lothiers,
S004708,Aller de Pont de Rungis Aeroport d'Orly a Fleurieux-sur-l'Arbresle,TRIP,Pont de Rungis Aéroport d'Orly,Fleurieux-sur-l'Arbresle,
S009607,   ,UNKNOWN,,,
S003716,comment aller de l'ariane la trinité a santes,TRIP,L'Ariane La Trinité,Santes,
S006479,De Saint-Étienne-du-Rouvray a Saint-Vallier sur Rhône en passant par Longueil-Annel,TRIP,Saint-Étienne-du-Rouvray,Saint-Vallier sur Rhône,Longueil-Annel
S007027,Merci,NOT_TRIP,,,
S003012,Y a-t-il un train de Villeneuve-sur-Yonne a Motteville,TRIP,Villeneuve-sur-Yonne,Motteville,
S009392,Un biglietto per Marsiglia,NOT_FRENCH,,,
S009689,@#$%,UNKNOWN,,,
S006930,Je veux passer par Porchefontaine pour aller de Landerneau a La Levade,TRIP,Landerneau,La Levade,Porchefontaine
S001309,Je voudrais prendre un train de Pierre-Bénite a Caen,TRIP,Pierre-Bénite,Caen,
S006921,Je voudfais allerr de Chevillon a Boulobne-sur-Mer en passsant par Saint-André-le-Gaz,TRIP,Chevillon,Boulogne-sur-Mer,Saint-André-le-Gaz
S001605,Comment aller de Laon a Luçon,TRIP,Laon,Luçon,
S000117,Je veux me rendre a Saint-Priest-Taurion en partant de Lauterbourg,TRIP,Lauterbourg,Saint-Priest-Taurion,
S000704,depuis saint-émilion jusqu'a thenon,TRIP,Saint-Émilion,Thenon,
S004855,Je voudrais prendre un train de Corseul - Languenan a La Madeleine,TRIP,Corseul - Languenan,La Madeleine,
S009468,Como llego a Marsella,NOT_FRENCH,,,
S003037,Nice Riquier - Villers-Saint-Sepulcre,TRIP,Nice Riquier,Villers-Saint-Sépulcre,
S004619,Un billet de Saint-Quentin-Fallavier a Plougonver,TRIP,Saint-Quentin-Fallavier,Plougonver,
S001187,de chilly-mazarin a druye,TRIP,Chilly-Mazarin,Druye,
S005534,Je pars de Lillers et je vais a Wallers,TRIP,Lillers,Wallers,
S008270,C'est trop cher,NOT_TRIP,,,
S006709,De Trémolat vers Menars avec correspondance a Héricy,TRIP,Trémolat,Menars,Héricy
S008008,Nancy est ma soeur,NOT_TRIP,,,
S003154,je voudrais me rendre a bailly depuis isles - armentières - congis,TRIP,Isles - Armentières - Congis,Bailly,
S006702,de le pont-de-claix a rosult en passant par nantiat,TRIP,Le Pont-de-Claix,Rosult,Nantiat
S002511,quel train de gennevilliers a bourg-madame ?,TRIP,Gennevilliers,Bourg-Madame,
S008599,Train from Paris to Bordeaux please,NOT_FRENCH,,,
S008843,Ein Zug nach Marseille bitte,NOT_FRENCH,,,
S002294,Est-ce qu'il y a un train de Venerque - Vernet a Ruelle,TRIP,Venerque - Vernet,Ruelle,
S008367,Voyage,NOT_TRIP,,,
S001103,"Bonjour, je voudeais aller d Boucau a Valence TGV Rhône-Alpes Sud",TRIP,Boucau,Valence TGV Rhône-Alpes Sud,
S002903,Bonnemain direction Sioultz-sius-Forêts,TRIP,Bonnemain,Soultz-sous-Forêts,
S003494,voyager de avallon vers courcy - brimont,TRIP,Avallon,Courcy - Brimont,
S001082,voyage de argentan a teting-sur-nied,TRIP,Argentan,Teting-sur-Nied,
S004585,Demain je pars de Dourdan La Forêt pour Pornichet,TRIP,Dourdan La Forêt,Pornichet,
S004329,Dirction AAzay-surr-Cher au depart de ois-d'Oing - Légny,TRIP,Bois-d'Oingt - Légny,Azay-sur-Cher,
S009979,123456,UNKNOWN,,,
S002491,je voudrais me rendre a saint-seurin-sur-l'isle depuis cintegabelle,TRIP,Cintegabelle,Saint-Seurin-sur-l'Isle,
S001107,Buno - Gironville Fougere,TRIP,Buno - Gironville,Fougeré,
S009461,How do I get to Marseille,NOT_FRENCH,,,
S003336,Thieux - Nantouillet - Wacquemoulin,TRIP,Thieux - Nantouillet,Wacquemoulin,
S002168,Je vais a Châteaubriant depuis Ronchamp,TRIP,Ronchamp,Châteaubriant,
S002150,Haybes puis Bannalec,TRIP,Haybes,Bannalec,
S008662,I want to go from Paris to Lyon,NOT_FRENCH,,,
S006748,bièvres mortcerf via breteil,TRIP,Bièvres,Mortcerf,Breteil
S000491,Comment allez de Houlgate a Port-de-Bouc,TRIP,Houlgate,Port-de-Bouc,
S007208,Je voudrais,NOT_TRIP,,,
S004342,Ce soir je vais de Condat - Le Lardin a Le Péage-de-Roussillon,TRIP,Condat - Le Lardin,Le Péage-de-Roussillon,
S008824,Un billete de tren por favor,NOT_FRENCH,,,
S000530,depart de selles-saint-denis arrivee a marcelcave,TRIP,Selles-Saint-Denis,Marcelcave,
S003815,De Ustaritz Jatxou jusqu'a La Ciotat - Ceyreste,TRIP,Ustaritz Jatxou,La Ciotat - Ceyreste,
S001267,Je pars de Aixe-sur-Vienne pour aller a Tiercé,TRIP,Aixe-sur-Vienne,Tiercé,
S000992,Je voudrais me rendre a Dugny - La Courneuve T11 depuis Trégonneau - Squiffiec,TRIP,Trégonneau - Squiffiec,Dugny - La Courneuve T11,
S007237,je veux aller,NOT_TRIP,,,
S007352,Ok,NOT_TRIP,,,
S000175,Y a-t-il un train de Bandol a Saint-Péray,TRIP,Bandol,Saint-Péray,
S001765,Je voudrais aller de Ozoir-la-Ferrière a Cubzac-les-Pontss,TRIP,Ozoir-la-Ferrière,Cubzac-les-Ponts,
S004944,Quel train pour aller de Tourville-la-Rivière a Ebblinghem,TRIP,Tourville-la-Rivière,Ebblinghem,
S009026,Train from Paris to Bordeaux please,NOT_FRENCH,,,
S004915,Pourriez-vous me trouver un train de La Ricamarie a Savigny-sur-Orge,TRIP,La Ricamarie,Savigny-sur-Orge,
S001360,De Herny a Corbeil-Essonnes,TRIP,Herny,Corbeil-Essonnes,
S000129,Les Deuxx Jumeaux - Thenissey,TRIP,Les Deux Jumeaux,Thenissey,
S003523,Biarrutz puis Saaint-Senoux - Pléchâtel,TRIP,Biarritz,Saint-Senoux - Pléchâtel,
S002011,Voyager de Les Églisottes-et-Chalaures vers Latour-de-Carol - Enveitg,TRIP,Les Églisottes-et-Chalaures,Latour-de-Carol - Enveitg,
S000510,je dois aller de dissay a les fontinettes demain,TRIP,Dissay,Les Fontinettes,
S002814,y a-t-il un train de teting-sur-nied a jaunay-clan,TRIP,Teting-sur-Nied,Jaunay-Clan,
S008075,partir,NOT_TRIP,,,
S006114,Je voudrais aller de L'Isle-d'Abeau a Chalais en passant par Redon,TRIP,L'Isle-d'Abeau,Chalais,Redon
S007571,au revoir,NOT_TRIP,,,
S006290,Je veux passer par Tierce pour aller de Bellenaves a Neuilly - Porte Maillot,TRIP,Bellenaves,Neuilly - Porte Maillot,Tiercé
S005857,Un train de Haubourdin a Flez-Cuzy - Tannay pour demain,TRIP,Haubourdin,Flez-Cuzy - Tannay,
S006901,De Diarville vers Rambouillet avec correspondance a Arc-et-Senans,TRIP,Diarville,Rambouillet,Arc-et-Senans
S006093,Meursault puis Étainhus - Saint-Romain puis Hirson,TRIP,Meursault,Hirson,Étainhus - Saint-Romain
S008166,hey,NOT_TRIP,,,
S004178,direction auffay au depart de saint-thégonnec,TRIP,Saint-Thégonnec,Auffay,
S006170,De Le Verdon-sur-Mer a Biot via Bonson,TRIP,Le Verdon-sur-Mer,Biot,Bonson
S001549,prendre le train de biache-saint-vaast a crépieux la pape,TRIP,Biache-Saint-Vaast,Crépieux la Pape,
S006250,Villepreux - Les Clayes Plestan via La Ciotat - Ceyreste,TRIP,Villepreux - Les Clayes,Plestan,La Ciotat - Ceyreste
S004190,Demain je pars de Lurbe-Saint-Christau pour Nyers,TRIP,Lurbe-Saint-Christau,Nyers,
S003779,J'aimerais aller de Montville a Caffiers,TRIP,Montville,Caffiers,
S006908,Train de Ker Lann a Collonges - Fontaines passant par La Menitre,TRIP,Ker Lann,Collonges - Fontaines,La Ménitré
S004812,comment aller de besançon viotte a rochy-condé,TRIP,Besançon Viotte,Rochy-Condé,
S006591,Train de Viroflay Rive Droite a Chalais passant par Sainte-Colombe,TRIP,Viroflay Rive Droite,Chalais,Sainte-Colombe
S009523,blablabla,UNKNOWN,,,
S009871,ab,UNKNOWN,,,
S001281,Depuis Magalas jusqu'a Montgeroult - Courcelles,TRIP,Magalas,Montgeroult - Courcelles,
S007363,Help,NOT_TRIP,,,
S006996,je veux passer par conlie pour aller de coarraze - nay a saint-cyprien arènes,TRIP,Coarraze - Nay,Saint-Cyprien Arènes,Conlie
S003301,Direction Novillars au depart de Coursan,TRIP,Coursan,Novillars,
S008046,Je voudrais,NOT_TRIP,,,
S004885,Merxheim - La Méaugon,TRIP,Merxheim,La Méaugon,
S004440,Je voyage de Ouges a Montgeron - Crosne,TRIP,Ouges,Montgeron - Crosne,
S000194,Je voudrais me rendre a Mamirolle depuis Niort,TRIP,Niort,Mamirolle,
S005964,Buaume-les-Dames puis Baèagles puis Vannez,TRIP,Baume-les-Dames,Vannes,Bègles
S001285,Partir de Mommenheim vers Meximieux - Pérouges,TRIP,Mommenheim,Meximieux - Pérouges,
S006999,Mâlain puis Le Trayas puis Sotteville-lès-Rouen,TRIP,Mâlain,Sotteville-lès-Rouen,Le Trayas
S000341,un train de saint-geniès-de-malgoirès a fons - saint-mamert pour demain,TRIP,Saint-Geniès-de-Malgoirès,Fons - Saint-Mamert,
S003821,quel train pour aller de bourges a chalonnes-sur-loire,TRIP,Bourges,Chalonnes-sur-Loire,
S000742,Depart Les Perrières arrivee Serquigny,TRIP,Les Perrières,Serquigny,
S000580,Comment alle de Champigny sur Yonne a Miraumont,TRIP,Champigny sur Yonne,Miraumont,
S002500,Je voucrais prendre un teain de Longueil-Anneo a Morhange,TRIP,Longueil-Annel,Morhange,
S006559,De Chevaigné a Agen en passant par Gardonne,TRIP,Chevaigné,Agen,Gardonne
S006049,de noisy-le-sec a labenne via pontrieux,TRIP,Noisy-le-Sec,Labenne,Pontrieux
S000810,Billet Niolon Farébersviller,TRIP,Niolon,Farébersviller,
S007591,partir,NOT_TRIP,,,
S004458,bédarieux coutances,TRIP,Bédarieux,Coutances,
S008967,Un biglietto per Marsiglia,NOT_FRENCH,,,
S000293,Je diis aller de Le Vert de Maisonez a Orléans,TRIP,Le Vert de Maisons,Orléans,
S008464,Il fait beau aujourd'hui,NOT_TRIP,,,
S002610,Direction Germaine au depart de Saint-Quentin-Fallavier,TRIP,Saint-Quentin-Fallavier,Germaine,
S004950,partir de stains la cerisaie t11 vers la chapelle centre,TRIP,Stains La Cerisaie T11,La Chapelle Centre,
S001698,je voudrais me rendre a evron depuis questembert,TRIP,Questembert,Évron,
S008875,Como llego a Marsella,NOT_FRENCH,,,
S002404,demain je pars de somain pour cenon,TRIP,Somain,Cenon,
S003178,je vais de bouchain a feuquières - broquiers,TRIP,Bouchain,Feuquières - Broquiers,
S007634,Un tran,NOT_TRIP,,,
S005022,Y a-t-il un train de Le Vert de Maisons a Saint-Aignan - Noyers ?,TRIP,Le Vert de Maisons,Saint-Aignan - Noyers,
S003651,Direction Marssac-sur-Tarn au depart de Annemasse,TRIP,Annemasse,Marssac-sur-Tarn,
S005800,je vais a haussmann saint-lazare depuis dormans,TRIP,Dormans,Haussmann Saint-Lazare,
S001080,Depart Albens arrivee Pessac Alouette,TRIP,Albens,Pessac Alouette,
S000074,Depart Chasse-sur-Rhône arrivee Sathonay - Rillieux,TRIP,Chasse-sur-Rhône,Sathonay - Rillieux,
S007154,Coucou,NOT_TRIP,,,
S008348,Au revoir,NOT_TRIP,,,
S004861,Mery-sur-Oise direction Cantin,TRIP,Méry-sur-Oise,Cantin,
S000679,Voyage de Provenchères-sur-Fave a Villeneuve-lès-Maguelone,TRIP,Provenchères-sur-Fave,Villeneuve-lès-Maguelone,
S006492,"Je pars de Saint-Mariens - Saint-Yzan, je passe par Le Blanc-Mesnil et j'arrive a Mareil-Marly",TRIP,Saint-Mariens - Saint-Yzan,Mareil-Marly,Le Blanc-Mesnil
S007715,Aide moi,NOT_TRIP,,,
S001162,Depart Denain arrivee Bretigny - Norges,TRIP,Denain,Bretigny - Norges,
S007820,Bonjour,NOT_TRIP,,,
S009457,Je want to go Lyon,NOT_FRENCH,,,
S008611,Vorrei andare da Parigi a Lione,NOT_FRENCH,,,
S005751,Depart Malesherbes arrivee Bornel - Belle-Eglise,TRIP,Malesherbes,Bornel - Belle-Église,
S001061,Tournay - Pont Cardinet,TRIP,Tournay,Pont Cardinet,
S003288,comment aller de niort a cavaillon,TRIP,Niort,Cavaillon,
S001312,"s'il vous plait, un trajet de saint-michel - valloire a tourville-la-rivière",TRIP,Saint-Michel - Valloire,Tourville-la-Rivière,
S007226,J'aime les trains,NOT_TRIP,,,
S005845,un train de huriel a breuil - romain,TRIP,Huriel,Breuil - Romain,
S004305,Demain je pars de Poix-de-Picardie pour Saint-Vincent-de-Tyrosse,TRIP,Poix-de-Picardie,Saint-Vincent-de-Tyrosse,
S000037,Je souhaitd aller de Saint-Victurnien a Juvisy-sur-Orge,TRIP,Saint-Victurnien,Juvisy-sur-Orge,
S004534,Je pars de Rœux pour aller a Vivoin - Beaumont,TRIP,Rœux,Vivoin - Beaumont,
S008094,albert est mon cousin,NOT_TRIP,,,
S008504,Un biglietto per Marsiglia,NOT_FRENCH,,,
S005687,Comment aller de Montfavet a Morvillars ?,TRIP,Montfavet,Morvillars,
S002753,Leval vets Vayrac,TRIP,Leval,Vayrac,
S004005,pont-de-l'arche puis rethel,TRIP,Pont-de-l'Arche,Rethel,
S003042,Prendre le train de Chambourg-sur-Indre a Rothau,TRIP,Chambourg-sur-Indre,Rothau,
S001803,partir de chessy pour trélazé,TRIP,Chessy,Trélazé,
S006379,"je pars de stephansfeld, je passe par nice saint-augustin et j'arrive a vaux-sur-seine",TRIP,Stephansfeld,Vaux-sur-Seine,Nice Saint-Augustin
S002246,Prendre le train de Breil-sur-Roya a Les Cabannes,TRIP,Breil-sur-Roya,Les Cabannes,
S008182,Hello,NOT_TRIP,,,
S004218,je pars de herrlisheim pour aller a clichy - levallois,TRIP,Herrlisheim,Clichy - Levallois,
S008475,Bonsoir,NOT_TRIP,,,
S008311,Il fait beau aujourd'hui,NOT_TRIP,,,
S003565,comment aller de ailly-sur-somme a dordives ?,TRIP,Ailly-sur-Somme,Dordives,
S009115,Train from Paris to Bordeaux please,NOT_FRENCH,,,
S000805,De Saintes jusqu'a Reignac-sur-Indre,TRIP,Saintes,Reignac-sur-Indre,
S008397,Tu fais quoi,NOT_TRIP,,,
S005952,"Je pars de Naintré, je passe par Charbonnières-les-Bains et j'arrive a Faulquemont",TRIP,Naintré,Faulquemont,Charbonnières-les-Bains
S007349,Coucou,NOT_TRIP,,,
S002046,comment aller de apach a riom - chatel-guyon ?,TRIP,Apach,Riom - Châtel-Guyon,
S005478,Depuis Béna-Fanes jusqu'a Ogeu-les-Bains,TRIP,Béna-Fanes,Ogeu-les-Bains,
S000747,Je me eend a Le Liorann depuis Versailles Raive Droite,TRIP,Versailles Rive Droite,Le Lioran,
S007130,Tu fais quoi,NOT_TRIP,,,
S007162,Je veux aller,NOT_TRIP,,,
S006526,aller de yutz a mouy - bury avec un arret a saint-hilaire-sur-helpe,TRIP,Yutz,Mouy - Bury,Saint-Hilaire-sur-Helpe
S000199,Me rendre de Cessieu a Villenave-d'Ornon,TRIP,Cessieu,Villenave-d'Ornon,
S002992,Un billet de Bellignat a Mézidon-Canon,TRIP,Bellignat,Mézidon-Canon,
S003208,depuis reignier-ésery jusqu'a margival,TRIP,Reignier-Ésery,Margival,
S006107,de pompey a chanac via ruffec,TRIP,Pompey,Chanac,Ruffec
S008177,d'accord,NOT_TRIP,,,
S001179,Je me rends a Pont-de-l'Arche depuis Aubazines - Saint-Hilaire,TRIP,Aubazines - Saint-Hilaire,Pont-de-l'Arche,
S007024,Demain,NOT_TRIP,,,
S008233,Demain,NOT_TRIP,,,
S002494,je voudrais me rendre a fretin depuis pers,TRIP,Pers,Fretin,
S003075,Train de Mennecy a Avignon TGV,TRIP,Mennecy,Avignon TGV,
S004561,je souhaite aller de la bonneville-sur-iton a port-sainte-marie,TRIP,La Bonneville-sur-Iton,Port-Sainte-Marie,
S002608,ecole-valentin vers port-vendres,TRIP,École-Valentin,Port-Vendres,
S005142,Je dois aller de Givet a Saint-Martory demain,TRIP,Givet,Saint-Martory,
S005480,Depart Dompierre Sept Fons arrivee La Défense,TRIP,Dompierre Sept Fons,La Défense,
S002966,Partir de Zillisheim pour Dambach-la-Ville,TRIP,Zillisheim,Dambach-la-Ville,
S008035,aujourd'hui,NOT_TRIP,,,
S006162,Train de Chamelet a La Brigue passant par Meymac,TRIP,Chamelet,La Brigue,Meymac
S002725,Matzenheim - Pernes - Camblain,TRIP,Matzenheim,Pernes - Camblain,
S006321,De Vauvert a Liévin via Sillé-le-Guillaume,TRIP,Vauvert,Liévin,Sillé-le-Guillaume
S005940,Je voudrais me rendre a La Ferté-Milon depuis Prunay,TRIP,Prunay,La Ferté-Milon,
S002942,billet revin puget-ville,TRIP,Revin,Puget-Ville,
S005986,De Uzerche vers Maille avec correspondance a Bengy-sur-Craon,TRIP,Uzerche,Maillé,Bengy-sur-Craon
S004069,comment aller de lyon jean macé a lothiers ?,TRIP,Lyon Jean Macé,Lothiers,
S006790,train de courcy - brimont a la ferté-alais passant par la cave,TRIP,Courcy - Brimont,La Ferté-Alais,La Cave
S004181,voyager de iteuil vers hoerdt,TRIP,Iteuil,Hoerdt,
S009659,lorem ipsum,UNKNOWN,,,
S002462,Montferrand - Thoraise puis Albert,TRIP,Montferrand - Thoraise,Albert,
S000465,Partir de Lunas pour Le Croisic,TRIP,Lunas,Le Croisic,
S006537,De Reignac-sur-Indre vers Livry-sur-Seine avec correspondance a Montreuil sur Mer,TRIP,Reignac-sur-Indre,Livry-sur-Seine,Montreuil sur Mer
S006867,Orange puis Raismes puis Étival-Clairefontaine,TRIP,Orange,Étival-Clairefontaine,Raismes
S009348,Quiero ir de Paris a Lyon,NOT_FRENCH,,,
S009950,,UNKNOWN,,,
S000573,depart raves-ban-de-laveline arrivee chézy-sur-marne,TRIP,Raves-Ban-de-Laveline,Chézy-sur-Marne,
S002095,Je souhaite aller de Allenc a Salses-le-Chateau,TRIP,Allenc,Salses-le-Château,
S002068,est-ce qu'il y a un train de villaines-sous-bois a saint-bonnet-de-rochefort,TRIP,Villaines-sous-Bois,Saint-Bonnet-de-Rochefort,
S005975,Wattignies - Templemars Sept-Saulx via Remy,TRIP,Wattignies - Templemars,Sept-Saulx,Remy
S000168,partir de cransac pour gennevilliers,TRIP,Cransac,Gennevilliers,
S007726,Au revoir,NOT_TRIP,,,
S001222,Partir de Tressin vers Théoule-sur-Mer,TRIP,Tressin,Théoule-sur-Mer,
S002924,je vais de châlons-en-champagne a champagne-ardenne tgv,TRIP,Châlons-en-Champagne,Champagne-Ardenne TGV,
S009693,123456,UNKNOWN,,,
S007650,albert est mon cousin,NOT_TRIP,,,
S007667,Demain,NOT_TRIP,,,
S000357,ce soir je vais de domblans - voiteur a dieulouard,TRIP,Domblans - Voiteur,Dieulouard,
S001003,J'aumerqis un billet de Lapeyrouse a Aiosuerey,TRIP,Lapeyrouse,Aiserey,
S001916,Voyage de Pontrieux Halte a Sarreguemines,TRIP,Pontrieux Halte,Sarreguemines,
S004360,Je vais de Saint-Joseph le Castellas a Gargan,TRIP,Saint-Joseph le Castellas,Gargan,
S009574,test test test,UNKNOWN,,,
S007119,Mon ami Lyon va bien,NOT_TRIP,,,
S000890,partir de lafarge pour la hume,TRIP,Lafarge,La Hume,
S004920,Est-ce qu'il y a un train de Nanterre La Folie a Diemeringen,TRIP,Nanterre La Folie,Diemeringen,
S005709,Prendre le train de Lancerf a Maubeuge,TRIP,Lancerf,Maubeuge,
S004438,Quel train pour aller de Olonne-sur-Mer a Saint-Brieuc,TRIP,Olonne-sur-Mer,Saint-Brieuc,
S003025,Chantilly - Gouvieux vers Boutigny-sur-Essonne,TRIP,Chantilly - Gouvieux,Boutigny-sur-Essonne,
S003064,Depuis Suevres jusqu'a Gestel,TRIP,Suèvres,Gestel,
S000156,Rivesaltes Saint-Marcel,TRIP,Rivesaltes,Saint-Marcel,
S008807,I want to go from Paris to Lyon,NOT_FRENCH,,,
S005248,depuis grenoble jusqu'a rosheim,TRIP,Grenoble,Rosheim,
S001501,je voyage de pont-de-veyle a sorgues - châteauneuf-du-pape,TRIP,Pont-de-Veyle,Sorgues - Châteauneuf-du-Pape,
S002446,est-ce qu'il y a un train de quillan a verneuil-sur-avre,TRIP,Quillan,Verneuil-sur-Avre,
S001729,Voyager de Nurieux-Volognat vers La Fresnais,TRIP,Nurieux-Volognat,La Fresnais,
S002755,Un train de Herrlisheim-près-Colmar a Ranguin pour demain,TRIP,Herrlisheim-près-Colmar,Ranguin,
S002131,Depart de Bellenaves arrivee a Neufchâtel-Hardelot,TRIP,Bellenaves,Neufchâtel-Hardelot,
S005729,depart de nantiat arrivee a bischoffsheim,TRIP,Nantiat,Bischoffsheim,
S009131,Un biglietto per Marsiglia,NOT_FRENCH,,,
S001840,Je veux prendre le train de Pont-de-Buis a Kalhausen,TRIP,Pont-de-Buis,Kalhausen,
S003410,Labouheyre Quiberon,TRIP,Labouheyre,Quiberon,
S000797,quel train de tours a foix ?,TRIP,Tours,Foix,
S005666,Morhange direction Biache-Saint-Vaast,TRIP,Morhange,Biache-Saint-Vaast,
S004814,un train de maisse a seugy,TRIP,Maisse,Seugy,
S007750,il fait beau aujourd'hui,NOT_TRIP,,,
S001051,De Niederbronn-les-Bains a Saint-Martin du Touch,TRIP,Niederbronn-les-Bains,Saint-Martin du Touch,
S007686,Ok,NOT_TRIP,,,
S005578,"bonjour, je voudrais aller de saint-roch a lezoux",TRIP,Saint-Roch,Lezoux,
S000424,y a-t-il un train de obernai a valdahon camp militaire ?,TRIP,Obernai,Valdahon Camp Militaire,
S005227,Y a-t-il un train de Saint-Louis a Saint-Sulpice - Auteuil ?,TRIP,Saint-Louis,Saint-Sulpice - Auteuil,
S000487,Y a-t-il un train de Survilliers - Fosses a Marbache,TRIP,Survilliers - Fosses,Marbache,
S000799,Voyage de Le Bousquet-d'Orb a Fourqueux - Bel-Air,TRIP,Le Bousquet-d'Orb,Fourqueux - Bel-Air,
S004829,Partir de Aigrefeuille le Thou vers Molsheim,TRIP,Aigrefeuille le Thou,Molsheim,
S000857,Voyager de Saint-Agnan vers Mézidon-Canon,TRIP,Saint-Agnan,Mézidon-Canon,
S006670,Je veux passer par Fourchambault pour aller de Le Buet a Futuroscope,TRIP,Le Buet,Futuroscope,Fourchambault
S001397,Aller de Aixe-sur-Vienne a Ouges,TRIP,Aixe-sur-Vienne,Ouges,
S006826,Aller de Saint-Mathurin-sur-Loire a Saverne avec un arret a Lamotte-Beuvron,TRIP,Saint-Mathurin-sur-Loire,Saverne,Lamotte-Beuvron
S005567,Esg-ce qu'il y a un train de Plouiigneau z Montmédy,TRIP,Plouigneau,Montmédy,
S000612,J'aimerais un billet de Puteaux a Les Sables-d'Olonne,TRIP,Puteaux,Les Sables-d'Olonne,
S009293,Train from Paris to Bordeaux please,NOT_FRENCH,,,
S004969,de vigeois a angers saint-laud,TRIP,Vigeois,Angers Saint-Laud,
S005224,Je voudrais me rendre a Issoudun depuis Étréchy,TRIP,Étréchy,Issoudun,
S005447,Demain je pars de Latour-de-Carol - Enveitg pour Pontcharra - Saint-Forgeux,TRIP,Latour-de-Carol - Enveitg,Pontcharra - Saint-Forgeux,
S003396,J'aimerais un billet de La Barre Ormesson a Persan - Beaumont,TRIP,La Barre Ormesson,Persan - Beaumont,
S007710,Nice de te rencontrer,NOT_TRIP,,,
S004198,Je veux me rendre a Estavar en partant de Rungis La Fraternelle,TRIP,Rungis La Fraternelle,Estavar,
S003794,je pars de anthéor cap roux et je vais a bournezeau,TRIP,Anthéor Cap Roux,Bournezeau,
S000451,Ce soir je vais de Lezoux a Nangis,TRIP,Lezoux,Nangis,
S006106,aller de la bohalle a conlie avec un arret a villeparisis - mitry-le-neuf,TRIP,La Bohalle,Conlie,Villeparisis - Mitry-le-Neuf
S006799,Wingen-sur-Moder Coutras via Le Vert de Maisons,TRIP,Wingen-sur-Moder,Coutras,Le Vert de Maisons
S008761,Un biglietto per Marsiglia,NOT_FRENCH,,,
S001306,Comment aller de Maurois a Bénesse-Maremne ?,TRIP,Maurois,Bénesse-Maremne,
S009282,I want aller a Paris,NOT_FRENCH,,,
S004951,Aller de Thenon a Villiers-sur-Marne - Le Plessis-Trévise,TRIP,Thenon,Villiers-sur-Marne - Le Plessis-Trévise,
S004996,Depart Miribel arrivee Mommenheim,TRIP,Miribel,Mommenheim,
S005034,Depart de Les Sables-d'Olonne arrivee a Paris Gare du Nord,TRIP,Les Sables-d'Olonne,Paris Gare du Nord,
S004599,Je voudrais me rendre a Naucelle depuis Dol-de-Bretagne,TRIP,Dol-de-Bretagne,Naucelle,
S005865,Partir de Les Cabrils pour Mayet,TRIP,Les Cabrils,Mayet,
S007781,J'ai rencontre Marseille hier,NOT_TRIP,,,
S008882,Wie komme ich nach Bordeaux,NOT_FRENCH,,,
S004495,Est-ce qu'il y a un train de Saint-Chamond a Vendenheim,TRIP,Saint-Chamond,Vendenheim,
S007048,Albert est mon cousin,NOT_TRIP,,,
S003395,Je vais de Bagneaux-sur-Loing a Bétaille,TRIP,Bagneaux-sur-Loing,Bétaille,
S005876,Je voudrais prendre un train de Rombas - Clouange a Limoux,TRIP,Rombas - Clouange,Limoux,
S001891,Aller de Tourville-la-Rivière a Limeray,TRIP,Tourville-la-Rivière,Limeray,
S007754,Mon ami Lyon va bien,NOT_TRIP,,,
S006897,Aller de Saint-Laurent-de-la-Prée - Fouras a Champ de Mars Tour Eiffel avec un arret a Ambazac,TRIP,Saint-Laurent-de-la-Prée - Fouras,Champ de Mars Tour Eiffel,Ambazac
S007202,Qu'est-ce que tu peux faire,NOT_TRIP,,,
S000678,un billet de ozoir-la-ferrière a saint-ouen-l'aumône,TRIP,Ozoir-la-Ferrière,Saint-Ouen-l'Aumône,
S003299,gièvres puis châteauneuf-sur-cher,TRIP,Gièvres,Châteauneuf-sur-Cher,
S005681,vaas beaulieu-sur-mer,TRIP,Vaas,Beaulieu-sur-Mer,
S005012,Je vais de Saint-Louis a Sommery,TRIP,Saint-Louis,Sommery,
S000333,Un billet de Avignon TGV a Varennes-sur-Fouzon,TRIP,Avignon TGV,Varennes-sur-Fouzon,
S007663,nancy est ma soeur,NOT_TRIP,,,
S001463,Quel train pour aller de Chanac a Houlgate,TRIP,Chanac,Houlgate,
S004975,J'aimerais aller de Chezy-sur-Marne a Creteil Pompadour,TRIP,Chézy-sur-Marne,Créteil Pompadour,
S007838,d'accord,NOT_TRIP,,,
S001778,Quel train pojr aller de Serres a Beesançon Mouillère,TRIP,Serres,Besançon Mouillère,
S005274,Direction Feuquerolles au depart de Romorantin-Lanthenay,TRIP,Romorantin-Lanthenay,Feuquerolles,
S001280,je veux prendre le train de beaurainville a venerque - vernet,TRIP,Beaurainville,Venerque - Vernet,
S000324,de brest jusqu'a muizon,TRIP,Brest,Muizon,
S005232,Je me rends a Bruyères-sur-Oise depuis Carbonne,TRIP,Carbonne,Bruyères-sur-Oise,
S001260,un train de challans a jarrie - vizille,TRIP,Challans,Jarrie - Vizille,
S006410,je veux passer par hargicourt - pierrepont pour aller de arpajon a lauterbourg,TRIP,Arpajon,Lauterbourg,Hargicourt - Pierrepont
S005214,je souhaite aller de le grand jardin a luc,TRIP,Le Grand Jardin,Luc,
S000884,Me rendre de Saint-Erme-Outre-et-Ramecourt a Reims,TRIP,Saint-Erme-Outre-et-Ramecourt,Reims,
S007800,Genial,NOT_TRIP,,,
S000378,je souhaite aller de tanus a hatrize,TRIP,Tanus,Hatrize,
S003603,Je pars de Chanteloup-les-Vignes et je vais a Montreuil,TRIP,Chanteloup-les-Vignes,Montreuil,
S008832,What is the best route,NOT_FRENCH,,,
S007594,Comment ca marche,NOT_TRIP,,,
S000009,Direction Bantzenheim au ddepart de Épinay-sur-Seine T11,TRIP,Épinay-sur-Seine T11,Bantzenheim,
S008805,Un biglietto per Marsiglia,NOT_FRENCH,,,
S009775,a,UNKNOWN,,,
S001612,Je me reends a Nort-suor-Erdre depuis Conlie,TRIP,Conlie,Nort-sur-Erdre,
S002364,Quel train our aller de Saint-Agnnan a Dieppr,TRIP,Saint-Agnan,Dieppe,
S000576,Comment aller de Besancon Mouillere a Notre-Dame de Briancon,TRIP,Besançon Mouillère,Notre-Dame de Briançon,
S004933,Me rendre de Montataire a Dingé,TRIP,Montataire,Dingé,
S004752,Pont de Sallaumines - Acheres Ville,TRIP,Pont de Sallaumines,Achères Ville,
S007711,hey,NOT_TRIP,,,
S001521,J'aimerais aller de Les Abrets - Fitilieu a L'Arbresle,TRIP,Les Abrets - Fitilieu,L'Arbresle,
S001460,Me rendre de Beaumont-le-Roger a Gundershoffen,TRIP,Beaumont-le-Roger,Gundershoffen,
S002388,Direction Guichen - Bourg-des-Comptes au depart de Callac,TRIP,Callac,Guichen - Bourg-des-Comptes,
S007772,Comment ca marche,NOT_TRIP,,,
S006761,Champs - Saint-Bris Munchhausen via Montérolier - Buchy,TRIP,Champs - Saint-Bris,Munchhausen,Montérolier - Buchy
S007822,Je voudrais,NOT_TRIP,,,
S005324,Voyager de Le Genest-Saint-Isle vers Compans,TRIP,Le Genest-Saint-Isle,Compans,
S001973,Est-ce qu'il y a un train de Saint-Cyr-en-Val La Source a Auvers-sur-Oise,TRIP,Saint-Cyr-en-Val La Source,Auvers-sur-Oise,
S008288,help,NOT_TRIP,,,
S000859,De Kogenheim jusqu'a Freistroff,TRIP,Kogenheim,Freistroff,
S003104,demain je pars de voujeaucourt pour andorre – l’hospitalet,TRIP,Voujeaucourt,Andorre – l’Hospitalet,
S009294,I want aller a Paris,NOT_FRENCH,,,
S007068,Au revoir,NOT_TRIP,,,
S000974,Un train de Vanves - Malakoff a Montaigut-le-Blanc,TRIP,Vanves - Malakoff,Montaigut-le-Blanc,
S009850,qwerty,UNKNOWN,,,
S009082,Ich mochte von Paris nach Lyon fahren,NOT_FRENCH,,,
S007193,je veux aller,NOT_TRIP,,,
S004323,mauzé-sur-le-mignon - la valbonne,TRIP,Mauzé-sur-le-Mignon,La Valbonne,
S007522,demain,NOT_TRIP,,,
S002727,Je veux aller de Méricourt - Ribemont a La Madeleine,TRIP,Méricourt - Ribemont,La Madeleine,
S002107,Comment aller de Chepy-Valines a Chantenay-Saint-Imbert,TRIP,Chepy-Valines,Chantenay-Saint-Imbert,
S003754,Villefranche-sur-Mer vers Urmatt,TRIP,Villefranche-sur-Mer,Urmatt,
S003675,albigny Vendenheim,TRIP,Balbigny,Vendenheim,
S000581,Depuis Saint-Étienne-du-Roivray jusqu'a LLe Verdon-sur-Mer,TRIP,Saint-Étienne-du-Rouvray,Le Verdon-sur-Mer,
S004177,quel train pour aller de valmondois a longpré-les-corps-saints,TRIP,Valmondois,Longpré-les-Corps-Saints,
S002423,Quel train de Marignier a Naucelle ?,TRIP,Marignier,Naucelle,
S007540,Qu'est-ce que tu peux faire,NOT_TRIP,,,
S006878,Aller de Villefranche-sur-Mer a Brignac avec un arret a Vignols-St-Solve,TRIP,Villefranche-sur-Mer,Brignac,Vignols-St-Solve
S001340,Je veux aller de Marchezais - Broue a Paris Montparnasse,TRIP,Marchezais - Broué,Paris Montparnasse,
S003190,Boves direction Abbaretz,TRIP,Boves,Abbaretz,
S001581,depart pertuis arrivee abbaretz,TRIP,Pertuis,Abbaretz,
S006917,je voudrais aller de givet a templeuve en passant par marssac-sur-tarn,TRIP,Givet,Templeuve,Marssac-sur-Tarn
S003600,y a-t-il un train de thues carenca a illiers-combray,TRIP,Thuès Carença,Illiers-Combray,
S009232,Ich mochte von Paris nach Lyon fahren,NOT_FRENCH,,,
S003905,de la chaussée-saint-victor jusqu'a vierzon,TRIP,La Chaussée-Saint-Victor,Vierzon,
S001219,voyage de mohon a montherme,TRIP,Mohon,Monthermé,
S000330,partir de chaville - vélizy pour pont-à-vendin,TRIP,Chaville - Vélizy,Pont-à-Vendin,
S008718,Can you help me,NOT_FRENCH,,,
S003977,depart de moyeuvre-grande arrivee a caen,TRIP,Moyeuvre-Grande,Caen,
S004231,Je souhaite aller de Le Penity a La Suze-sur-Sarthe,TRIP,Le Pénity,La Suze-sur-Sarthe,
S001591,Je me rends a Saint-Étienne-du-Rouvray depuis Malansac,TRIP,Malansac,Saint-Étienne-du-Rouvray,
S007375,Ok,NOT_TRIP,,,
S007864,J'aime les trains,NOT_TRIP,,,
S000247,"S'il vous plait, un trajet de Lure a Bagnols - Chadenet",TRIP,Lure,Bagnols - Chadenet,
S009203,Quiero ir de Paris a Lyon,NOT_FRENCH,,,
S005919,Ce soir je vais de Hautmont a Coulanges-sur-Yonne,TRIP,Hautmont,Coulanges-sur-Yonne,
S003479,Je veux me rendre a Magland en partant de Boissise-le-Roi,TRIP,Boissise-le-Roi,Magland,
S006736,Train de Les Ardoines a Saint-Symphorien-de-Marmagne passant par Veigné,TRIP,Les Ardoines,Saint-Symphorien-de-Marmagne,Veigné
S005576,Un train de Montreuil-sur-Ille a Laissey,TRIP,Montreuil-sur-Ille,Laissey,
S003217,Je veux prendre le train de Surgères a Metz Nord,TRIP,Surgères,Metz Nord,
S007247,Arriver,NOT_TRIP,,,
S009565,!!!,UNKNOWN,,,
S003263,voyage de villefranche-sur-mer a aubigny-en-artois,TRIP,Villefranche-sur-Mer,Aubigny-en-Artois,
S005147,Quel train pour aller de Chalonnes-sur-Loire a Vignols-St-Solve,TRIP,Chalonnes-sur-Loire,Vignols-St-Solve,
S004485,depart saint-victor - thizy arrivee ranspach,TRIP,Saint-Victor - Thizy,Ranspach,
S009784,blablabla,UNKNOWN,,,
S007203,c'est trop cher,NOT_TRIP,,,
S009987,asdfghjkl,UNKNOWN,,,
S009084,What is the best route,NOT_FRENCH,,,
S005922,billet denain lutterbach (haut-rhin),TRIP,Denain,Lutterbach (Haut-Rhin),
S004554,"Bonjour, je voudrais aller de Boutigny-sur-Essonne a Saint-Clement - Laronxe",TRIP,Boutigny-sur-Essonne,Saint-Clément - Laronxe,
S001656,un train de orry-la-ville - coye a ars-sur-moselle pour demain,TRIP,Orry-la-Ville - Coye,Ars-sur-Moselle,
S005895,Comment aller de Breuillet - Bruyères-le-Châtel a Meaux ?,TRIP,Breuillet - Bruyères-le-Châtel,Meaux,
S004892,je voyage de éguzon-chantôme a sées,TRIP,Éguzon-Chantôme,Sées,
S009148,How do I get to Marseille,NOT_FRENCH,,,
S000211,Comment aller de Tessonnieres a Villefranche-sur-Mer,TRIP,Tessonnières,Villefranche-sur-Mer,
S006767,De Lamure-sur-Azergues a Saint-Joseph le Castelluas via Beilmant,TRIP,Lamure-sur-Azergues,Saint-Joseph le Castellas,Beillant
S002260,Me rende de Valleroy - Mineville a Montaudran,TRIP,Valleroy - Moineville,Montaudran,
S009918,!!!,UNKNOWN,,,
S003393,Je veux prendre le train de Erdre Active a Moret - Veneux-les-Sablons,TRIP,Erdre Active,Moret - Veneux-les-Sablons,
S008387,J'aime les trains,NOT_TRIP,,,
S006247,Je veux passer par Ludres pour aller de Longpré-les-Corps-Saints a Wacquemoulin,TRIP,Longpré-les-Corps-Saints,Wacquemoulin,Ludres
S008171,Help,NOT_TRIP,,,
S003018,Je voudrais prendre un train de Colmar a La Bastide - Saint-Laurent-les-Bains,TRIP,Colmar,La Bastide - Saint-Laurent-les-Bains,
S002663,Est-ce qu'il u a un train de Sallanches - Combloux - Megève a Coizon-au-Monti-d'Or,TRIP,Sallanches - Combloux - Megève,Couzon-au-Mont-d'Or,
S001560,je veux prendre le train de meulan - hardricourt a clion-sur-seugne,TRIP,Meulan - Hardricourt,Clion-sur-Seugne,
S006392,de villeneuve-la-comtesse a morre en passant par clisson,TRIP,Villeneuve-la-Comtesse,Morre,Clisson
S005774,Je voyage de Jeumont a Darsac,TRIP,Jeumont,Darsac,
S004259,un train de loos-en-gohelle a péreire - levallois pour demain,TRIP,Loos-en-Gohelle,Péreire - Levallois,
S009616,asdfghjkl,UNKNOWN,,,
S000434,Un train de Nozières - Brignon a L'Isle-sur-la-Sorgue - Fontaine-de-Vaucluse pour demain,TRIP,Nozières - Brignon,L'Isle-sur-la-Sorgue - Fontaine-de-Vaucluse,
S005911,Traion de enuton a Conches-en-Ouche,TRIP,Menton,Conches-en-Ouche,
S006595,Je veux passer par Oderen pour aller de Ogeu-les-Bains a Saint-Florentin - Vergigny,TRIP,Ogeu-les-Bains,Saint-Florentin - Vergigny,Oderen
S002572,Pourriez-vous me trouver un train de Agay a Steinbourg,TRIP,Agay,Steinbourg,
S007981,Je veux alller,NOT_TRIP,,,
S007504,Je voudrais,NOT_TRIP,,,
S005005,"Bonjour, je voudrais aller de Magneux - Courlandon a Villefranche - Vernet-les-Bains",TRIP,Magneux - Courlandon,Villefranche - Vernet-les-Bains,
S002084,Quel train de Feuquieres-Fressenneville a Bellac ?,TRIP,Feuquières-Fressenneville,Bellac,
S002239,couzon-au-mont-d'or vers avranches,TRIP,Couzon-au-Mont-d'Or,Avranches,
S002589,Je veux aller de Stade de France Saint-Denis a Calonne-Ricouart,TRIP,Stade de France Saint-Denis,Calonne-Ricouart,
S008009,Voyage,NOT_TRIP,,,
S000164,Quel train pour aller de Langogne a Pierrefitte - Stains,TRIP,Langogne,Pierrefitte - Stains,
S002937,je voudrais aller de caudry a acheres grand cormier,TRIP,Caudry,Achères Grand Cormier,
S007529,Au revoir,NOT_TRIP,,,
S002401,je vais a bourron-marlotte - grez depuis montreuil-sur-thérain,TRIP,Montreuil-sur-Thérain,Bourron-Marlotte - Grez,
S009804,,UNKNOWN,,,
S007524,Salut,NOT_TRIP,,,
S006178,anzeling puis le quesnoy puis paray-le-monial,TRIP,Anzeling,Paray-le-Monial,Le Quesnoy
S000027,sainte-cécile-d'andorge - morteau,TRIP,Sainte-Cécile-d'Andorge,Morteau,
S002110,je veux me rendre a montpaon en partant de varangéville - saint-nicolas,TRIP,Varangéville - Saint-Nicolas,Montpaon,
S005837,J'aimerais aller de Avenue du Président Kennedy Maison de Radio France a Machecoul,TRIP,Avenue du Président Kennedy Maison de Radio France,Machecoul,
S002988,depart hoenheim tram arrivee schwindratzheim,TRIP,Hoenheim Tram,Schwindratzheim,
S004670,j'aimerais un billet de rang-du-fliers - verton - berck a podensac,TRIP,Rang-du-Fliers - Verton - Berck,Podensac,
S005947,Partir de Thaon vers Sin-le-Noble,TRIP,Thaon,Sin-le-Noble,
S000559,je me rends a fegersheim - lipsheim depuis gan,TRIP,Gan,Fegersheim - Lipsheim,
S006683,Vieux-Thann puis Château-du-Loir puis Bretteville - Norrey,TRIP,Vieux-Thann,Bretteville - Norrey,Château-du-Loir
S009671,aaaaaaaa,UNKNOWN,,,
S006640,Aller de Oderen a Sens avec un arret a Villabé,TRIP,Oderen,Sens,Villabé
S002509,Je vais a Le Pouliguen depuis Château-Thierry,TRIP,Château-Thierry,Le Pouliguen,
S005997,Alldr de Beau Marais a Graffenstaden avec un arteg a Cannes La Boccca,TRIP,Beau Marais,Graffenstaden,Cannes La Bocca
S008617,How do I get to Marseille,NOT_FRENCH,,,
S008212,super,NOT_TRIP,,,
S007582,Nancy est ma soeur,NOT_TRIP,,,
S000325,quel train de phalempin a avignonet-lauragais ?,TRIP,Phalempin,Avignonet-Lauragais,
S007855,Je n'aime pas voyager,NOT_TRIP,,,
S005265,Je voyage de Noyal - Acigné a Chalonnes-sur-Loire,TRIP,Noyal - Acigné,Chalonnes-sur-Loire,
S004223,Je veux me rendre a Surdon en partant de Châteaubriant,TRIP,Châteaubriant,Surdon,
S005203,demain je pars de montgeron - crosne pour meulan - hardricourt,TRIP,Montgeron - Crosne,Meulan - Hardricourt,
S008726,Vorrei andare da Parigi a Lione,NOT_FRENCH,,,
S002960,je dois aller de la verrière a saint-sébastien demain,TRIP,La Verrière,Saint-Sébastien,
S008012,J'ai rencontre Marseille hier,NOT_TRIP,,,
S006765,Je voudrais aller de Mitry - Claye a Petit-Croix en passant par Trith-Saint-Léger,TRIP,Mitry - Claye,Petit-Croix,Trith-Saint-Léger
S000159,Direction Le Coudray-Montceaux au depart de Bressuire,TRIP,Bressuire,Le Coudray-Montceaux,
S008935,I want aller a Paris,NOT_FRENCH,,,
S002582,je voudrais prendre un train de les clairières de verneuil a saint-martin-de-crau,TRIP,Les Clairières de Verneuil,Saint-Martin-de-Crau,
S008082,coucou,NOT_TRIP,,,
S008325,Je n'aime pas voyager,NOT_TRIP,,,
S000165,depuis saint-rambert-en-bugey jusqu'a le bruel,TRIP,Saint-Rambert-en-Bugey,Le Bruel,
S008073,Au revoir,NOT_TRIP,,,
S002098,Voyage de Orangis Bois de l'Epine a Saint-Ouen-l'Aumone,TRIP,Orangis Bois de l'Épine,Saint-Ouen-l'Aumône,
S007547,Aujourd'hui,NOT_TRIP,,,
S002888,je dois aller de marcelcave a flaxlanden,TRIP,Marcelcave,Flaxlanden,
S007590,Bonjour,NOT_TRIP,,,
S004245,Direction Corgoloin au depart de Scherwiller,TRIP,Scherwiller,Corgoloin,
S002907,Pougues-les-Eaux Ambérieu-en-Bugey,TRIP,Pougues-les-Eaux,Ambérieu-en-Bugey,
S002033,Je dois aller de Quesnoy-sur-Deûle a Saint-Armel demain,TRIP,Quesnoy-sur-Deûle,Saint-Armel,
S005231,Direction Dijon Porte Neuve au depart de Essonnes Robinson,TRIP,Essonnes Robinson,Dijon Porte Neuve,
S007567,Un train,NOT_TRIP,,,
S003462,Je pars de Flaxlanden et je vais a Blainville - Damelevieres,TRIP,Flaxlanden,Blainville - Damelevières,
S000694,Je vais a Coucy-les-Eppes depuis Chateaubriant,TRIP,Châteaubriant,Coucy-lès-Eppes,
S000438,Depart Lyon Vaise arrivee Audun-le-Roman,TRIP,Lyon Vaise,Audun-le-Roman,
S004776,Partir de Saint-Vincent le Chateau pour Combs-la-Ville - Quincy,TRIP,Saint-Vincent le Château,Combs-la-Ville - Quincy,
S005795,Je voudrais alkeri de Heilles - Moouchy a Breuil - Romain,TRIP,Heilles - Mouchy,Breuil - Romain,
S009174,Vorrei andare da Parigi a Lione,NOT_FRENCH,,,
S009381,Como llego a Marsella,NOT_FRENCH,,,
S007249,troyes est un prenom original,NOT_TRIP,,,
S004584,j'aimerais un billet de brive-la-gaillarde a calais,TRIP,Brive-la-Gaillarde,Calais,
S000269,Commment allerr de Pontgouin a Habsheim,TRIP,Pontgouin,Habsheim,
S007449,La SNCF c'est pas mal,NOT_TRIP,,,
S000691,Je dois aluler de Farébersviller a Mayet,TRIP,Farébersviller,Mayet,
S005449,Je voudrais aller de Penthièvre a Kogenheim,TRIP,Penthièvre,Kogenheim,
S006554,"Je pars de L'Isle-Jourdain, je passe par Tracy - Sancerre et j'arrive a Mauzé-sur-le-Mignon",TRIP,L'Isle-Jourdain,Mauzé-sur-le-Mignon,Tracy - Sancerre
S000488,Les Bossons vers Villefranche-sur-Saône,TRIP,Les Bossons,Villefranche-sur-Saône,
S003388,Billett Étampes Ronchamp,TRIP,Étampes,Ronchamp,
S007387,nice de te rencontrer,NOT_TRIP,,,
S007296,Genial,NOT_TRIP,,,
S008102,Aujourd'hui,NOT_TRIP,,,
S002394,Je pars de Brou et je vais a Villetaneuse Université,TRIP,Brou,Villetaneuse Université,
S002789,billet gannat nevers le banlay,TRIP,Gannat,Nevers Le Banlay,
S003255,Je pars de Argeles-sur-Mer et je vais a Theoule-sur-Mer,TRIP,Argelès-sur-Mer,Théoule-sur-Mer,
S007879,Bonjour,NOT_TRIP,,,
S006835,De Cesson-Sévigné a Chenonceaux en passant par Laroche - Migennes,TRIP,Cesson-Sévigné,Chenonceaux,Laroche - Migennes
S001541,Je vais de Le Pont-de-Beauvoisin a Salbris,TRIP,Le Pont-de-Beauvoisin,Salbris,
S005864,depuis foix jusqu'a épernon,TRIP,Foix,Épernon,
S009767,,UNKNOWN,,,
S004020,Je veux aller de Lentilly Charpenay a Loison-souss-Lens,TRIP,Lentilly Charpenay,Loison-sous-Lens,
S005011,je pars de nice riquier pour aller a hendaye,TRIP,Nice Riquier,Hendaye,
S004225,direction pulligny-autrey au depart de carmaux,TRIP,Carmaux,Pulligny-Autrey,
S007271,Bonjour,NOT_TRIP,,,
S003423,je souhaite aller de laroche - migennes a cahors,TRIP,Laroche - Migennes,Cahors,
S005181,"S'il vous plait, un trajet de Chaulnes a Mulhouse",TRIP,Chaulnes,Mulhouse,
S008436,Arriver,NOT_TRIP,,,
S007770,Nancy est ma soeur,NOT_TRIP,,,
S004109,pourriez-vous me trouver un train de ermont halte a busseau sur creuse,TRIP,Ermont Halte,Busseau sur Creuse,
S001939,Prendre le train de Plancoët a Bergerac,TRIP,Plancoët,Bergerac,
S003381,Rœux puis Parsac - Gouzon,TRIP,Rœux,Parsac - Gouzon,
S008642,How do I get to Marseille,NOT_FRENCH,,,
S003862,Je pars de L'Isle-Jourdain et je vais a Loos-en-Gohelle,TRIP,L'Isle-Jourdain,Loos-en-Gohelle,
S009138,I need to travel tomorrow,NOT_FRENCH,,,
S008760,What is the best route,NOT_FRENCH,,,
S008101,A bientot,NOT_TRIP,,,
S004242,Je vais de Culoz a L'Argentière Les Écrins,TRIP,Culoz,L'Argentière Les Écrins,
S002539,me rendre de massy europe a beaucaire,TRIP,Massy Europe,Beaucaire,
S005208,j'aimerais aller de mundolsheim a pereire - levallois,TRIP,Mundolsheim,Péreire - Levallois,
S001910,Distroff puis Lapeyrouse,TRIP,Distroff,Lapeyrouse,
S001519,Y a-t-il un train de Champagne-sur-Seine a Remise à Jorelle ?,TRIP,Champagne-sur-Seine,Remise à Jorelle,
S005247,Y a-t-il un train de Achiet-le-Grand a Dijon ?,TRIP,Achiet-le-Grand,Dijon,
S002244,J'aimerais aller de Villars-les-Dombes a Champtocé-sur-Loire,TRIP,Villars-les-Dombes,Champtocé-sur-Loire,
S005269,Je voyage de Flaxlanden a Hesdin,TRIP,Flaxlanden,Hesdin,
S002770,Depart Vanves - Malakoff arrivee Objat,TRIP,Vanves - Malakoff,Objat,
S005608,train de ecouen - ezanville a dardilly les mouilles,TRIP,Écouen - Ézanville,Dardilly Les Mouilles,
S007279,nice de te rencontrer,NOT_TRIP,,,
S007596,Help,NOT_TRIP,,,
S000356,Est-ce qu'il y a un train de Bas - Monistrol-sur-Loire a Moûtiers - Salins - Brides-les-Bains,TRIP,Bas - Monistrol-sur-Loire,Moûtiers - Salins - Brides-les-Bains,
S001852,Pourriez-vous me trouver un train de Vias a Conflans - Jarny,TRIP,Vias,Conflans - Jarny,
S005754,Un billet de La Borne Blanche a La Ferté-Alais,TRIP,La Borne Blanche,La Ferté-Alais,
S000084,lingolsheim puis epernay,TRIP,Lingolsheim,Épernay,
S003890,"S'il vous plait, un trajet de Mourmelon-le-Petit a Dissay",TRIP,Mourmelon-le-Petit,Dissay,
S000212,Ce soir je vais de Montauban Ville Bourbon a Saales,TRIP,Montauban Ville Bourbon,Saales,
S001693,Un train de Les Pelerins a Colmar,TRIP,Les Pélerins,Colmar,
S000196,Je voudrais aller de Ruminghem a Gardonne,TRIP,Ruminghem,Gardonne,
S006966,je veux passer par saint-bonnet-de-rochefort pour aller de toulon sainte-musse a louroux-de-bouble,TRIP,Toulon Sainte-Musse,Louroux-de-Bouble,Saint-Bonnet-de-Rochefort
S002398,"S'il vous plait, un trajet de Maille a Cuinchy",TRIP,Maillé,Cuinchy,
S001243,depart de lisieux arrivee a ormoy-villers,TRIP,Lisieux,Ormoy-Villers,
S001657,neuvy-pailloux direction les tines,TRIP,Neuvy-Pailloux,Les Tines,
S000233,Quel train de Sept-Saulx a Meung-sur-Loire ?,TRIP,Sept-Saulx,Meung-sur-Loire,
S002717,Direction Saint-Hilaire - Brizambourg au depart de Polliat,TRIP,Polliat,Saint-Hilaire - Brizambourg,
S006435,De Vieilleville a Conflans-Sainte-Honorine via Bougival,TRIP,Vieilleville,Conflans-Sainte-Honorine,Bougival
S002205,Un train de Naintré a Saint-Jean-de-Losne,TRIP,Naintré,Saint-Jean-de-Losne,
S001820,je dois aller de aubigny-au-bac a cernay (val-d'oise),TRIP,Aubigny-au-Bac,Cernay (Val-d'Oise),
S009609,asdfghjkl,UNKNOWN,,,
S006460,Train de Gourland a Lunéville passant par Vosves,TRIP,Gourland,Lunéville,Vosves
S000125,depart de saint-martory arrivee a toulon,TRIP,Saint-Martory,Toulon,
S007990,Hello,NOT_TRIP,,,
S008161,Tu fais quoi,NOT_TRIP,,,
S005145,"s'il vous plait, un trajet de thomery a schweighouse-sur-moder",TRIP,Thomery,Schweighouse-sur-Moder,
S002869,Commznt aller de Ebersheim a Many - Blandqinville,TRIP,Ebersheim,Magny - Blandainville,
S008865,What is the best route,NOT_FRENCH,,,
S004992,de pompey jusqu'a petit vaux,TRIP,Pompey,Petit Vaux,
S005927,thesee puis champtoce-sur-loire,TRIP,Thésée,Champtocé-sur-Loire,
S005245,de marseille blancarde jusqu'a caudéran mérignac,TRIP,Marseille Blancarde,Caudéran Mérignac,
S007161,super,NOT_TRIP,,,
S005121,Depart de Grignny le Sablon arrivee a Lutterbach-Tram-Train,TRIP,Grigny le Sablon,Lutterbach-Tram-Train,
S004567,trappes puis corps-nuds,TRIP,Trappes,Corps-Nuds,
S002679,"S'il vous plait, un trajet de Lannion a Igney",TRIP,Lannion,Igney,
S003258,Voyager de Laon vers Mont-Dauphin - Guillestre,TRIP,Laon,Mont-Dauphin - Guillestre,
S008041,Mon ami Lyon va bien,NOT_TRIP,,,
S004412,De Beellegarde-sir-Valserine a Saint-Jean-d'Angély,TRIP,Bellegarde-sur-Valserine,Saint-Jean-d'Angély,
S001253,quel train pour aller de colombes a bourbourg,TRIP,Colombes,Bourbourg,
S001691,Je voudrais prendre un train de Lancey s Les Portes de Saint-Cyr,TRIP,Lancey,Les Portes de Saint-Cyr,
S006568,Aller de Bois-d'Oingt - Legny a Mouans-Sartoux avec un arret a Villenave-d'Ornon,TRIP,Bois-d'Oingt - Légny,Mouans-Sartoux,Villenave-d'Ornon
S004289,"Bonjour, je voudrais aller de Lunel-Viel a Malause",TRIP,Lunel-Viel,Malause,
S000518,Train e L'Isle-d'Abeau a Oornicjet,TRIP,L'Isle-d'Abeau,Pornichet,
S005475,je vais a saint-cesaire depuis bouray,TRIP,Bouray,Saint-Césaire,
S005866,billet walheim castelnau-d'estretefonds,TRIP,Walheim,Castelnau-d'Estrétefonds,
S008070,Troyes est un prenom original,NOT_TRIP,,,
S006355,Je veux passer par Aubigny-en-Artois pour aller de Montaignac-St-Hippolyte a Wilwisheim,TRIP,Montaignac-St-Hippolyte,Wilwisheim,Aubigny-en-Artois
S000363,comment aller de vergèze - codognan a groisy - thorens-glières ?,TRIP,Vergèze - Codognan,Groisy - Thorens-Glières,
S006951,je voudrais aller de chemille-en-anjou a foecy en passant par mitry - claye,TRIP,Chemillé-en-Anjou,Foëcy,Mitry - Claye
S007061,Coucou,NOT_TRIP,,,
S009300,Quiero ir de Paris a Lyon,NOT_FRENCH,,,
S002249,Je vais de Vieux-Thann Zone Industrielle a Laroche - Migennes,TRIP,Vieux-Thann Zone Industrielle,Laroche - Migennes,
S005402,Train de Formerie a Cercy-la-Tour,TRIP,Formerie,Cercy-la-Tour,
S002875,Comment aller de Brax - Léguevin a Feuquières - Broquiers ?,TRIP,Brax - Léguevin,Feuquières - Broquiers,
S009005,Quiero ir de Paris a Lyon,NOT_FRENCH,,,
S005155,Rosult - Montreuil-sur-Ille,TRIP,Rosult,Montreuil-sur-Ille,
S002242,je vais a elbeuf - saint-aubin depuis la rochelle,TRIP,La Rochelle,Elbeuf - Saint-Aubin,
S009989,...,UNKNOWN,,,
S005765,de laon jusqu'a chabenet,TRIP,Laon,Chabenet,
S006481,de objat a le mee-sur-seine via eu,TRIP,Objat,Le Mée-sur-Seine,Eu
S009570,a,UNKNOWN,,,
S006622,Aller de Landrecies a Vireux-Molhain avec un arret a Montluçon Rimard,TRIP,Landrecies,Vireux-Molhain,Montluçon Rimard
S000097,ceilhes - roqueredonde - ascq,TRIP,Ceilhes - Roqueredonde,Ascq,
S008572,What is the best route,NOT_FRENCH,,,
S000350,j'aimerais un billet de les pelerins a ustaritz jatxou,TRIP,Les Pélerins,Ustaritz Jatxou,
S002338,Quel train pour aller de Bergerac a Chartrettes,TRIP,Bergerac,Chartrettes,
S005237,Prendre le train de Naucelle a Montlaur,TRIP,Naucelle,Montlaur,
S004286,depart ponthierry - pringy arrivee decize,TRIP,Ponthierry - Pringy,Decize,
S001330,billet courthézon tarascon-sur-ariège,TRIP,Courthézon,Tarascon-sur-Ariège,
S003661,Prendre le train de La Ferté-Saint-Aubin a Le Molay-Littry,TRIP,La Ferté-Saint-Aubin,Le Molay-Littry,
S008944,How do I get to Marseille,NOT_FRENCH,,,
S000469,J'aeimerais un billet de La Jonchère-Sainti-Maurice a Fenpuillet-St-Alban,TRIP,La Jonchère-Saint-Maurice,Fenouillet-St-Alban,
S003847,"Bonjour, je voudrais aller de La Ciotat - Ceyreste a Najac",TRIP,La Ciotat - Ceyreste,Najac,
S008765,Ich mochte von Paris nach Lyon fahren,NOT_FRENCH,,,
S005798,Direectioen Zmbéarieu-en-Bugey au depart de Marmagne sous Creusot,TRIP,Marmagne sous Creusot,Ambérieu-en-Bugey,
S002232,Pornichet - Pernes - Camblain,TRIP,Pornichet,Pernes - Camblain,
S006565,Je voudrais aller de Schweighouse-sur-Moder a Le Teich en passant par Échirolles,TRIP,Schweighouse-sur-Moder,Le Teich,Échirolles
S005711,Je vais de Hesdihneul-lès-Boulogne a Ancy-sur-Moselle,TRIP,Hesdigneul-lès-Boulogne,Ancy-sur-Moselle,
S006029,de penne-d'agenais vers clion-sur-seugne avec correspondance a grandvillars,TRIP,Penne-d'Agenais,Clion-sur-Seugne,Grandvillars
S002998,Je veux me rendre a Villeneuve-lès-Maguelone en partant de Saint-Dizier,TRIP,Saint-Dizier,Villeneuve-lès-Maguelone,
S007340,d'accord,NOT_TRIP,,,
S004105,"bonjour, je voudrais aller de montceau-les-mines a caulnes",TRIP,Montceau-les-Mines,Caulnes,
S005683,Je dois aller de Baraqueville Carcenac Peyrales a Chamelet demain,TRIP,Baraqueville Carcenac Peyralès,Chamelet,
S007244,Au revoir,NOT_TRIP,,,
S006079,de chartrettes vers ay avec correspondance a meru,TRIP,Chartrettes,Ay,Méru
S002699,partir de cousance vers cattenières,TRIP,Cousance,Cattenières,
S000994,Voyage de Longueil-Sainte-Marie a Morez,TRIP,Longueil-Sainte-Marie,Morez,
S003164,Un billet de Évry Val de Seine a Mareil-sur-Mauldre,TRIP,Évry Val de Seine,Mareil-sur-Mauldre,
S003921,Pourriez-vous mme trouver un train de Porets a Cazres,TRIP,Portets,Cazères,
S007169,Bonsoir,NOT_TRIP,,,
S000835,je dois aller de pontgouin a malansac,TRIP,Pontgouin,Malansac,
S001652,Depart Hargicourt - Pierrepont arrivee Saint-Nazaire,TRIP,Hargicourt - Pierrepont,Saint-Nazaire,
S005662,Je dois aller de Lyon Perrache a La Valbonne,TRIP,Lyon Perrache,La Valbonne,
S008033,Genial,NOT_TRIP,,,
S009449,How do I get to Marseille,NOT_FRENCH,,,
S009740,asdfghjkl,UNKNOWN,,,
S003526,Comment aller de Montluçon a L'Isle-sur-la-Sorgue - Fontaine-de-Vaucluse,TRIP,Montluçon,L'Isle-sur-la-Sorgue - Fontaine-de-Vaucluse,
S006026,saint-hilaire - saint-nazaire puis nogent-sur-vernisson puis saint-étienne châteaucreux,TRIP,Saint-Hilaire - Saint-Nazaire,Saint-Étienne Châteaucreux,Nogent-sur-Vernisson
S004046,je veux prendre le train de bellegarde-sur-valserine a verzeille,TRIP,Bellegarde-sur-Valserine,Verzeille,
S001404,Je voudrais prendre un train de Aspres-sur-Buech a Le Quesnoy,TRIP,Aspres-sur-Buëch,Le Quesnoy,
S004665,y a-t-il un train de vauxaillon a émerainville - pontault-combault,TRIP,Vauxaillon,Émerainville - Pontault-Combault,
S002793,"Bonjour, je voudrais aller de L'Isle-sur-le-Doubs a Woippy",TRIP,L'Isle-sur-le-Doubs,Woippy,
S003159,direction saint-vincent-de-tyrosse au depart de drefféac,TRIP,Drefféac,Saint-Vincent-de-Tyrosse,
S001792,quel train pour aller de saint-andre-lez-lille a longuyon,TRIP,Saint-André-lez-Lille,Longuyon,
S009134,I want to go from Paris to Lyon,NOT_FRENCH,,,
S002403,Duepart Pontchailkou arrivee Laon,TRIP,Pontchaillou,Laon,
S004279,je vais a la forest-landerneau depuis fons - saint-mamert,TRIP,Fons - Saint-Mamert,La Forest-Landerneau,
S001955,prendre le train de bléré - la croix a appilly,TRIP,Bléré - La Croix,Appilly,
S005460,Ce soir je vais de Varilhes a Beynost,TRIP,Varilhes,Beynost,
S006566,De Le Bras de Fer a Bernay via Buire-sur-l'Ancre,TRIP,Le Bras de Fer,Bernay,Buire-sur-l'Ancre
S003698,J'aimerais aller de Clisson a Chamonix Aiguille du Midi,TRIP,Clisson,Chamonix Aiguille du Midi,
S005368,Je dois aller de Die a Marsac-sur-L'isle,TRIP,Die,Marsac-sur-L'isle,
S007171,qu'est-ce que tu peux faire,NOT_TRIP,,,
S003537,je vais de rosheim a le creusot,TRIP,Rosheim,Le Creusot,
S002361,Je dois aller de Eze a Bretoncelles,TRIP,Èze,Bretoncelles,
S008204,C'est trop cher,NOT_TRIP,,,
S004547,je vais a hombourg-haut depuis vivoin - beaumont,TRIP,Vivoin - Beaumont,Hombourg-Haut,
S001550,Depuiss Broons jusqu'a Combs-la-Ville - QQuincy,TRIP,Broons,Combs-la-Ville - Quincy,
S005707,Est-ce qu'il y a un train de Couzon-au-Mont-d'Or a Dardilly Les Mouilles,TRIP,Couzon-au-Mont-d'Or,Dardilly Les Mouilles,
S005989,De Mâcon Loché TGV a Beynes en passant par Chasse-sur-Rhône,TRIP,Mâcon Loché TGV,Beynes,Chasse-sur-Rhône
S005161,comment aller de neussargues a le bourget,TRIP,Neussargues,Le Bourget,
S009926,aaaaaaaa,UNKNOWN,,,
S002784,je pars de nuits-saint-georges et je vais a valdahon camp militaire,TRIP,Nuits-Saint-Georges,Valdahon Camp Militaire,
S000980,Y a-t-il un train de Chanteloup-les-Vignes a Noyon ?,TRIP,Chanteloup-les-Vignes,Noyon,
S005131,Je voyage de Champbenoist - Poigny a Virieu sur Bourbre,TRIP,Champbenoist - Poigny,Virieu sur Bourbre,
S009290,Ich mochte von Paris nach Lyon fahren,NOT_FRENCH,,,
S005624,je vais de mamirolle a les saules,TRIP,Mamirolle,Les Saules,
S006037,Train de Eguzon-Chantome a Asnieres-sur-Seine passant par L'Isle-sur-le-Doubs,TRIP,Éguzon-Chantôme,Asnières-sur-Seine,L'Isle-sur-le-Doubs
S002834,Je dois aller de Druye a Saint-Armel,TRIP,Druye,Saint-Armel,
S008124,Mon ami Lyon va bien,NOT_TRIP,,,
S004981,Je pars de Nançois - Tronville et je vais a Boulogne-sur-Mer,TRIP,Nançois - Tronville,Boulogne-sur-Mer,
S006305,Pernes - Camblakn Orry-la-Ville - Coye via Cjissay-en-Touraine,TRIP,Pernes - Camblain,Orry-la-Ville - Coye,Chissay-en-Touraine
S001359,y a-t-il un train de isles - armentières - congis a colmar saint-joseph,TRIP,Isles - Armentières - Congis,Colmar Saint-Joseph,
S003567,me rendre de saint-flour - chaudes-aigues a couilly - saint-germain - quincy,TRIP,Saint-Flour - Chaudes-Aigues,Couilly - Saint-Germain - Quincy,
S005686,pourriez-vous me trouver un train de saint-pierre-de-chignac a saint-gilles-croix-de-vie,TRIP,Saint-Pierre-de-Chignac,Saint-Gilles-Croix-de-Vie,
S006187,De Beslé a Chessy via L'Argentière Les Écrins,TRIP,Beslé,Chessy,L'Argentière Les Écrins
S000947,Je pars de Saint-Romain-de-Popey pour aller a Ormoy-Villers,TRIP,Saint-Romain-de-Popey,Ormoy-Villers,
S002086,y a-t-il un train de maurecourt a thaon ?,TRIP,Maurecourt,Thaon,
S009228,I would like a train ticket,NOT_FRENCH,,,
S001662,ce soir je vais de lens a bourg-bruche,TRIP,Lens,Bourg-Bruche,
S001871,Un billet de Saint-Omer-en-Chaussée a Champigneulles,TRIP,Saint-Omer-en-Chaussée,Champigneulles,
S004818,je pars de herny et je vais a severac-d'aveyron,TRIP,Herny,Sévérac-d'Aveyron,
S003043,un billet de langres a porchefontaine,TRIP,Langres,Porchefontaine,
S008586,Un billete de tren por favor,NOT_FRENCH,,,
S003674,j'aimerais un billet de saint-jean-de-losne a corbigny,TRIP,Saint-Jean-de-Losne,Corbigny,
S008356,bonsoir,NOT_TRIP,,,
S006594,Train de Évreux Normandie a Le Bouscat - Saint-Germaine passant par Viviez - Decazeville,TRIP,Évreux Normandie,Le Bouscat - Saint-Germaine,Viviez - Decazeville
S008868,Vorrei andare da Parigi a Lione,NOT_FRENCH,,,
S008247,j'ai rencontre marseille hier,NOT_TRIP,,,
S008574,Can you help me,NOT_FRENCH,,,
S003009,Un train de Willer-sur-Thur a Staffelfelden,TRIP,Willer-sur-Thur,Staffelfelden,
S000260,Je pars de Cap-d'Ail et je vais a Luttenbach-près-Munster,TRIP,Cap-d'Ail,Luttenbach-près-Munster,
S002676,Aller de Thiviers a Machilly,TRIP,Thiviers,Machilly,
S001113,Je voudrais prendre un train de Les Ardoines a Vigeois,TRIP,Les Ardoines,Vigeois,
S002108,Train de St-Dalmas-de-Tende a Amberieu-en-Bugey,TRIP,St-Dalmas-de-Tende,Ambérieu-en-Bugey,
S005119,Je pars de Nuuits sous Ravières et je vais a Auvers-sur-Oise,TRIP,Nuits sous Ravières,Auvers-sur-Oise,
S003577,comment aller de château-renault a baraqueville carcenac peyralès ?,TRIP,Château-Renault,Baraqueville Carcenac Peyralès,
S009501,blablabla,UNKNOWN,,,
S006109,De Avrdchy a Valleroy - Moineville en passant paf Nogent-suf-Vernisson,TRIP,Avrechy,Valleroy - Moineville,Nogent-sur-Vernisson
S009368,Can you help me,NOT_FRENCH,,,
S002307,Demain je pars de Pierre-Buffière pour Saint-Armel,TRIP,Pierre-Buffière,Saint-Armel,
S009536,lorem ipsum,UNKNOWN,,,
S000649,Aller de Les Laumes Alésia a Châtillon d'Azergues,TRIP,Les Laumes Alésia,Châtillon d'Azergues,
S004989,partir de marles-en-brie vers bagneaux-sur-loing,TRIP,Marles-en-Brie,Bagneaux-sur-Loing,
S006302,Je voudrais aller de Chevrieres a Saint-Andre-de-Cubzac en passant par Perpignan,TRIP,Chevrières,Saint-André-de-Cubzac,Perpignan
S008254,hello,NOT_TRIP,,,
S008840,Ich mochte von Paris nach Lyon fahren,NOT_FRENCH,,,
S007638,Il fait beau aujourd'hui,NOT_TRIP,,,
S001401,direction labruguiere au depart de castelnau-d'estretefonds,TRIP,Castelnau-d'Estrétefonds,Labruguière,
S003343,Train de Brignac a Ancy-sur-Moselle,TRIP,Brignac,Ancy-sur-Moselle,
S006510,De Villeneuve-Saint-Georges a Rognac en passant par Cosne-Cours-sur-Loire,TRIP,Villeneuve-Saint-Georges,Rognac,Cosne-Cours-sur-Loire
S000167,châteaubriant bédarrides,TRIP,Châteaubriant,Bédarrides,
S009423,I want aller a Paris,NOT_FRENCH,,,
S006955,"je pars de saint-roch, je passe par crépieux la pape et j'arrive a étainhus - saint-romain",TRIP,Saint-Roch,Étainhus - Saint-Romain,Crépieux la Pape
S009876,lorem ipsum,UNKNOWN,,,
S005384,Je pars de Pierre-Buffière et je vais a Saint-Hilaire-sur-Helpe,TRIP,Pierre-Buffière,Saint-Hilaire-sur-Helpe,
S005648,Quel train de Chamelet a Dijon Porte Neuve ?,TRIP,Chamelet,Dijon Porte Neuve,
S002451,Je veux me rendre a Elne en partant de Xeuilley,TRIP,Xeuilley,Elne,
S008879,Ein Zug nach Marseille bitte,NOT_FRENCH,,,
S004228,Comment zller de Lentilly a Baisieux,TRIP,Lentilly,Baisieux,
S004544,Quel train de Lorient Bretagne Sud a Ludon-Médoc ?,TRIP,Lorient Bretagne Sud,Ludon-Médoc,
S005921,Je voudrais prendre un train de Raedersheim a La Fontaine,TRIP,Raedersheim,La Fontaine,
S001883,Je veux aller de Guichen - Bourg-des-Comptes a Montauban Ville Bourbon,TRIP,Guichen - Bourg-des-Comptes,Montauban Ville Bourbon,
S009456,Como llego a Marsella,NOT_FRENCH,,,
S007577,c'est quoi ce service,NOT_TRIP,,,
S007747,Bonjour,NOT_TRIP,,,
S003672,Je pars de Sainte-Foy-la-Grande pour aller a Lisle-sur-Tarn,TRIP,Sainte-Foy-la-Grande,Lisle-sur-Tarn,
S003543,Je voudrais me rendre a Dinain depuis Sénas,TRIP,Sénas,Dinan,
S007632,mon ami lyon va bien,NOT_TRIP,,,
S006969,De Bollwiler vers Olonne-sur-Mer avec correspondancz a Saint-Florent-sur-Cher,TRIP,Bollwiller,Olonne-sur-Mer,Saint-Florent-sur-Cher
S005485,marsac-sur-l'isle - machilly,TRIP,Marsac-sur-L'isle,Machilly,
S002416,He vaisu de Villers-Cltterêtz a euil - Montmagny,TRIP,Villers-Cotterêts,Deuil - Montmagny,
S009789,blablabla,UNKNOWN,,,
S008138,Qu'est-ce que tu peux faire,NOT_TRIP,,,
S002929,Y a-t-il un train de Virieu sur Bourbre a La Poterie,TRIP,Virieu sur Bourbre,La Poterie,
S006946,De Saint-Savinien a Villepreux - Les Clayes en passant par Saulxures,TRIP,Saint-Savinien,Villepreux - Les Clayes,Saulxures
S002577,"s'il vous plait, un trajet de saint-cyprien a voiron",TRIP,Saint-Cyprien,Voiron,
S002201,je voudrais aller de montereau a bords,TRIP,Montereau,Bords,
S001084,Je souhaite aller de Pleyber-Christ a Labouheyre,TRIP,Pleyber-Christ,Labouheyre,
S007157,Merci,NOT_TRIP,,,
S009644,blablabla,UNKNOWN,,,
S000327,Je pars de Herrlisheim et je vais a Les Trillers,TRIP,Herrlisheim,Les Trillers,
S003648,Voyager de Les Tines vers Val de Fontenay,TRIP,Les Tines,Val de Fontenay,
S006854,de saint-léger-sur-dheune a fourchambault via coulanges-sur-yonne,TRIP,Saint-Léger-sur-Dheune,Fourchambault,Coulanges-sur-Yonne
S006804,Aller de Le Bousquet-d'Orb a Lamanon avec un arret a Gros Noyer Saint-Prix,TRIP,Le Bousquet-d'Orb,Lamanon,Gros Noyer Saint-Prix
S001474,quel train pour aller de baillargues a bedous,TRIP,Baillargues,Bedous,
S008334,c'est quoi ce service,NOT_TRIP,,,
S007886,Partir,NOT_TRIP,,,
S009814,asdfghjkl,UNKNOWN,,,
S007870,super,NOT_TRIP,,,
S007910,C'est trop cher,NOT_TRIP,,,
S003745,Arleux puis Saint-Pierre-d'Albigny,TRIP,Arleux,Saint-Pierre-d'Albigny,
S004273,aller de varennes-sur-allier a riedseltz,TRIP,Varennes-sur-Allier,Riedseltz,
S000866,Je veux me rendre a Égletons en partant de Aillevillers,TRIP,Aillevillers,Égletons,
S005395,Y a-t-il un train de Wilwisheim a Pouzauges ?,TRIP,Wilwisheim,Pouzauges,
S003452,de villers-cotterets jusqu'a angers saint-laud,TRIP,Villers-Cotterêts,Angers Saint-Laud,
S005104,Aller de Les Yvris Noisy-le-Grand a Le Puy-en-Velay,TRIP,Les Yvris Noisy-le-Grand,Le Puy-en-Velay,
S004454,je dois aller de corcy a château-arnoux-saint-auban,TRIP,Corcy,Château-Arnoux-Saint-Auban,
S007581,Les trains sont souvent en retard,NOT_TRIP,,,
S006872,chamousset trie-chateau via saint-aulaire,TRIP,Chamousset,Trie-Château,Saint-Aulaire
S009022,Ich mochte von Paris nach Lyon fahren,NOT_FRENCH,,,
S002460,partir de sessenheim pour montauban ville bourbon,TRIP,Sessenheim,Montauban Ville Bourbon,
S008112,Comment ca marche,NOT_TRIP,,,
S003186,depart coutras arrivee laguepie,TRIP,Coutras,Laguépie,
S003866,est-ce qu'il y a un train de moirans la galifette a saint-gilles-croix-de-vie,TRIP,Moirans La Galifette,Saint-Gilles-Croix-de-Vie,
S002650,est-ce qu'il y a un train de dormans a trentels-ladignac,TRIP,Dormans,Trentels-Ladignac,
S004678,Ce soir je vais de Grigny Centre a Hagondange,TRIP,Grigny Centre,Hagondange,
S008215,J'ai rencontre Marseille hier,NOT_TRIP,,,
S003642,Comment aller de Chouzy-sur-Cisse a Pernes - Camblain ?,TRIP,Chouzy-sur-Cisse,Pernes - Camblain,
S006343,Sierck-les-Bains Bournezeau via Gevrey-Chambertin,TRIP,Sierck-les-Bains,Bournezeau,Gevrey-Chambertin
S002192,Est-ce qu'il y a un train de Saint-André-de-Corcy a Avignon TGV,TRIP,Saint-André-de-Corcy,Avignon TGV,
S002600,Un train de Pont-Saint-Esprit a Tarbes,TRIP,Pont-Saint-Esprit,Tarbes,
S001347,demain je pars de noyen-sur-sarthe pour ceilhes - roqueredonde,TRIP,Noyen-sur-Sarthe,Ceilhes - Roqueredonde,
S002182,y a-t-il un train de turenne a breteil,TRIP,Turenne,Breteil,
S001269,Le Pont-de-Beauvoisin Mehun-sur-Yevre,TRIP,Le Pont-de-Beauvoisin,Mehun-sur-Yèvre,
S006601,De Picon Busserine vers Haguenau avec correspondance a Saint-Brieuc,TRIP,Picon Busserine,Haguenau,Saint-Brieuc
S002036,depart sérifontaine arrivee thann,TRIP,Sérifontaine,Thann,
S008328,Help,NOT_TRIP,,,
S009583,test test test,UNKNOWN,,,
S004669,Je pars de Heilly pour aller a Sainte-Lizaigne,TRIP,Heilly,Sainte-Lizaigne,
S002943,quel train de mullerhof a lamballe ?,TRIP,Mullerhof,Lamballe,
S009025,I want to go from Paris to Lyon,NOT_FRENCH,,,
S007562,nice de te rencontrer,NOT_TRIP,,,
S002923,Quel tran pour aller de Paris gar de Lyon a Voves,TRIP,Paris Gare de Lyon,Voves,
S003080,Est-ce qu'il y a un train de Huriel a Vélines,TRIP,Huriel,Vélines,
S003928,Y a-t-il un train de Montélimar a Ancy-sur-Moselle,TRIP,Montélimar,Ancy-sur-Moselle,
S009369,Book a ticket for me,NOT_FRENCH,,,
S008159,ok,NOT_TRIP,,,
S005193,Aller de Gourdon a Nogent-sur-Vernisson,TRIP,Gourdon,Nogent-sur-Vernisson,
S009966,qwerty,UNKNOWN,,,
S000739,Ce soir je vais de Rolleville a Chocques,TRIP,Rolleville,Chocques,
S006863,je voudrais aller de vienne a mont-sur-meurthe en passant par avranches,TRIP,Vienne,Mont-sur-Meurthe,Avranches
S007267,d'accord,NOT_TRIP,,,
S005336,Auonne vers Arengosse,TRIP,Auxonne,Arengosse,
S004407,Je veux prendre le train de Varangéville - Saint-Nicolas a Luzy,TRIP,Varangéville - Saint-Nicolas,Luzy,
S001504,Je veux aller de Stains La Cerisaie T11 a Saint-Féliu-d'Avall,TRIP,Stains La Cerisaie T11,Saint-Féliu-d'Avall,
S001009,ce soir je vais de saint-aubin-sur-scie a andorre – l’hospitalet,TRIP,Saint-Aubin-sur-Scie,Andorre – l’Hospitalet,
S001616,je dois aller de louroux-de-bouble a l'abbaye,TRIP,Louroux-de-Bouble,L'Abbaye,
S001240,Je dois aller de Lourches a Solignac - Le Vigen demain,TRIP,Lourches,Solignac - Le Vigen,
S001036,Demain je pars de Remy pour Boisseaux,TRIP,Remy,Boisseaux,
S002626,Quel tran de Abbaretz a La Faloise ?,TRIP,Abbaretz,La Faloise,
S000973,Voyager de Villepinte vers Sees,TRIP,Villepinte,Sées,
S005385,J'aimerais aller de Fors a Aumale,TRIP,Fors,Aumale,
S007325,genial,NOT_TRIP,,,
S004059,"S'il vous plait, un trajet de Onzain - Chaumont-sur-Loire a Douai",TRIP,Onzain - Chaumont-sur-Loire,Douai,
S000867,Comment aller de Pont-Melvez a Russ Hersbach ?,TRIP,Pont-Melvez,Russ Hersbach,
S001032,"Bonjour, je voudrais aller de Dompierre Sept Fons a Bagnols-sur-Cèze",TRIP,Dompierre Sept Fons,Bagnols-sur-Cèze,
S005631,"Bonjour, je voudrais aller de Aeroport Charles de Gaulle 1 a Mouans-Sartoux",TRIP,Aéroport Charles de Gaulle 1,Mouans-Sartoux,
S002396,voyage de saint-dizier a montérolier - buchy,TRIP,Saint-Dizier,Montérolier - Buchy,
S005339,Fegersheim - Lipsheim direction Sallaumines,TRIP,Fegersheim - Lipsheim,Sallaumines,
S002044,Y a-t-il un train de Crouy a Montélimar,TRIP,Crouy,Montélimar,
S004652,je voyage de haybes a us,TRIP,Haybes,Us,
S009948,...,UNKNOWN,,,
S004244,ce soir je vais de weyersheim a novillars,TRIP,Weyersheim,Novillars,
S008209,coucou,NOT_TRIP,,,
S004853,Je vais a Bischheim depuis Marssac-sur-Tarn,TRIP,Marssac-sur-Tarn,Bischheim,
S004723,Aller de Caen a Sermaise,TRIP,Caen,Sermaise,
S007441,Albert est mon cousin,NOT_TRIP,,,
S001265,Comment aller de Avenue Foch a Sainte-Colombe Septveilles,TRIP,Avenue Foch,Sainte-Colombe Septveilles,
S000295,Dirinon - La Rochelle Porte Dauphine,TRIP,Dirinon,La Rochelle Porte Dauphine,
S006298,Aller de Rungis La Fraternelle a Audrieu avec un arret a Les Trillers,TRIP,Rungis La Fraternelle,Audrieu,Les Trillers
S007065,Hey,NOT_TRIP,,,
S000922,Je veux prendre l trzin de Alèèq a Sennecey-le-Grand,TRIP,Alès,Sennecey-le-Grand,
S001039,Je dois aller de Maizières-lès-Metz a Galuzot demain,TRIP,Maizières-lès-Metz,Galuzot,
S003148,Partir de Vaucresson vers Saint-Chamas,TRIP,Vaucresson,Saint-Chamas,
S007534,Partir,NOT_TRIP,,,
S001247,Je veux aller de Saint-Medard-d'Eyrans a Besancon Franche-Comte TGV,TRIP,Saint-Médard-d'Eyrans,Besançon Franche-Comté TGV,
S009890,123456,UNKNOWN,,,
S000590,me rendre de roanne a poitiers,TRIP,Roanne,Poitiers,
S003212,Train de Tarascon a Saint-Sulpice - Izon,TRIP,Tarascon,Saint-Sulpice - Izon,
S006031,"Je pars de Veuves - Monteaux, je passe par Mormant et j'arrive a Marolles-en-Hurepoix",TRIP,Veuves - Monteaux,Marolles-en-Hurepoix,Mormant
S005699,Y a-t-il un train de La Hutte Coulombiers a Penthièvre,TRIP,La Hutte Coulombiers,Penthièvre,
S007406,C'est quoi ce service,NOT_TRIP,,,
S009291,Un biglietto per Marsiglia,NOT_FRENCH,,,
S001499,Quel train de Brimeux a Sarrance ?,TRIP,Brimeux,Sarrance,
S006801,Je veux passer par Saint-Aunes pour aller de Kerhuon a Avenue Foch,TRIP,Kerhuon,Avenue Foch,Saint-Aunès
S001559,Billet La Jonchère-Saint-Maurice Sain-Bel,TRIP,La Jonchère-Saint-Maurice,Sain-Bel,
S009920,123456,UNKNOWN,,,
S004017,De Pont-de-Buis jusqu'a Blaisy-Bas,TRIP,Pont-de-Buis,Blaisy-Bas,
S006530,Mont-Notre-Dame Saint-Égrève Saint-Robert via Paris Gare du Nord,TRIP,Mont-Notre-Dame,Saint-Égrève Saint-Robert,Paris Gare du Nord
S006091,Train de Saint-Nabord a Kuntzig padsant par Sin-le-oble,TRIP,Saint-Nabord,Kuntzig,Sin-le-Noble
S009003,I would like a train ticket,NOT_FRENCH,,,
S003173,Champtocé-sur-Loire direction Saint-Pierre-d'Albigny,TRIP,Champtocé-sur-Loire,Saint-Pierre-d'Albigny,
S007639,Coucou,NOT_TRIP,,,
S001786,depart ollioules - sanary-sur-mer arrivee trois chênes,TRIP,Ollioules - Sanary-sur-Mer,Trois Chênes,
S006687,"je pars de flez-cuzy - tannay, je passe par mont-dauphin - guillestre et j'arrive a saincaize-meauce",TRIP,Flez-Cuzy - Tannay,Saincaize-Meauce,Mont-Dauphin - Guillestre
S005137,Vinay direction Fouilloy,TRIP,Vinay,Fouilloy,
S004393,J'aimerais alle de Lyon Saint-Exupéry TGV a Éragny - Neuvville,TRIP,Lyon Saint-Exupéry TGV,Éragny - Neuville,
S005362,Comment aller de Ruminghem a Miniac-Morvan ?,TRIP,Ruminghem,Miniac-Morvan,
S004805,Je me rends a Longjumeau depuis Issou - Porcheville,TRIP,Issou - Porcheville,Longjumeau,
S005036,prendre le train de montendre a pompey,TRIP,Montendre,Pompey,
S000854,Je pars de Chantenay-Saint-Imbert et je vais a Serdinya,TRIP,Chantenay-Saint-Imbert,Serdinya,
S009208,I need to travel tomorrow,NOT_FRENCH,,,
S006274,Train de Thourotte a Amifontaine passant par Lamothe-Montravel,TRIP,Thourotte,Amifontaine,Lamothe-Montravel
S005569,Je souhaite aller de Maurecourt a Villers-Bretonneux,TRIP,Maurecourt,Villers-Bretonneux,
S002552,Direction Villeperdue au depart de Cuinchy,TRIP,Cuinchy,Villeperdue,
S007718,Partir,NOT_TRIP,,,
S000010,quel train de wingen-sur-moder a yffiniac ?,TRIP,Wingen-sur-Moder,Yffiniac,
S000480,je pars de la guerche-sur-l'aubois pour aller a montréjeau - gourdan-polignan,TRIP,La Guerche-sur-l'Aubois,Montréjeau - Gourdan-Polignan,
S005103,aller de pleyber-christ a invalides,TRIP,Pleyber-Christ,Invalides,
S001211,direction bagnac-sur-célé au depart de clamart,TRIP,Clamart,Bagnac-sur-Célé,
S001684,Direction Montauban Ville Bourbon au depart de Ingersheim - Cité Scolaire,TRIP,Ingersheim - Cité Scolaire,Montauban Ville Bourbon,
S005420,Je vais a Saint-Lo depuis Avranches,TRIP,Avranches,Saint-Lô,
S003325,Depuis Saint-Pierre-en-Faucigny jusqu'a Évron,TRIP,Saint-Pierre-en-Faucigny,Évron,
S009223,What is the best route,NOT_FRENCH,,,
S000391,Quel train pour aller de Beillant a Dorlisheim,TRIP,Beillant,Dorlisheim,
S000869,Train de Portets a La Cave,TRIP,Portets,La Cave,
S000401,De Margivaal a Saint-Rome-de-Cernon,TRIP,Margival,Saint-Rome-de-Cernon,
S005351,Aller de Staffelfelden a Clermont La Rotonde,TRIP,Staffelfelden,Clermont La Rotonde,
S003122,Je voudrais me rendre a Is-sur-Tille depuis Villeperdue,TRIP,Villeperdue,Is-sur-Tille,
S008185,Mon ami Lyon va bien,NOT_TRIP,,,
S002206,Voyager de Thann Centre vers Brou,TRIP,Thann Centre,Brou,
S008925,I want to go from Paris to Lyon,NOT_FRENCH,,,
S000073,Comment aller de Corcy a La Possonnière ?,TRIP,Corcy,La Possonnière,
S006273,Plerguer Coutras via Montceau-les-Muines,TRIP,Plerguer,Coutras,Montceau-les-Mines
S005172,j'aimerais aller de mionnay a lézignan-corbières,TRIP,Mionnay,Lézignan-Corbières,
S002686,Je voudrais me rendre a Villefranche-sur-Saône depuis Lavaveix-les-Mines,TRIP,Lavaveix-les-Mines,Villefranche-sur-Saône,
S004408,je vais de granville a saint-symphorien-de-marmagne,TRIP,Granville,Saint-Symphorien-de-Marmagne,
S001917,de bannalec jusqu'a carnoules,TRIP,Bannalec,Carnoules,
S000155,Lavaveix-les-Mines Hesdin,TRIP,Lavaveix-les-Mines,Hesdin,
S002839,Ce soir je vais de Strasbourg Roethig a Chemin d'Antony,TRIP,Strasbourg Roethig,Chemin d'Antony,
S004154,J'aaimerai alle de Crépy - Couvron a Arnage,TRIP,Crépy - Couvron,Arnage,
S003294,Je voudrais me rendre a Romorantin-Lanthenay depuis Trappes,TRIP,Trappes,Romorantin-Lanthenay,
S008555,I would like a train ticket,NOT_FRENCH,,,
S003436,Voyage de Louvres a Le Haut Banc,TRIP,Louvres,Le Haut Banc,
S008131,Aide moi,NOT_TRIP,,,
S004235,Est-ce qu'il y a un train de Amilly Ouerray a Lunas,TRIP,Amilly Ouerray,Lunas,
S002719,De Riedseltz jusqu'a Saint-Mariens - Saint-Yzan,TRIP,Riedseltz,Saint-Mariens - Saint-Yzan,
S001975,Hautmont vers Babinière,TRIP,Hautmont,Babinière,
S001866,Colmar Saint-Joseph direction Alençon,TRIP,Colmar Saint-Joseph,Alençon,
S000767,Magneux - Courlandon - Bouthéon,TRIP,Magneux - Courlandon,Bouthéon,
S001889,Train de Beautiran a Saint-Marcel,TRIP,Beautiran,Saint-Marcel,
S001526,Un train de Juziers a Commentry pour demain,TRIP,Juziers,Commentry,
S003047,J'aimerais aller de Anvin a Gennevilliers,TRIP,Anvin,Gennevilliers,
S002978,j'aimerais aller de labouheyre a pontchaillou,TRIP,Labouheyre,Pontchaillou,
S009894,aaaaaaaa,UNKNOWN,,,
S003292,prandre le train de Chaumont-en-Vexin a Roissy-en-Brie,TRIP,Chaumont-en-Vexin,Roissy-en-Brie,
S004728,Je vais a Villenave-d'Ornon depuit Montsoult - Maffliers,TRIP,Montsoult - Maffliers,Villenave-d'Ornon,
S009952,   ,UNKNOWN,,,
S001849,Allee de Dardilly Les Mouklles a Gragnague,TRIP,Dardilly Les Mouilles,Gragnague,
S005374,monnerville montaigu,TRIP,Monnerville,Montaigu,
S009827,...,UNKNOWN,,,
S005038,Je me rends a La Creche depuis Gorges,TRIP,Gorges,La Crèche,
S009199,How do I get to Marseille,NOT_FRENCH,,,
S009815,blablabla,UNKNOWN,,,
S004782,Je pars de Aubusson pour aller a Fontenay-le-Fleury,TRIP,Aubusson,Fontenay-le-Fleury,
S005826,Direction Louverné au départ de Fresnoy-le-Grand,TRIP,Fresnoy-le-Grand,Louverné,
S005386,Quel train de Villenouvelle a Guimiliau ?,TRIP,Villenouvelle,Guimiliau,
S000368,je vais de la roche-sur-foron a zillisheim,TRIP,La Roche-sur-Foron,Zillisheim,
S008365,Ok,NOT_TRIP,,,
S007862,Bonsoir,NOT_TRIP,,,
S001308,J'aimerais un billet de Le Chénay Gagny a Plaisir - Grignon,TRIP,Le Chénay Gagny,Plaisir - Grignon,
S005183,depart bournezeau arrivee les bardys,TRIP,Bournezeau,Les Bardys,
S007587,Comment ca marche,NOT_TRIP,,,
S009875,qwerty,UNKNOWN,,,
S002925,Aller de Igny a Versailles Château Rive Gauche,TRIP,Igny,Versailles Château Rive Gauche,
S003896,Y a-t-il un trin de Aubazines - Saint-Hilaire a Gorges ?,TRIP,Aubazines - Saint-Hilaire,Gorges,
S004601,Y a-t-il un train de Saint-Médard-de-Guizières a Quincieux ?,TRIP,Saint-Médard-de-Guizières,Quincieux,
S008106,hello,NOT_TRIP,,,
S002270,bains-les-bains vers le cateau-cambresis,TRIP,Bains-les-Bains,Le Cateau-Cambrésis,
S004295,Je dois aller de Sierck-les-Bains a Villefranche-sur-Mer demain,TRIP,Sierck-les-Bains,Villefranche-sur-Mer,
S005715,Aller de Lisle-sur-Tarn a Vivonne,TRIP,Lisle-sur-Tarn,Vivonne,
S002935,y a-t-il un train de felletin a frénouville - cagny ?,TRIP,Felletin,Frénouville - Cagny,
S005852,Thouars direction Charmes,TRIP,Thouars,Charmes,
S003639,quel train de luant a le croisic ?,TRIP,Luant,Le Croisic,
S005821,Je vais a Soissons depui Le Vieux Briollay,TRIP,Le Vieux Briollay,Soissons,
S002865,Un train de La Guierche a Saint-Leu-la-Forêt,TRIP,La Guierche,Saint-Leu-la-Forêt,
S000911,De Vaumoise a Pagny-le-Château,TRIP,Vaumoise,Pagny-le-Château,
S004239,Je voudrais aller de Tourville-la-Rivière a Epfig,TRIP,Tourville-la-Rivière,Epfig,
S003853,Y a-t-il un train de Vincelles a Donchery ?,TRIP,Vincelles,Donchery,
S009000,Ein Zug nach Marseille bitte,NOT_FRENCH,,,
S004424,comment aller de connerré - beillé a nézel - aulnay,TRIP,Connerré - Beillé,Nézel - Aulnay,
S000066,Je souhaite aller de Meulan - Hardricourt a Saint-Germain-du-Puy,TRIP,Meulan - Hardricourt,Saint-Germain-du-Puy,
S003439,Depart Saint-Loubès arrivee Bretteville - Norrey,TRIP,Saint-Loubès,Bretteville - Norrey,
S001609,un train de durtol - nohanent a les deux jumeaux pour demain,TRIP,Durtol - Nohanent,Les Deux Jumeaux,
S000446,Culoz Sainte-Pazanne,TRIP,Culoz,Sainte-Pazanne,
S003498,quel train de condé-sur-huisne a hangest-sur-somme ?,TRIP,Condé-sur-Huisne,Hangest-sur-Somme,
S001553,Je voudeais prendre un train de Romans - Boueg-de-Péage a La Ferté-Imbault,TRIP,Romans - Bourg-de-Péage,La Ferté-Imbault,
S006231,Je voudrais aller de Vis à Marles a Aigueperse en passant par Chamousset,TRIP,Vis à Marles,Aigueperse,Chamousset
S009455,I want aller a Paris,NOT_FRENCH,,,
S008190,Demain,NOT_TRIP,,,
S008693,Quiero ir de Paris a Lyon,NOT_FRENCH,,,
S001046,me rendre de cernay (val-d'oise) a la jarrie,TRIP,Cernay (Val-d'Oise),La Jarrie,
S005825,je pars de langogne pour aller a verrey-sous-salmaise,TRIP,Langogne,Verrey-sous-Salmaise,
S000650,Je souhaite aller de Ciry-le-Noble a Laval-de-Cère,TRIP,Ciry-le-Noble,Laval-de-Cère,
S000210,Depuis La Fontaine jusqu'a Saint-André-se-Corcoy,TRIP,La Fontaine,Saint-André-de-Corcy,
S009543,blablabla,UNKNOWN,,,
S000808,Je me rends a Bornel - Belle-Église depuis Feyzin,TRIP,Feyzin,Bornel - Belle-Église,
S007234,Qu'est-ce que tu peux faire,NOT_TRIP,,,
S008569,Ich mochte von Paris nach Lyon fahren,NOT_FRENCH,,,
S008302,Ok,NOT_TRIP,,,
S005348,Je vais de Petit-Croix a Nonancourt,TRIP,Petit-Croix,Nonancourt,
S009828,,UNKNOWN,,,
S007228,Mon ami Lyon va bien,NOT_TRIP,,,
S006740,savenay puis thiaville-sur-meurthe puis la rochelle,TRIP,Savenay,La Rochelle,Thiaville-sur-Meurthe
S006113,montigny - beauchamp sérifontaine via saint-émilion,TRIP,Montigny - Beauchamp,Sérifontaine,Saint-Émilion
S004213,Un train de Raon-l'Étape a Yutz pour demain,TRIP,Raon-l'Étape,Yutz,
S004868,Quel train pour aller de Noveant-sur-Moselle a Quincieux,TRIP,Novéant-sur-Moselle,Quincieux,
S008812,Un billete de tren por favor,NOT_FRENCH,,,
S003967,comment aller de royat - chamalieres a dieupentale ?,TRIP,Royat - Chamalières,Dieupentale,
S000209,Je veux me rendre a Feyzin en partant de Ham,TRIP,Ham,Feyzin,
S005550,j'aimerais aller de ria-sirach a bellac,TRIP,Ria-Sirach,Bellac,
S003466,de rabastens - coufouleux a coudekerque-branche,TRIP,Rabastens - Coufouleux,Coudekerque-Branche,
S006706,"Je pars de Quédillacc, je passe par Bellaac et j'arrive a L'Aigle",TRIP,Quédillac,L'Aigle,Bellac
S008976,Vorrei andare da Parigi a Lione,NOT_FRENCH,,,
S000419,"S'il vous plait, unn trajet de Villeparisis - Mitry-le-Neuf a Aix-en-Provence",TRIP,Villeparisis - Mitry-le-Neuf,Aix-en-Provence,
S005640,Je voudrais prendre un train de Malaunay - Le Houlme a Saint-Romain-le-Puy,TRIP,Malaunay - Le Houlme,Saint-Romain-le-Puy,
S008484,Help,NOT_TRIP,,,
S006871,Je veux passser par Tsgolsheim poue akler de L'Aiguille a Fons - Saint-Mamert,TRIP,L'Aiguille,Fons - Saint-Mamert,Tagolsheim
S005769,Je voyage de Metz a Willer-sur-Thur,TRIP,Metz,Willer-sur-Thur,
S002114,nanteuil-le-haudouin - magland,TRIP,Nanteuil-le-Haudouin,Magland,
S003761,Partir de Boigneville pour Pont de Rungis Aéroport d'Orly,TRIP,Boigneville,Pont de Rungis Aéroport d'Orly,
S007147,Je veux aller,NOT_TRIP,,,
S001188,Aller de Mothern a Portet Saint-Simon,TRIP,Mothern,Portet Saint-Simon,
S001817,comment aller de avesnes-sur-helpe a pont de la deule ?,TRIP,Avesnes-sur-Helpe,Pont de la Deûle,
S009853,aaaaaaaa,UNKNOWN,,,
S001037,Depart de Avoudrey arrivee a Romilly-sur-Seine,TRIP,Avoudrey,Romilly-sur-Seine,
S007321,Aide moi,NOT_TRIP,,,
S006101,"Je pars de Anse Halte, je passe par Cesson-Sévigné et j'arrive a Villefranche-de-Rouergue",TRIP,Anse Halte,Villefranche-de-Rouergue,Cesson-Sévigné
S009181,Vorrei andare da Parigi a Lione,NOT_FRENCH,,,
S001050,Jae vvoudrais aller de Fresnoy-le-Grand a Herrliisheim,TRIP,Fresnoy-le-Grand,Herrlisheim,
S008619,Un biglietto per Marsiglia,NOT_FRENCH,,,
S002831,Je pars de Trélazé et je vais a Nice Saint-Augustin,TRIP,Trélazé,Nice Saint-Augustin,
S004743,train de pont-a-vendin a montpellier saint-roch,TRIP,Pont-à-Vendin,Montpellier Saint-Roch,
S008638,Ein Zug nach Marseille bitte,NOT_FRENCH,,,
S007978,Nice de te rencontrer,NOT_TRIP,,,
S002747,de val de fontenay a novillars,TRIP,Val de Fontenay,Novillars,
S005139,je voudrais aller de paris austerlitz a aulnat aéroport,TRIP,Paris Austerlitz,Aulnat Aéroport,
S006813,je voudrais aller de pezou a aéroport charles de gaulle 1 en passant par pont du garigliano - hôpital européen georges pompidou,TRIP,Pezou,Aéroport Charles de Gaulle 1,Pont du Garigliano - Hôpital Européen Georges Pompidou
S007517,Au revoir,NOT_TRIP,,,
S003346,Je dois aller de La Verpillière a Lezennes,TRIP,La Verpillière,Lezennes,
S008592,Como llego a Marsella,NOT_FRENCH,,,
S000044,je voyage de morannes a saint-genies-de-malgoires,TRIP,Morannes,Saint-Geniès-de-Malgoirès,
S005914,je pars de notre-dame de briancon pour aller a broye,TRIP,Notre-Dame de Briançon,Broye,
S002332,Depuis Somain jusqu' Saint-Léon-sur-l'Isle,TRIP,Somain,Saint-Léon-sur-l'Isle,
S009052,Je want to go Lyon,NOT_FRENCH,,,
S001992,Je vais a Amplepuis depuis Dinan,TRIP,Dinan,Amplepuis,
S005382,Je voudrais aller de Banassac - La Canourgue a Lamotte-Beuvron,TRIP,Banassac - La Canourgue,Lamotte-Beuvron,
S006639,"Je pars de Les Saules, je passe par Bertry et j'arrive a Chalon-sur-Saône",TRIP,Les Saules,Chalon-sur-Saône,Bertry
S008141,Albert est mon cousin,NOT_TRIP,,,
S001074,je voudrais me rendre a sallanches - combloux - megeve depuis darsac,TRIP,Darsac,Sallanches - Combloux - Megève,
S000440,hirson ambronay - priay,TRIP,Hirson,Ambronay - Priay,
S006953,Je veux passer par Roeschwoog pour aller de Saint-Pierre-des-Corps a Lancerf,TRIP,Saint-Pierre-des-Corps,Lancerf,Roeschwoog
S005564,"Bonjour, je voudrais aller de Erstein a Saint-Astier",TRIP,Erstein,Saint-Astier,
S000132,aller de rennes a mutzig,TRIP,Rennes,Mutzig,
S001493,Quel train de Nieppe a Vincey ?,TRIP,Nieppe,Vincey,
S002528,je voudrais me rendre a varennes-sur-fouzon depuis sarreinsming,TRIP,Sarreinsming,Varennes-sur-Fouzon,
S000898,vélines la hisse,TRIP,Vélines,La Hisse,
S004266,Je vais a Moreuil depuis Estrees-Saint-Denis,TRIP,Estrées-Saint-Denis,Moreuil,
S001618,Cluses Bonnieres-sur-Seine,TRIP,Cluses,Bonnières-sur-Seine,
S007723,Nice de te rencontrer,NOT_TRIP,,,
S008453,Je m'appelle Paris,NOT_TRIP,,,
S001582,De Igny a Reignier-Ésery,TRIP,Igny,Reignier-Ésery,
S004540,j'aimerais aller de pamiers a neufchâtel-hardelot,TRIP,Pamiers,Neufchâtel-Hardelot,
S001199,De Nîmes jusqu'a La Réole,TRIP,Nîmes,La Réole,
S008961,Ein Zug nach Marseille bitte,NOT_FRENCH,,,
S008817,Quiero ir de Paris a Lyon,NOT_FRENCH,,,
S007018,a bientot,NOT_TRIP,,,
S009626,!!!,UNKNOWN,,,
S002967,Je voudrais prendre un train de Orleans a Seon-St-Henry,TRIP,Orléans,Séon-St-Henry,
S008203,Un train,NOT_TRIP,,,
S006446,dreux puis le plessis chenet puis fouquereuil,TRIP,Dreux,Fouquereuil,Le Plessis Chenet
S000588,Yrain de Pont-l'Évêque a Vendenheim,TRIP,Pont-l'Évêque,Vendenheim,
S005777,Je pars de Valdahon Camp Militaire et je vais a Phalempin,TRIP,Valdahon Camp Militaire,Phalempin,
S003891,un train de busseau sur creuse a breuillet - bruyeres-le-chatel pour demain,TRIP,Busseau sur Creuse,Breuillet - Bruyères-le-Châtel,
S000741,Billet Les Quatre-Routes-du-Lot Notre-Dame-d'Oé,TRIP,Les Quatre-Routes-du-Lot,Notre-Dame-d'Oé,
S005163,aller de villers-bretonneux a lisieux,TRIP,Villers-Bretonneux,Lisieux,
S008889,Ein Zug nach Marseille bitte,NOT_FRENCH,,,
S000326,Je veux prendre le train de Anchamps a Sains-du-Nord,TRIP,Anchamps,Sains-du-Nord,
S002426,Direction La Madeleine au depart de Diarville,TRIP,Diarville,La Madeleine,
S005424,Prendre le train de Chantilly - Houvieux a Saint-Aubin-sur-Sie,TRIP,Chantilly - Gouvieux,Saint-Aubin-sur-Scie,
S009143,I want to go from Paris to Lyon,NOT_FRENCH,,,
S001661,Comment aller de Bruges a Cernay (Val-d'Oise) ?,TRIP,Bruges,Cernay (Val-d'Oise),
S005190,un train de bailly a lus-la-croix-haute pour demain,TRIP,Bailly,Lus-la-Croix-Haute,
S008013,Super,NOT_TRIP,,,
S005960,De Jaux a Guignicourt via Nieppe,TRIP,Jaux,Guignicourt,Nieppe
S008427,arriver,NOT_TRIP,,,
S004604,y a-t-il un train de wacquemoulin a connerré - beillé ?,TRIP,Wacquemoulin,Connerré - Beillé,
S005287,Comment aller de Asnieres-sur-Seine a Busseau sur Creuse,TRIP,Asnières-sur-Seine,Busseau sur Creuse,
S008631,Train from Paris to Bordeaux please,NOT_FRENCH,,,
S009593,lorem ipsum,UNKNOWN,,,
S009941,   ,UNKNOWN,,,
S001459,Y a-t-il un train de Saint-Savinien a Bagnols-sur-Cèze,TRIP,Saint-Savinien,Bagnols-sur-Cèze,
S003499,Depart Viviez - Decazeville arrivee Sainte-Colombe,TRIP,Viviez - Decazeville,Sainte-Colombe,
S008515,Un biglietto per Marsiglia,NOT_FRENCH,,,
S001034,J'aimerais un billet de Vireux-Molhain a Liverdun,TRIP,Vireux-Molhain,Liverdun,
S004263,Train de Avoignon Centre a Montteroult - Courcelles,TRIP,Avignon Centre,Montgeroult - Courcelles,
S003932,Je veux me rendre a Chantenay en partant de Tieffenbach - Struth,TRIP,Tieffenbach - Struth,Chantenay,
S003418,Demain je pars de Saint-Amarin pour Bièvres,TRIP,Saint-Amarin,Bièvres,
S009498,Train from Paris to Bordeaux please,NOT_FRENCH,,,
S007651,arriver,NOT_TRIP,,,
S002016,Voyage de Roppenheim a Fourchambault,TRIP,Roppenheim,Fourchambault,
S000671,je me rends a servon-sur-vilaine depuis petit-croix,TRIP,Petit-Croix,Servon-sur-Vilaine,
S001752,Un billet de Nanterre Université a Montbrison,TRIP,Nanterre Université,Montbrison,
S009820,lorem ipsum,UNKNOWN,,,
S005343,quel train de la rivière-drugeon a arbanats ?,TRIP,La Rivière-Drugeon,Arbanats,
S002186,Voyager de Chateau-Arnoux-Saint-Auban vers Rosporden,TRIP,Château-Arnoux-Saint-Auban,Rosporden,
S008086,Au revoir,NOT_TRIP,,,
S004062,Je vais a Briançon depuis Saint-Lothain,TRIP,Saint-Lothain,Briançon,
S003079,Voyager de Trégonneau - Zquiffiec vers Balsièges,TRIP,Trégonneau - Squiffiec,Balsièges,
S008396,Il fait beau auhourd'huie,NOT_TRIP,,,
S002439,Est-ce qu'il y a un train de Malesherbes a Clisson,TRIP,Malesherbes,Clisson,
S009045,Vorrei andare da Parigi a Lione,NOT_FRENCH,,,
S000020,Voyager de Grésy-sur-Isère vers Poligny,TRIP,Grésy-sur-Isère,Poligny,
S008278,Demain,NOT_TRIP,,,
S003355,Je me rends a Moissac depuis Donzère,TRIP,Donzère,Moissac,
S006678,La Marche puis Saint-Léger-sur-Dheune puis Montigny - Beauchamp,TRIP,La Marche,Montigny - Beauchamp,Saint-Léger-sur-Dheune
S002121,je pars de chaumont-en-vexin pour aller a miribel,TRIP,Chaumont-en-Vexin,Miribel,
S008077,Qu'est-ce que tu peux faire,NOT_TRIP,,,
S006016,De Trégonneau - Squiffiec vers Daours avec correspondance a Le Bourget,TRIP,Trégonneau - Squiffiec,Daours,Le Bourget
S008647,Je want to go Lyon,NOT_FRENCH,,,
S009173,Quiero ir de Paris a Lyon,NOT_FRENCH,,,
S003020,Je vais de Thézy-Glimont a Maurecourt,TRIP,Thézy-Glimont,Maurecourt,
S006629,"Je pars de Béard, je passe par Hellemmes et j'arrive a Iwuy",TRIP,Béard,Iwuy,Hellemmes
S001853,Ce soir je vais de Grésy-sur-Isère a Montdidier,TRIP,Grésy-sur-Isère,Montdidier,
S005660,depuis saint-sebastien jusqu'a briare,TRIP,Saint-Sébastien,Briare,
S004940,comment aller de saint-julien - clénay a paris gare de lyon ?,TRIP,Saint-Julien - Clénay,Paris Gare de Lyon,
S001666,depart deuil - montmagny arrivee la chaize-le-vicomte,TRIP,Deuil - Montmagny,La Chaize-le-Vicomte,
S009400,Como llego a Marsella,NOT_FRENCH,,,
S006012,Train de Argentan a Meymac passant par Montmélian,TRIP,Argentan,Meymac,Montmélian
S004594,comment aller de dax a pins-justaret ?,TRIP,Dax,Pins-Justaret,
S000623,quel train de parent - coudes - champeix a valleroy - moineville ?,TRIP,Parent - Coudes - Champeix,Valleroy - Moineville,
S004607,Un train de Beaurainville a Les Grésillons,TRIP,Beaurainville,Les Grésillons,
S003895,Est-ce qu'il y a un train de Joigny-sur-Meuse a Longueil-Sainte-Marie,TRIP,Joigny-sur-Meuse,Longueil-Sainte-Marie,
S008511,I would like a train ticket,NOT_FRENCH,,,
S006772,"Je pars de Gestel, je passe par Vieux-Thann Zone Industrielle et j'arrive a Saint-Chamas",TRIP,Gestel,Saint-Chamas,Vieux-Thann Zone Industrielle
S003508,direction etaples - le touquet au depart de gadagne,TRIP,Gadagne,Étaples - Le Touquet,
S005589,me rendre de la fontaine a bellevue,TRIP,La Fontaine,Bellevue,
S002326,Je vais de Marquise - Rinxent a Les Moussoux,TRIP,Marquise - Rinxent,Les Moussoux,
S000596,Chamousset vers Vraincourt-Vieville,TRIP,Chamousset,Vraincourt-Viéville,
S001385,train de coron de méricourt a agonac,TRIP,Coron de Méricourt,Agonac,
S009298,I want to go from Paris to Lyon,NOT_FRENCH,,,
S006328,De Saint-Julien-en-Genevois vers Campagne avec correspondance a Avignon TGV,TRIP,Saint-Julien-en-Genevois,Campagne,Avignon TGV
S001832,Je voudrais aller de Chelles - Gournay a Franois,TRIP,Chelles - Gournay,Franois,
S000553,Je veux me rendre a Bailleul-Sir-Berthoult en partant de Beillant,TRIP,Beillant,Bailleul-Sir-Berthoult,
S006965,Wacquemoulin puis Marcheprime puis Wesserling,TRIP,Wacquemoulin,Wesserling,Marcheprime
S002816,Voyager de Capdenac vers Ay,TRIP,Capdenac,Ay,
S001081,Eichhoffen direction Landas,TRIP,Eichhoffen,Landas,
S007124,D'accord,NOT_TRIP,,,
S006193,"Je pars de Coucy-les-Eppes, je passe par Cantin et j'arrive a Carignan",TRIP,Coucy-lès-Eppes,Carignan,Cantin
S008754,Train from Paris to Bordeaux please,NOT_FRENCH,,,
S003793,je dois aller de forbach a maintenon demain,TRIP,Forbach,Maintenon,
S008150,Arriver,NOT_TRIP,,,
S005244,Je dois aller de La Bernerie-en-Retz a Lannemezan demain,TRIP,La Bernerie-en-Retz,Lannemezan,
S009832,lorem ipsum,UNKNOWN,,,
S002558,voyager de la défense grande arche rer e vers saint-raphaël valescure,TRIP,La Défense Grande Arche RER E,Saint-Raphaël Valescure,
S008551,What is the best route,NOT_FRENCH,,,
S001621,"s'il vous plait, un trajet de nancois - tronville a mery-sur-oise",TRIP,Nançois - Tronville,Méry-sur-Oise,
S007975,Il fait beau aujourd'hui,NOT_TRIP,,,
S002197,De Magalas jusqu'a Lézignan-Corbières,TRIP,Magalas,Lézignan-Corbières,
S007393,il fait beau aujourd'hui,NOT_TRIP,,,
S002147,quel train pour aller de la chaumusse - fort-du-plasne a villers-sur-mer,TRIP,La Chaumusse - Fort-du-Plasne,Villers-sur-Mer,
S003060,J'aimerais un billet de Bornel - Belle-Eglise a Trelaze,TRIP,Bornel - Belle-Église,Trélazé,
S000188,voyage de redon a bedous,TRIP,Redon,Bedous,
S001349,Y a-t-il un train de Pont Petit a Menton,TRIP,Pont Petit,Menton,
S000524,Est-ce qu'il y a un train de Mayet a Selles-Saint-Denis,TRIP,Mayet,Selles-Saint-Denis,
S002721,Je pars de Sanry-sur-Nied et je vais a Langres,TRIP,Sanry-sur-Nied,Langres,
S004246,je pars de saint-blaise-la-roche poutay et je vais a groisy - thorens-glières,TRIP,Saint-Blaise-la-Roche Poutay,Groisy - Thorens-Glières,
S005132,De Dommartin - Remiencourt a Abbeville,TRIP,Dommartin - Remiencourt,Abbeville,
S000885,Arpajon vers Marsac-sur-L'isle,TRIP,Arpajon,Marsac-sur-L'isle,
S009169,I want aller a Paris,NOT_FRENCH,,,
S002724,de fourqueux - bel-air a etaples - le touquet,TRIP,Fourqueux - Bel-Air,Étaples - Le Touquet,
S008560,I would like a train ticket,NOT_FRENCH,,,
S005948,je voudrais aller de besançon viotte a esbly,TRIP,Besançon Viotte,Esbly,
S003764,"s'il vous plait, un trajet de nanterre la folie a fontpédrouse",TRIP,Nanterre La Folie,Fontpédrouse,
S000640,je voyage de sceaux - boesse a le chenay gagny,TRIP,Sceaux - Boëssé,Le Chénay Gagny,
S007158,Partir,NOT_TRIP,,,
S005046,est-ce qu'il y a un train de marbache a latour-de-carol - enveitg,TRIP,Marbache,Latour-de-Carol - Enveitg,
S007569,Je voudrais,NOT_TRIP,,,
S008001,Super,NOT_TRIP,,,
S001230,Est-ce qu'il y a un train dr Peyrihac - Saint-Jouvvent a Arbois,TRIP,Peyrilhac - Saint-Jouvent,Arbois,
S000241,cholet puis noisy-le-sec,TRIP,Cholet,Noisy-le-Sec,
S001873,je dois aller de conlie a chindrieux demain,TRIP,Conlie,Chindrieux,
S006354,"Je pars de Puybrun, je passe par Saint-Saviol et j'arrive a Évian-les-Bains",TRIP,Puybrun,Évian-les-Bains,Saint-Saviol
S002169,De Mériel a La Chapelle Aulnay,TRIP,Mériel,La Chapelle Aulnay,
S002104,Saint-Laurent-d'Aigouze Saint-Malo,TRIP,Saint-Laurent-d'Aigouze,Saint-Malo,
S005150,Je voudrais me rendre a Dammartin - Juilly - Saint-Mard depuis Mervans,TRIP,Mervans,Dammartin - Juilly - Saint-Mard,
S009033,I would like a train ticket,NOT_FRENCH,,,
S007186,Aide moi,NOT_TRIP,,,
S003184,Je pars de Mulhouse-Dornach (Tram/Train) et je vais a Émerainville - Pontault-Combault,TRIP,Mulhouse-Dornach (Tram/Train),Émerainville - Pontault-Combault,
S006242,"Je pars de Les Praz de Chamonix, je passe par Sallaumines et j'arrive a Les Perrières",TRIP,Les Praz de Chamonix,Les Perrières,Sallaumines
S004493,de la basse indre - saint-herblain a clisson,TRIP,La Basse Indre - Saint-Herblain,Clisson,
S005907,Ce soir je vais de Neuilly - Porte Maillot a Clichy - Levallois,TRIP,Neuilly - Porte Maillot,Clichy - Levallois,
S003031,Depart de Château-Thierry arrivee a Fegersheim - Lipsheim,TRIP,Château-Thierry,Fegersheim - Lipsheim,
S005934,"Bonjour, je voudrais aller de Serquigny a Montaigut-le-Blanc",TRIP,Serquigny,Montaigut-le-Blanc,
S004152,Depuis Mareil-sur-Mauldre jusqu'a Saint-Cloud,TRIP,Mareil-sur-Mauldre,Saint-Cloud,
S003556,Quel train pour aller de Ustaritz Jatxou a Laroque-Timbaut,TRIP,Ustaritz Jatxou,Laroque-Timbaut,
S002703,prendr le train de Villetaneuse Université a Saint-Germain-les-Belles,TRIP,Villetaneuse Université,Saint-Germain-les-Belles,
S003211,Pourriez-vous me trouver un train de Limoux Flassian a Objat,TRIP,Limoux Flassian,Objat,
S006743,De Lamothe-Montravel vers Rougemont Chanteloup avec correspondance a Port Boulet,TRIP,Lamothe-Montravel,Rougemont Chanteloup,Port Boulet
S002534,"Bonjour, je voudrais aller de L'Hermitage - Mordelles a Brax - Léguevin",TRIP,L'Hermitage - Mordelles,Brax - Léguevin,
S004483,Aller de Saint-Priest a Breil-sur-Roya,TRIP,Saint-Priest,Breil-sur-Roya,
S006084,Béard Aguilcourt - Variscourt via Agen,TRIP,Béard,Aguilcourt - Variscourt,Agen
S001445,"S'iu vus plsit, un traejet de Morcenx a Longroy - Gamachhes",TRIP,Morcenx,Longroy - Gamaches,
S008962,Como llego a Marsella,NOT_FRENCH,,,
S002588,Je souhaite aller de La Forest-Landerneau a Mezidon-Canon,TRIP,La Forest-Landerneau,Mézidon-Canon,
S006839,je veux passer par sérézin-du-rhône pour aller de créteil pompadour a éguzon-chantôme,TRIP,Créteil Pompadour,Éguzon-Chantôme,Sérézin-du-Rhône
S008548,Como llego a Marsella,NOT_FRENCH,,,
S002821,Je veux aller de Cassel a Louvres,TRIP,Cassel,Louvres,
S007784,Arriver,NOT_TRIP,,,
S008285,Ok,NOT_TRIP,,,
S000383,Un train de Remise à Jorelle a Duppigheim,TRIP,Remise à Jorelle,Duppigheim,
S000110,Me rendre de Montreuil-sur-Thérain a Nesle,TRIP,Montreuil-sur-Thérain,Nesle,
S009917,lorem ipsum,UNKNOWN,,,
S000600,Direction Lagny - Thorigny au depart de Houlgate,TRIP,Houlgate,Lagny - Thorigny,
S002897,Je souhaite aller de Pont-de-l'Arche a Châteauneuf-sur-Cher,TRIP,Pont-de-l'Arche,Châteauneuf-sur-Cher,
S006975,De Bruz a Saint-Germain-au-Mont-d'Or en passant par Lantenay,TRIP,Bruz,Saint-Germain-au-Mont-d'Or,Lantenay
S005164,je veux aller de saint-priest-taurion a templeuve,TRIP,Saint-Priest-Taurion,Templeuve,
S002116,ce soir je vais de loures-barbazan a jonzac,TRIP,Loures-Barbazan,Jonzac,
S000972,Je pars de Oloron-Sainte-Marie et je vais a Lisiere Pereire,TRIP,Oloron-Sainte-Marie,Lisière Pereire,
S004030,De Grasse a Clerval,TRIP,Grasse,Clerval,
S002250,Demain je pars de La Fontaine pour Betton,TRIP,La Fontaine,Betton,
S004516,Direction L'Étang-la-Villei au depart de Longuerue - Vieux-Manoir,TRIP,Longuerue - Vieux-Manoir,L'Étang-la-Ville,
S006324,Je voudrais aller de Laroque-Timbaut a Meulan - Hardricourt en passant par Belfort,TRIP,Laroque-Timbaut,Meulan - Hardricourt,Belfort
S004480,voyage de aigues-mortes a les pavillons-sous-bois,TRIP,Aigues-Mortes,Les Pavillons-sous-Bois,
S006614,Je voudrais aller de Ruffey-lès-Echirey a Sainy-Mats-la-Biète en passant par Rapn-l'Étape,TRIP,Ruffey-lès-Echirey,Saint-Mars-la-Brière,Raon-l'Étape
S003624,Je souhaite aller de Voujeaucourt a Nogent-l'Artaud - Charly,TRIP,Voujeaucourt,Nogent-l'Artaud - Charly,
S002670,Je vais de Lacapelle-Viescamp a Molsheim,TRIP,Lacapelle-Viescamp,Molsheim,
S009514,...,UNKNOWN,,,
S007058,C'est trop cher,NOT_TRIP,,,
S005988,Pontmort puis Moyeuvre-Grandee puis Paris Austerliz,TRIP,Pontmort,Paris Austerlitz,Moyeuvre-Grande
S008671,Je want to go Lyon,NOT_FRENCH,,,
S004906,Je veux prendre le train de Luxé a Thomery,TRIP,Luxé,Thomery,
S009856,blablabla,UNKNOWN,,,
S006134,De Bertry a Magenta via Thieux - Nantouillet,TRIP,Bertry,Magenta,Thieux - Nantouillet
S004662,Je veux aller de Saint-Junien a Bersac-sur-Rivalier,TRIP,Saint-Junien,Bersac-sur-Rivalier,
S003421,voyager de lavaveix-les-mines vers saint-raphaël valescure,TRIP,Lavaveix-les-Mines,Saint-Raphaël Valescure,
S002908,prendre le train de biarritz a niederbronn-les-bains,TRIP,Biarritz,Niederbronn-les-Bains,
S005646,un train de villeperdue a dunkerque,TRIP,Villeperdue,Dunkerque,
S005130,Comment aller de Le Cailar a Joncherey,TRIP,Le Cailar,Joncherey,
S008580,I want to go from Paris to Lyon,NOT_FRENCH,,,
S000439,Je vais de Coat Guégan a Meaux,TRIP,Coat Guégan,Meaux,
S005917,chantonnay direction drap - cantaron,TRIP,Chantonnay,Drap - Cantaron,
S005897,ce soir je vais de la ferte-sous-jouarre a nanteuil-le-haudouin,TRIP,La Ferté-sous-Jouarre,Nanteuil-le-Haudouin,
S005199,demain je pars de invalides pour vaires - torcy,TRIP,Invalides,Vaires - Torcy,
S007532,j'ai rencontre marseille hier,NOT_TRIP,,,
S000993,un train de bueil a nesle pour demain,TRIP,Bueil,Nesle,
S000213,Je me rends a Voreppe depuis Annappes,TRIP,Annappes,Voreppe,
S009507,???,UNKNOWN,,,
S009114,I need to travel tomorrow,NOT_FRENCH,,,
S000351,Comment aller de Cassis a Croix - Wasquehal,TRIP,Cassis,Croix - Wasquehal,
S002729,Est-ce qu'il y a un trzin de Vaal-de-Vesle a Rochefot,TRIP,Val-de-Vesle,Rochefort,
S003544,Je voudrais aller de Montbrison a Saint-Aigulin - La Roche-Chalais,TRIP,Montbrison,Saint-Aigulin - La Roche-Chalais,
S003453,Quel train de Gardanne a Saint-Jacques-de-la-Lande ?,TRIP,Gardanne,Saint-Jacques-de-la-Lande,
S009892,,UNKNOWN,,,
S005291,depart le dorat arrivee dijon porte neuve,TRIP,Le Dorat,Dijon Porte Neuve,
S001329,Prendre le train de Gallieni Cancéropôle a Marmande,TRIP,Gallieni Cancéropôle,Marmande,
S009978,@#$%,UNKNOWN,,,
S008078,J'ai rencontre Marseille hier,NOT_TRIP,,,
S006442,De Liancourt - Rantigny vers La Douzillère avec correspondance a Saint-Laurent-du-Var,TRIP,Liancourt - Rantigny,La Douzillère,Saint-Laurent-du-Var
S001821,quel train de pierrelaye a anizy - pinon ?,TRIP,Pierrelaye,Anizy - Pinon,
S009260,Ich mochte von Paris nach Lyon fahren,NOT_FRENCH,,,
S003006,je dois aller de bois-d'oingt - légny a pont-d'ain demain,TRIP,Bois-d'Oingt - Légny,Pont-d'Ain,
S004747,Un train de Montreux-Vieux a Saint-Agnan pour demain,TRIP,Montreux-Vieux,Saint-Agnan,
S000952,de champigny sur yonne a thenissey,TRIP,Champigny sur Yonne,Thenissey,
S002889,je vais a sceaux - boëssé depuis arles,TRIP,Arles,Sceaux - Boëssé,
S008753,How do I get to Marseille,NOT_FRENCH,,,
S002684,Train de Ludon-Medoc a Mousteru,TRIP,Ludon-Médoc,Moustéru,
S002281,Un train de Bergues a Fraisses - Unieux,TRIP,Bergues,Fraisses - Unieux,
S001439,Cpmment aller de Sablé-sur-Sarethe a Traou Nez,TRIP,Sablé-sur-Sarthe,Traou Nez,
S000943,me rendre de vitry-en-artois a vénissieux,TRIP,Vitry-en-Artois,Vénissieux,
S003187,Crécy-la-Chapelle Domont,TRIP,Crécy-la-Chapelle,Domont,
S008245,Je n'aime pas voyager,NOT_TRIP,,,
S007807,Hello,NOT_TRIP,,,
S001834,"S'il vous plait, un trajet de L'Herbergement - Les Brouzils a Rungis La Fraternelle",TRIP,L'Herbergement - Les Brouzils,Rungis La Fraternelle,
S008867,Vorrei andare da Parigi a Lione,NOT_FRENCH,,,
S004787,Comment aller de Walbourg a Gerzat ?,TRIP,Walbourg,Gerzat,
S002732,Je pars de Lyon Saint-Exupery TGV et je vais a Menars,TRIP,Lyon Saint-Exupéry TGV,Menars,
S006751,train de villefranche-sur-mer a noisy-le-roi passant par montlaur,TRIP,Villefranche-sur-Mer,Noisy-le-Roi,Montlaur
S006141,nantes puis scherwiller puis moulins sur allier,TRIP,Nantes,Moulins sur Allier,Scherwiller
S000050,Depuis Corbehem jusqu'a Eonchamp,TRIP,Corbehem,Ronchamp,
S001894,Depuis Banyuls-sur-Mer jusqu'a Lamure-sur-Azergues,TRIP,Banyuls-sur-Mer,Lamure-sur-Azergues,
S008833,Train from Paris to Bordeaux please,NOT_FRENCH,,,
S000420,Je dois aller de Arbois a Limoges Béneédictins emain,TRIP,Arbois,Limoges Bénédictins,
S003326,partir de bretigny - norges pour le rouget,TRIP,Bretigny - Norges,Le Rouget,
S000255,un train de la chapelle-sur-loire a chasserades pour demain,TRIP,La Chapelle-sur-Loire,Chasseradès,
S005971,retiers albert via lusignan,TRIP,Retiers,Albert,Lusignan
S009714,aaaaaaaa,UNKNOWN,,,
S009185,Un billete de tren por favor,NOT_FRENCH,,,
S000473,CCe soir je vais de Le Bugue a luses,TRIP,Le Bugue,Cluses,
S006831,Je voudrait allez de Bagnols - Chadenet a Lourches en passant par Brionne,TRIP,Bagnols - Chadenet,Lourches,Brionne
S001814,Ce soir je vais de La Verpillière a Rungis La Fraternelle,TRIP,La Verpillière,Rungis La Fraternelle,
S006988,Longroy - Gamaches puis Diemeringen puis Dourdan La Forêt,TRIP,Longroy - Gamaches,Dourdan La Forêt,Diemeringen
S003660,"S'il vous plait, un trajet de Paris Gare de Lyon a Thouaré-sur-Loire",TRIP,Paris Gare de Lyon,Thouaré-sur-Loire,
S002162,J'aimerais un billet de L'Étang-la-Ville a Ballan-Miré,TRIP,L'Étang-la-Ville,Ballan-Miré,
S002009,Je me rends a Audun-le-Roman depuis Peyrehorzde,TRIP,Peyrehorade,Audun-le-Roman,
S004796,Train de Vougeot - Gilly-lès-Cîteaux a Le Mans Hôpital-Université,TRIP,Vougeot - Gilly-lès-Cîteaux,Le Mans Hôpital-Université,
S006895,De Montferrand - Thoraise vers Plounérin avec correspondance a La Gouesnière - Cancale - Saint-Méloir-des-Ondes,TRIP,Montferrand - Thoraise,Plounérin,La Gouesnière - Cancale - Saint-Méloir-des-Ondes
S006661,De Le Puy-en-Velay a La Pomme en passant par La Coquille,TRIP,Le Puy-en-Velay,La Pomme,La Coquille
S008119,J'ai rencontre Marseille hier,NOT_TRIP,,,
S005289,Quel train de Montescourt-Lizerolles a Ytrac ?,TRIP,Montescourt-Lizerolles,Ytrac,
S004137,Billet Santeuil - Le Perchay Saint-Pierre-de-Chignac,TRIP,Santeuil - Le Perchay,Saint-Pierre-de-Chignac,
S006124,De Sainte-Anne a Saint-Gildas-des-Bois via Meurchin,TRIP,Sainte-Anne,Saint-Gildas-des-Bois,Meurchin
S006471,Le Méridien La Ferrière puis Le Perray-en-Yvelines puis Saint-Laurent-en-Grandvaux,TRIP,Le Méridien La Ferrière,Saint-Laurent-en-Grandvaux,Le Perray-en-Yvelines
S005519,je voudrais me rendre a les ardoines depuis merxheim,TRIP,Merxheim,Les Ardoines,
S000929,Prendre le train de Saint-Hilaire-de-Chaleons a Le Grau-du-Roi,TRIP,Saint-Hilaire-de-Chaléons,Le Grau-du-Roi,
S007456,Merci,NOT_TRIP,,,
S007725,A bientot,NOT_TRIP,,,
S003695,Un billet de Négrondes a La Ville-Dieu-du-Temple,TRIP,Négrondes,La Ville-Dieu-du-Temple,
S007977,J'ai rencontre Marseille hier,NOT_TRIP,,,
S000754,depuis lardy jusqu'a rennes,TRIP,Lardy,Rennes,
S008340,la sncf c'est pas mal,NOT_TRIP,,,
S009306,Can you help me,NOT_FRENCH,,,
S009991,...,UNKNOWN,,,
S001386,"S'il vous plait, un trajet de L'Etang les Sablons a Cesson-Sévigné",TRIP,L'Etang les Sablons,Cesson-Sévigné,
S000058,De Valleiry a Pont-de-Buis,TRIP,Valleiry,Pont-de-Buis,
S000714,Je veux prendre le train de Carpentras a Sainte-Colombe,TRIP,Carpentras,Sainte-Colombe,
S007629,Je n'aime pas voyager,NOT_TRIP,,,
S003161,Comment aller de Béthune a Murat ?,TRIP,Béthune,Murat,
S003356,"Bonjour, je voudrais aller de Hénin-Beaumont a Saint-Sébastien",TRIP,Hénin-Beaumont,Saint-Sébastien,
S006784,je voudrais aller de diemeringen a saint-piat en passant par saint-blaise-la-roche poutay,TRIP,Diemeringen,Saint-Piat,Saint-Blaise-la-Roche Poutay
S001181,me rendre de le trayas a rang-du-fliers - verton - berck,TRIP,Le Trayas,Rang-du-Fliers - Verton - Berck,
S003334,je dois aller de saint-martory a sommery,TRIP,Saint-Martory,Sommery,
S003384,Je doius ailler de Mdnton a Froncles Buxières demain,TRIP,Menton,Froncles Buxières,
S001974,Prendre le train de Liesle a Hennebont,TRIP,Liesle,Hennebont,
S007653,merci,NOT_TRIP,,,
S006540,De Gourdon vers Lons-le-Saunier avec correspondance a Le Chambon-Feugerolles,TRIP,Gourdon,Lons-le-Saunier,Le Chambon-Feugerolles
S008521,Ich mochte von Paris nach Lyon fahren,NOT_FRENCH,,,
S004194,Prendre le train de Marmagne sous Creusot a Krimmeri Meinau,TRIP,Marmagne sous Creusot,Krimmeri Meinau,
S000696,Je voudrais prendre un train de Jarnac a Courbevoie,TRIP,Jarnac,Courbevoie,
S002229,Un billet de Freinville Sevran a Sept-Saulx,TRIP,Freinville Sevran,Sept-Saulx,
S009726,   ,UNKNOWN,,,
S007680,Hey,NOT_TRIP,,,
S004949,Est-ce qu'il y a un train de Angers Maître École a Brignais,TRIP,Angers Maître École,Brignais,
S006968,Train de Gstel a Dammqrtin - JJuily - Daint-Mard passant par Sisteron,TRIP,Gestel,Dammartin - Juilly - Saint-Mard,Sisteron
S006962,laneuveville-devant-nancy aurillac via biarritz,TRIP,Laneuveville-devant-Nancy,Aurillac,Biarritz
S006570,de ballan-miré vers cahors avec correspondance a éguzon-chantôme,TRIP,Ballan-Miré,Cahors,Éguzon-Chantôme
S000495,Je pars de Aulnay-sous-Bois et je vais a Sierck-les-Bains,TRIP,Aulnay-sous-Bois,Sierck-les-Bains,
S000060,Je me rends a Azay-le-Rideau depuis Najac,TRIP,Najac,Azay-le-Rideau,
S000886,Comment aller de Oulchy-Breny a Cernay (Val-d'Oise),TRIP,Oulchy-Breny,Cernay (Val-d'Oise),
S007563,Coucou,NOT_TRIP,,,
S006657,Saint-Martory puis Voujeaucourt puis Etival-Clairefontaine,TRIP,Saint-Martory,Étival-Clairefontaine,Voujeaucourt
S005974,Aller de Pleyber-Christ a Raismes avec un arret a La Villette Saint-Prest,TRIP,Pleyber-Christ,Raismes,La Villette Saint-Prest
S009571,lorem ipsum,UNKNOWN,,,
S009830,???,UNKNOWN,,,
S004880,Train de Neuville Jniversité a Noyon,TRIP,Neuville Université,Noyon,
S005674,Demain je pars de Nezel - Aulnay pour Ay,TRIP,Nézel - Aulnay,Ay,
S002103,Depart Sin-le-Noble arrivee La Gouesnière - Cancale - Saint-Méloir-des-Ondes,TRIP,Sin-le-Noble,La Gouesnière - Cancale - Saint-Méloir-des-Ondes,
S006327,De Carcassonne a Les Sables Blancs en passant par Vougeot - Gilly-lès-Cîteaux,TRIP,Carcassonne,Les Sables Blancs,Vougeot - Gilly-lès-Cîteaux
S000925,Je dois aller de Épône - Mézières a Mende,TRIP,Épône - Mézières,Mende,
S002952,Je dois aller de Etang-sur-Arroux a Etain demain,TRIP,Étang-sur-Arroux,Étain,
S003435,ce soir je vais de saubusse a niederbronn-les-bains,TRIP,Saubusse,Niederbronn-les-Bains,
S007210,Voyage,NOT_TRIP,,,
S008712,Train from Paris to Bordeaux please,NOT_FRENCH,,,
S001379,Un tirin de Gorges a Saulon,TRIP,Gorges,Saulon,
S000834,Y a-t-il un train de Chantenay-Saint-Imbert a Wambrechies ?,TRIP,Chantenay-Saint-Imbert,Wambrechies,
S008471,Je m'appelle Paris,NOT_TRIP,,,
S007893,Tu fais qquoi,NOT_TRIP,,,
S004038,Pourriez-vous me trouver un train de Vignory a La Défense Grande Arche RER E,TRIP,Vignory,La Défense Grande Arche RER E,
S005594,j'aimerais un billet de vaucresson a villeneuve-saint-georges,TRIP,Vaucresson,Villeneuve-Saint-Georges,
S006403,Saint-Dizier puis Valdahon Camp Militaire puis Les Sables Blancs,TRIP,Saint-Dizier,Les Sables Blancs,Valdahon Camp Militaire
S003962,Je veux prendre le train de Roubaix a Collonges-lès-Premières,TRIP,Roubaix,Collonges-lès-Premières,
S006146,"je pars de cavaillon, je passe par houlgate et j'arrive a pertuis",TRIP,Cavaillon,Pertuis,Houlgate
S004924,je voudrais aller de escaudœuvres a les eyzies-de-tayac-sireuil,TRIP,Escaudœuvres,Les Eyzies-de-Tayac-Sireuil,
S004127,je voudrais me rendre a angoulins sur mer depuis louroux-de-bouble,TRIP,Louroux-de-Bouble,Angoulins sur Mer,
S003885,Je veux aller de Agonac a Les Ardoines,TRIP,Agonac,Les Ardoines,
S003902,je dois aller de niort a chenonceaux demain,TRIP,Niort,Chenonceaux,
S008417,a bientot,NOT_TRIP,,,
S006156,villefranche - vernet-les-bains épinal via saint-louis la chaussée,TRIP,Villefranche - Vernet-les-Bains,Épinal,Saint-Louis La Chaussée
S003991,Un billet de Penhoët a Châteaulin,TRIP,Penhoët,Châteaulin,
S004845,je me rends a mennecy depuis parc des expositions,TRIP,Parc des Expositions,Mennecy,
S002733,je voudrais aller de saint-antoine-de-breuilh a nîmes,TRIP,Saint-Antoine-de-Breuilh,Nîmes,
S004746,Billet Mazamet Brignoud,TRIP,Mazamet,Brignoud,
S001755,je voudrais me rendre a baule depuis drusenheim,TRIP,Drusenheim,Baule,
S006829,aller de brunémont a saint-léger-sur-dheune avec un arret a labenne,TRIP,Brunémont,Saint-Léger-sur-Dheune,Labenne
S003297,direction aubusson au depart de saint-julien - clénay,TRIP,Saint-Julien - Clénay,Aubusson,
S006451,Je veux passer par Maisse pour aller de Thann Centre a Rang-du-Fliers - Verton - Berck,TRIP,Thann Centre,Rang-du-Fliers - Verton - Berck,Maisse
S001776,Demain je pars de Coucy-lès-Eppes pour Génolhac,TRIP,Coucy-lès-Eppes,Génolhac,
S004769,Je voudrais aller de Hundling a Morlaix,TRIP,Hundling,Morlaix,
S000578,Je veux prendre le train de Lutzelbourg a BBeuvry lès Béthune,TRIP,Lutzelbourg,Beuvry lès Béthune,
S000358,comment aller de villars-les-dombes a le grand jardin ?,TRIP,Villars-les-Dombes,Le Grand Jardin,
S001966,nortkerque direction le verdon-sur-mer,TRIP,Nortkerque,Le Verdon-sur-Mer,
S008020,Hello,NOT_TRIP,,,
S005856,Je vais de Trélazé a Cattenières,TRIP,Trélazé,Cattenières,
S001566,je vais de pont-saint-vincent a verneuil-sur-avre,TRIP,Pont-Saint-Vincent,Verneuil-sur-Avre,
S008472,comment ca marche,NOT_TRIP,,,
S009487,Je want to go Lyon,NOT_FRENCH,,,
S009277,Je want to go Lyon,NOT_FRENCH,,,
S000803,Depart Massiac - Blesle arrivee Chaumont,TRIP,Massiac - Blesle,Chaumont,
S007453,Au revoir,NOT_TRIP,,,
S002892,Je me rends a Gravigny Balizy depuis Rodez,TRIP,Rodez,Gravigny Balizy,
S007082,c'est trop cher,NOT_TRIP,,,
S006370,"Je pars de Les Trillers, je passe par Chemilly - Appoigny et j'arrive a Talence Médoquine",TRIP,Les Trillers,Talence Médoquine,Chemilly - Appoigny
S007115,Hello,NOT_TRIP,,,
S007277,Je m'appelle Paris,NOT_TRIP,,,
S006563,Zler de Baume-les-Dames a Montbarrey avec un arret a Graffennstaden,TRIP,Baume-les-Dames,Montbarrey,Graffenstaden
S003256,je veux me rendre a la souterraine en partant de charbonnières-les-bains,TRIP,Charbonnières-les-Bains,La Souterraine,
S006413,De Versigny a Moûtiers - Salins - Brides-les-Bains en passant par Aigrefeuille le Thou,TRIP,Versigny,Moûtiers - Salins - Brides-les-Bains,Aigrefeuille le Thou
S003100,Pourriez-vous me trouver un train de Lumes a Montlaur,TRIP,Lumes,Montlaur,
S004806,Château-Arnoux-Saint-Auban puis Saint-Aubin-sur-Scie,TRIP,Château-Arnoux-Saint-Auban,Saint-Aubin-sur-Scie,
S002617,je veux prendre le train de magnac - vicq a cahors,TRIP,Magnac - Vicq,Cahors,
S001438,Y a-t-il un train de Haussmann Saint-Lazare a Vire,TRIP,Haussmann Saint-Lazare,Vire,
S001011,Vierzon Forges - La Poterie,TRIP,Vierzon Forges,La Poterie,
S006022,"je pars de gignac - cressensac, je passe par perenchies et j'arrive a ebersheim",TRIP,Gignac - Cressensac,Ebersheim,Pérenchies
S006710,Pers Romorantin-Lanthenay via Gironde-sur-Dropt,TRIP,Pers,Romorantin-Lanthenay,Gironde-sur-Dropt
S000598,"S'il vous plait, un trajet de Bordeaux Saint-Jean a Pointe de Grave",TRIP,Bordeaux Saint-Jean,Pointe de Grave,
S000728,"S'il vous plait, un trajet de Champbenoist - Poigny a Guimiliau",TRIP,Champbenoist - Poigny,Guimiliau,
S006205,je voudrais aller de andorre – l’hospitalet a rosa parks en passant par louvres,TRIP,Andorre – l’Hospitalet,Rosa Parks,Louvres
S009975,asdfghjkl,UNKNOWN,,,
S003752,depart nimes arrivee montfort-sur-meu,TRIP,Nîmes,Montfort-sur-Meu,
S000004,Billet Montlucon Sarre-Union,TRIP,Montluçon,Sarre-Union,
S002405,Aller de La Gouesnière - Cancale - Saint-Méloir-des-Ondes a Ermont Halte,TRIP,La Gouesnière - Cancale - Saint-Méloir-des-Ondes,Ermont Halte,
S005179,Quel train pour aller de Sannois a Luc-la-Primaube,TRIP,Sannois,Luc-la-Primaube,
S009771,...,UNKNOWN,,,
S002139,"Bonjour, je voudrais aller de Quiberon a Sarre-Union",TRIP,Quiberon,Sarre-Union,
S002243,Comment aller de Bougival a Valenciennes,TRIP,Bougival,Valenciennes,
S000085,De Villefranche-sur-Cher jusqu'a Cherbourg-en-Cotentin,TRIP,Villefranche-sur-Cher,Cherbourg-en-Cotentin,
S002217,Comment aller de Vert Galant a Brunémont ?,TRIP,Vert Galant,Brunémont,
S001981,Un train de Casino Lacroix Laval a Barenton-Bugny,TRIP,Casino Lacroix Laval,Barenton-Bugny,
S002708,Depuis Naintré jusqu'a Saint-Michel-sur-Meurthe,TRIP,Naintré,Saint-Michel-sur-Meurthe,
S009687,test test test,UNKNOWN,,,
S007223,Salut,NOT_TRIP,,,
S008320,Tu fais quoi,NOT_TRIP,,,
S000844,Demain je pars de Charleville-Mezieres pour Besancon Viotte,TRIP,Charleville-Mézières,Besançon Viotte,
S009877,blablabla,UNKNOWN,,,
S002159,De Anché - Voulon jusqu'a Port-la-Nouvelle,TRIP,Anché - Voulon,Port-la-Nouvelle,
S008377,C'est quoi ce service,NOT_TRIP,,,
S001667,Beaune - Retournac,TRIP,Beaune,Retournac,
S001413,aller de saujon a herchies,TRIP,Saujon,Herchies,
S001339,train de lavaveix-les-mines a la baule les pins,TRIP,Lavaveix-les-Mines,La Baule Les Pins,
S009254,Un biglietto per Marsiglia,NOT_FRENCH,,,
S004799,un train de saint-martin d'etampes a saint-ay pour demain,TRIP,Saint-Martin d'Étampes,Saint-Ay,
S000792,biot - flez-cuzy - tannay,TRIP,Biot,Flez-Cuzy - Tannay,
S008813,How do I get to Marseille,NOT_FRENCH,,,
S006287,de velars-sur-ouche a montherme via ria-sirach,TRIP,Velars-sur-Ouche,Monthermé,Ria-Sirach
S004572,Massy - Palaiseau - Saint-Remy-en-l'Eau,TRIP,Massy - Palaiseau,Saint-Remy-en-l'Eau,
S007900,La SNCF c'est pas mal,NOT_TRIP,,,
S009299,I want aller a Paris,NOT_FRENCH,,,
S004657,de morhange jusqu'a les quatre-routes-du-lot,TRIP,Morhange,Les Quatre-Routes-du-Lot,
S004343,Je dois aller de Veigné a Meursault,TRIP,Veigné,Meursault,
S009888,ab,UNKNOWN,,,
S006183,baule puis les ramassiers puis vic - mireval,TRIP,Baule,Vic - Mireval,Les Ramassiers
S003270,un billet de hayange a bournezeau,TRIP,Hayange,Bournezeau,
S006160,Ogeu-les-Bains puis Feuquières-Fressenneville puis Moirans,TRIP,Ogeu-les-Bains,Moirans,Feuquières-Fressenneville
S006123,aller de hagondange a artenay avec un arret a walbach,TRIP,Hagondange,Artenay,Walbach
S001867,Je voudrais aller de Tende a Colombes,TRIP,Tende,Colombes,
S003873,j'aimerais un billet de moustéru a pléchâtel,TRIP,Moustéru,Pléchâtel,
S005059,je me rends a montpaon depuis ormoy-villers,TRIP,Ormoy-Villers,Montpaon,
S003729,"Bonjour, je voudrais aller de La Mothe-Saint-Héray a Villedieu-les-Poêles",TRIP,La Mothe-Saint-Héray,Villedieu-les-Poêles,
S001570,"Bonjour, je voudrais aller de Le Grau-du-Roi a Fouday",TRIP,Le Grau-du-Roi,Fouday,
S003099,comment aller de châtelaudren - plouagat a byans-sur-doubs ?,TRIP,Châtelaudren - Plouagat,Byans-sur-Doubs,
S008788,Un billete de tren por favor,NOT_FRENCH,,,
S005065,Quel train pour aller de Liancourt - Rantigny a Wacquemoulin,TRIP,Liancourt - Rantigny,Wacquemoulin,
S008140,Les trains sont souvent en retard,NOT_TRIP,,,
S004211,J'aimerais un billlet de Tricot a Golfe Juan Vallauris,TRIP,Tricot,Golfe Juan Vallauris,
S008828,Wie komme ich nach Bordeaux,NOT_FRENCH,,,
S007857,genial,NOT_TRIP,,,
S007356,je m'appelle paris,NOT_TRIP,,,
S001635,Partir de Ailly-sur-Somme vers Saint-Pierre-en-Faucigny,TRIP,Ailly-sur-Somme,Saint-Pierre-en-Faucigny,
S008501,I would like a train ticket,NOT_FRENCH,,,
S000007,Quel train de Joué-lès-Tours a Onzain - Chaumont-sur-Loire ?,TRIP,Joué-lès-Tours,Onzain - Chaumont-sur-Loire,
S000877,Je veux prendre le tran de Le Teil a Château-l'Évêque,TRIP,Le Teil,Château-l'Évêque,
S005396,Versailles Chateau Rive Gauche Saint-Lo,TRIP,Versailles Château Rive Gauche,Saint-Lô,
S006294,de saint-germain-du-puy a saint-germain-les-belles en passant par chindrieux,TRIP,Saint-Germain-du-Puy,Saint-Germain-les-Belles,Chindrieux
S001707,je voudrais prendre un train de villers-cotterêts a tulle,TRIP,Villers-Cotterêts,Tulle,
S005255,Virieu-le-Grand - Belley direction Vitre,TRIP,Virieu-le-Grand - Belley,Vitré,
S000249,Aller de Aulnay-sous-Bois a Lieusaint - Moissy,TRIP,Aulnay-sous-Bois,Lieusaint - Moissy,
S005714,Me rendre de Lyon Vaise a Bois-le-Roi,TRIP,Lyon Vaise,Bois-le-Roi,
S002653,Y a-t-il un tran de Villeneuve-lès-Maguelone a Pavilly ?,TRIP,Villeneuve-lès-Maguelone,Pavilly,
S007834,Aujourd'hui,NOT_TRIP,,,
S003860,Partir de Tracy - Sancerre pour Auneau,TRIP,Tracy - Sancerre,Auneau,
S003132,Comment aler de Bessay-sur-Allier a Montceau-les-Mines,TRIP,Bessay-sur-Allier,Montceau-les-Mines,
S005925,Je pars de Strazeele et je vais a Vaucelles,TRIP,Strazeele,Vaucelles,
S000758,j'aimerais aller de évry-courcouronnes a faremoutiers - pommeuse,TRIP,Évry-Courcouronnes,Faremoutiers - Pommeuse,
S005834,Voyage de Saint-Malo a Neuville-sur-Sarthe,TRIP,Saint-Malo,Neuville-sur-Sarthe,
S001620,ce soir je vais de pont-de-veyle a thomery,TRIP,Pont-de-Veyle,Thomery,
S008699,How do I get to Marseille,NOT_FRENCH,,,
S007814,C'est quoi ce service,NOT_TRIP,,,
S008258,Hello,NOT_TRIP,,,
S007316,Hey,NOT_TRIP,,,
S007752,demain,NOT_TRIP,,,
S006105,de chelles - gournay a trith-saint-léger via marles-en-brie,TRIP,Chelles - Gournay,Trith-Saint-Léger,Marles-en-Brie
S000528,pagny-sur-moselle vers gauriaguet,TRIP,Pagny-sur-Moselle,Gauriaguet,
S009323,What is the best route,NOT_FRENCH,,,
S004964,Est-ce qu'il y a un train de La Croix de Méan a Coutances,TRIP,La Croix de Méan,Coutances,
S004230,Train de Saint-Saviol a Vaisrme,TRIP,Saint-Saviol,Viarmes,
S000712,Un train de Villers-Saint-Sepulcre a Sedan,TRIP,Villers-Saint-Sépulcre,Sedan,
S003130,Un train de Chevaigné a Beaucaire,TRIP,Chevaigné,Beaucaire,
S008116,Bonsoir,NOT_TRIP,,,
S002430,Je vais a Cerons depuis La Suze-sur-Sarthe,TRIP,La Suze-sur-Sarthe,Cérons,
S007584,Bonjour,NOT_TRIP,,,
S008563,Ich mochte von Paris nach Lyon fahren,NOT_FRENCH,,,
S006036,"je pars de chouzy-sur-cisse, je passe par beard et j'arrive a saint-jean-de-maurienne arvan",TRIP,Chouzy-sur-Cisse,Saint-Jean-de-Maurienne Arvan,Béard
S006802,de verneuil-sur-avre a le vert de maisons via gerzat,TRIP,Verneuil-sur-Avre,Le Vert de Maisons,Gerzat
S004449,De Caudry jusqu'a Saint-Rambert-en-Bugey,TRIP,Caudry,Saint-Rambert-en-Bugey,
S007744,Un train,NOT_TRIP,,,
S001594,Un billet de Breuillet - Bruyères-le-Châtel a Sarcelles - Saint-Brice,TRIP,Breuillet - Bruyères-le-Châtel,Sarcelles - Saint-Brice,
S003767,Un train de Folligny a Saint-André-le-Gaz,TRIP,Folligny,Saint-André-le-Gaz,
S004475,"s'il vous plait, un trajet de strazeele a tillières",TRIP,Strazeele,Tillières,
S003487,Demain je pars de Plouaret Trégor pour Salon-de-Provence,TRIP,Plouaret Trégor,Salon-de-Provence,
S004742,Je sohaite aller de Béziers a Bauvin - Provin,TRIP,Béziers,Bauvin - Provin,
S008351,voyage,NOT_TRIP,,,
S002408,De Plounerin a Vauvert,TRIP,Plounérin,Vauvert,
S009016,Quiero ir de Paris a Lyon,NOT_FRENCH,,,
S003004,me rendre de cassis a dourges,TRIP,Cassis,Dourges,
S008834,I want to go from Paris to Lyon,NOT_FRENCH,,,
S000626,De Le Cellier jusqu'a Bessay-sur-Allier,TRIP,Le Cellier,Bessay-sur-Allier,
S007051,genial,NOT_TRIP,,,
S000043,le buet puis neufchâtel-hardelot,TRIP,Le Buet,Neufchâtel-Hardelot,
S002081,Voyage de Vif a La Souterraine,TRIP,Vif,La Souterraine,
S004715,Je pars de Saint-Antoine-de-Breuilh pour aller a Esches,TRIP,Saint-Antoine-de-Breuilh,Esches,
S004894,Un train de Saint-Geours-de-Maremne a Vauboyen,TRIP,Saint-Geours-de-Maremne,Vauboyen,
S008156,Qu'est-ce que tu peux faire,NOT_TRIP,,,
S002508,Voyage de Pougny - Chancy a Jarrie - Vizille,TRIP,Pougny - Chancy,Jarrie - Vizille,
S006427,Je veux passer par Illiers-Combray pour aller de Limoges Bénédictins a Les Quatre-Routes-du-Lot,TRIP,Limoges Bénédictins,Les Quatre-Routes-du-Lot,Illiers-Combray
S010000,blablabla,UNKNOWN,,,
S003357,Donges - Bayon,TRIP,Donges,Bayon,
S008715,Ich mochte von Paris nach Lyon fahren,NOT_FRENCH,,,
S004317,"Bonjour, je voudrais aller de Lumes a Bords",TRIP,Lumes,Bords,
S000272,Comment aller de Chevaigné a Créteil Pompadour,TRIP,Chevaigné,Créteil Pompadour,
S008294,demain,NOT_TRIP,,,
S008779,Ein Zug nach Marseille bitte,NOT_FRENCH,,,
S007185,help,NOT_TRIP,,,
S001721,Pourriez-vous me trouver un train de Plounérin a Sévérac-d'Aveyron,TRIP,Plounérin,Sévérac-d'Aveyron,
S002866,Partir de Latour-de-Carol - Enveitg vers Villennes-sur-Seine,TRIP,Latour-de-Carol - Enveitg,Villennes-sur-Seine,
S006556,frasne puis pont de bois puis aiserey,TRIP,Frasne,Aiserey,Pont de Bois
S006832,Lezennes puis Le Chénay Gagny puis Broons,TRIP,Lezennes,Broons,Le Chénay Gagny
S000962,Je dois aller de Bords a Pontchateau,TRIP,Bords,Pontchâteau,
S002167,Ce soir je vais de Monts a Roquebrune-Cap-Martin,TRIP,Monts,Roquebrune-Cap-Martin,
S009963,lorem ipsum,UNKNOWN,,,
S006677,Je voudrais aller de Saint-Symphorien-de-Marmagne a Gisors en passant par Mantes-la-Jolie,TRIP,Saint-Symphorien-de-Marmagne,Gisors,Mantes-la-Jolie
S003684,je voudrais me rendre a châteauneuf-sur-charente depuis trentels-ladignac,TRIP,Trentels-Ladignac,Châteauneuf-sur-Charente,
S002611,Un billet de Vielmur-sur-Agout a Meulan - Hardricourt,TRIP,Vielmur-sur-Agout,Meulan - Hardricourt,
S007421,Troyes est un prenom original,NOT_TRIP,,,
S007445,Hello,NOT_TRIP,,,
S004027,me rendre de strazeele a paris bercy bourgogne - pays d'auvergne,TRIP,Strazeele,Paris Bercy Bourgogne - Pays d'Auvergne,
S009765,123456,UNKNOWN,,,
S006395,de saint-bonnet-de-rochefort a montpellier sud de france via les vallées,TRIP,Saint-Bonnet-de-Rochefort,Montpellier Sud de France,Les Vallées
S009706,qwerty,UNKNOWN,,,
S004889,De Bussezu su Creuse a Saint-Georges-de-Luzznçon,TRIP,Busseau sur Creuse,Saint-Georges-de-Luzençon,
S003023,Depart Lyon Vaise arrivee Angoulins sur Mer,TRIP,Lyon Vaise,Angoulins sur Mer,
S001358,Un billet de Béziers a Avignoon TGV,TRIP,Béziers,Avignon TGV,
S009027,Je want to go Lyon,NOT_FRENCH,,,
S000115,y a-t-il un train de saint-amand-les-eaux a pougny - chancy,TRIP,Saint-Amand-les-Eaux,Pougny - Chancy,
S003323,je vais a montbard depuis boissy-l'aillerie,TRIP,Boissy-l'Aillerie,Montbard,
S008537,Vorrei andare da Parigi a Lione,NOT_FRENCH,,,
S006820,de picquigny a brétigny-sur-orge en passant par laigneville,TRIP,Picquigny,Brétigny-sur-Orge,Laigneville
S007964,Demain,NOT_TRIP,,,
S002023,Je pars de Argentan et je vais a Valence TGV Rhône-Alpes Sud,TRIP,Argentan,Valence TGV Rhône-Alpes Sud,
S003623,Depuis Mouans-Sartoux jusqu'a Marmagne,TRIP,Mouans-Sartoux,Marmagne,
S003687,de paris montparnasse jusqu'a bollène la croisière,TRIP,Paris Montparnasse,Bollène La Croisière,
S001023,"S'il vous plait, un trajet de Villabé a Margaux",TRIP,Villabé,Margaux,
S007578,A bientot,NOT_TRIP,,,
S005095,Je voyage de Portets a Les Eyzies-de-Tayac-Sireuil,TRIP,Portets,Les Eyzies-de-Tayac-Sireuil,
S009079,Ich mochte von Paris nach Lyon fahren,NOT_FRENCH,,,
S006019,De Montsoult - Maffliers a Billy-Montigny via Saint-Chéron,TRIP,Montsoult - Maffliers,Billy-Montigny,Saint-Chéron
S005930,Je pars de Loos lez Lille et je vais a Saint-Erme-Outre-et-Ramecourt,TRIP,Loos lez Lille,Saint-Erme-Outre-et-Ramecourt,
S002772,Montérolier - Buchy Gannat,TRIP,Montérolier - Buchy,Gannat,
S006879,"Je pars de Lamanon, je passe par Arles et j'arrive a Le Bruel",TRIP,Lamanon,Le Bruel,Arles
S001987,Sallanches - Combloux - Megeve direction Saint-Jory,TRIP,Sallanches - Combloux - Megève,Saint-Jory,
S004233,quel train pour aller de saint-jean-pied-de-port a chateaulin,TRIP,Saint-Jean-Pied-de-Port,Châteaulin,
S004526,Couilly - Saint-Germain - Quincy Dinan,TRIP,Couilly - Saint-Germain - Quincy,Dinan,
S009295,Como llego a Marsella,NOT_FRENCH,,,
S005072,je pars de neufchateau pour aller a forbach,TRIP,Neufchâteau,Forbach,
S002559,Voyager de Longueil-Annel vers Bouray,TRIP,Longueil-Annel,Bouray,
S005501,orchies puis podensac,TRIP,Orchies,Podensac,
S008762,Train from Paris to Bordeaux please,NOT_FRENCH,,,
S007035,arriver,NOT_TRIP,,,
S008587,Can you help me,NOT_FRENCH,,,
S003545,Est-ce qu'il y a un train de Prunay a Bièvres,TRIP,Prunay,Bièvres,
S008313,C'est trop cher,NOT_TRIP,,,
S001197,Partir de Lardy pour Cattenières,TRIP,Lardy,Cattenières,
S007655,je m'appelle paris,NOT_TRIP,,,
S005505,Je voudrais aller de Fellering a Retournac,TRIP,Fellering,Retournac,
S003473,Je vais de Mauves-sur-Loire a Ranguin,TRIP,Mauves-sur-Loire,Ranguin,
S002322,Je me rends a Fourmies depuis Saint-Denis-des-Murs,TRIP,Saint-Denis-des-Murs,Fourmies,
S009427,Ich mochte von Paris nach Lyon fahren,NOT_FRENCH,,,
S006011,"Je pars de Homécourt, je passe par Avignon Centre et j'arrive a Étain",TRIP,Homécourt,Étain,Avignon Centre
S007055,Il fait beau aujourd'hui,NOT_TRIP,,,
S006995,Train de Willer-sur-Thur a La Chaussée-Saint-Victor passant par Carnoët - Locarn,TRIP,Willer-sur-Thur,La Chaussée-Saint-Victor,Carnoët - Locarn
S008607,Vorrei andare da Parigi a Lione,NOT_FRENCH,,,
S003795,depart de theillay arrivee a fontenay-le-fleury,TRIP,Theillay,Fontenay-le-Fleury,
S002830,Voyager de Bessay-sur-Allier vers La Ferte-Imbault,TRIP,Bessay-sur-Allier,La Ferté-Imbault,
S006073,Darsac puis Sèvres - Ville-d'Avray puis Gerzat,TRIP,Darsac,Gerzat,Sèvres - Ville-d'Avray
S002516,"S'il vous plait, un trajet de Ostricourt a Halsou - Larressore",TRIP,Ostricourt,Halsou - Larressore,
S009416,I need to travel tomorrow,NOT_FRENCH,,,
S004010,Je veux me rendre a Crouy en partant de Saint-Ouen-l'Aumône,TRIP,Saint-Ouen-l'Aumône,Crouy,
S007341,D'accord,NOT_TRIP,,,
S001143,De Mareil-Marly a Meung-sur-Loire,TRIP,Mareil-Marly,Meung-sur-Loire,
S004444,Je voyage de Urmatt a Villeneuve-Saint-Georges,TRIP,Urmatt,Villeneuve-Saint-Georges,
S009855,!!!,UNKNOWN,,,
S002208,Depart de Aspres-sur-Buëch arrivee a Saint-Fons,TRIP,Aspres-sur-Buëch,Saint-Fons,
S007102,Aujourd'hui,NOT_TRIP,,,
S009628,!!!,UNKNOWN,,,
S000490,La Madeleine - Chambourg-sur-Indre,TRIP,La Madeleine,Chambourg-sur-Indre,
S001899,"s'il vous plait, un trajet de dannemarie a le burg",TRIP,Dannemarie,Le Burg,
S001424,Je voudrais aller de La Chapelle Aulnay a Saint-Rambert-en-Bugey,TRIP,La Chapelle Aulnay,Saint-Rambert-en-Bugey,
S007260,Je veux aller,NOT_TRIP,,,
S000048,Depuis Villeneuve-le-Roi jusqu'a Quiberon,TRIP,Villeneuve-le-Roi,Quiberon,
S005218,Je pars de Golfe uan Vallauris et je vais a Chantenay,TRIP,Golfe Juan Vallauris,Chantenay,
S000069,prendre le train de port-la-nouvelle a baziège,TRIP,Port-la-Nouvelle,Baziège,
S005799,Est-ce qu'il y a un train de Mailly-la-Ville a Villiers - Neauphle - Pontchartrain,TRIP,Mailly-la-Ville,Villiers - Neauphle - Pontchartrain,
S009995,a,UNKNOWN,,,
S001645,prendre le train de biot a la trinité victor,TRIP,Biot,La Trinité Victor,
S006433,De Méricourt - Ribemont a Gournay - Ferrières via Tanus,TRIP,Méricourt - Ribemont,Gournay - Ferrières,Tanus
S009834,   ,UNKNOWN,,,
S000304,Voyager de Chalon-sur-Saône vers Merxheim,TRIP,Chalon-sur-Saône,Merxheim,
S007722,Je n'aime pas voyager,NOT_TRIP,,,
S007570,Qu'est-ce que tu peux faire,NOT_TRIP,,,
S002934,Mohon vers Appilly,TRIP,Mohon,Appilly,
S004162,Severac puis Renescure,TRIP,Sévérac,Renescure,
S009371,Un billete de tren por favor,NOT_FRENCH,,,
S001414,De Saint-Ouen-l'Aumône Liesse jusqu'a Carhaix-Plouguer,TRIP,Saint-Ouen-l'Aumône Liesse,Carhaix-Plouguer,
S002164,annecy vers laroquebrou,TRIP,Annecy,Laroquebrou,
S006233,"je pars de ermont - eaubonne, je passe par grand-combe la pise et j'arrive a escaudœuvres",TRIP,Ermont - Eaubonne,Escaudœuvres,Grand-Combe la Pise
S004980,Y a-t-il un train de Gennevilliers a Cessieu ?,TRIP,Gennevilliers,Cessieu,
S000674,Quel train pour aller de Ponthierry - Pringy a Vern-sur-Seiche,TRIP,Ponthierry - Pringy,Vern-sur-Seiche,
S007021,hey,NOT_TRIP,,,
S005134,y a-t-il un train de charbonnieres-les-bains a la grande-paroisse,TRIP,Charbonnières-les-Bains,La Grande-Paroisse,
S005463,Comment aller de Magnac - Vicq a Gonfaron,TRIP,Magnac - Vicq,Gonfaron,
S007177,J'aime les trains,NOT_TRIP,,,
S000512,J'aimerais aller de Saint-Avold a Orthez,TRIP,Saint-Avold,Orthez,
S002413,Un train de Flaxlanden a Vaulry pour demain,TRIP,Flaxlanden,Vaulry,
S009781,blablabla,UNKNOWN,,,
S008983,Book a ticket for me,NOT_FRENCH,,,
S001958,y a-t-il un train de hyères a malesherbes ?,TRIP,Hyères,Malesherbes,
S003360,Un train de Gannat a Ceerizay pour demaein,TRIP,Gannat,Cerizay,
S008408,Hey,NOT_TRIP,,,
S000017,Quel train de Cavaillon a Epfig ?,TRIP,Cavaillon,Epfig,
S006317,de oudon a nerondes en passant par mareil-sur-mauldre,TRIP,Oudon,Nérondes,Mareil-sur-Mauldre
S005781,Je vrux aller de Vieuxx-Thann Zone Industrielle a Louvroil,TRIP,Vieux-Thann Zone Industrielle,Louvroil,
S009263,Je want to go Lyon,NOT_FRENCH,,,
S008287,Ok,NOT_TRIP,,,
S009903,123456,UNKNOWN,,,
S008605,I want aller a Paris,NOT_FRENCH,,,
S008301,Ok,NOT_TRIP,,,
S007373,Je n'aime pas voyager,NOT_TRIP,,,
S002207,J'aimerais un billet de Maisons-Laffitte a Joigny,TRIP,Maisons-Laffitte,Joigny,
S008309,Aujourd'hui,NOT_TRIP,,,
S003022,Je veux prendre le train de Gievres a Bressuire,TRIP,Gièvres,Bressuire,
S003367,je veux aller de langeais a vielmur-sur-agout,TRIP,Langeais,Vielmur-sur-Agout,
S003253,j'aimerais un billet de veigné a chelles - gournay,TRIP,Veigné,Chelles - Gournay,
S009017,I want to go from Paris to Lyon,NOT_FRENCH,,,
S000214,castelsarrasin vers rosny-sous-bois,TRIP,Castelsarrasin,Rosny-sous-Bois,
S003236,Je me rends a Beautiran depuit Cransac,TRIP,Cransac,Beautiran,
S007488,Partir,NOT_TRIP,,,
S001505,Je vais a Aurec-sur-Loire depui Avignonet-Lauragais,TRIP,Avignonet-Lauragais,Aurec-sur-Loire,
S002567,Je voudrai aler de Quimper a La Bernerie-en-Retz,TRIP,Quimper,La Bernerie-en-Retz,
S003941,Depart de Chamonix-Mont-Blanc arrivee a Saint-Etienne Le Clapier,TRIP,Chamonix-Mont-Blanc,Saint-Étienne Le Clapier,
S004925,Je dois alle de La Crau a Les Moussoux,TRIP,La Crau,Les Moussoux,
S000246,y a-t-il un train de ponthierry - pringy a cesson ?,TRIP,Ponthierry - Pringy,Cesson,
S008199,Arriver,NOT_TRIP,,,
S001447,Depuis Cesson jusqu'a Menton,TRIP,Cesson,Menton,
S006758,Aller de Cannes a Virieu-le-Grand - Belley avec un arret a Haybes,TRIP,Cannes,Virieu-le-Grand - Belley,Haybes
S006389,"Je pars dde Cernay (Haut-Rhin), je passe par Leo Monastier-Pin-Miriès et u'arrive a La Verrière",TRIP,Cernay (Haut-Rhin),La Verrière,Le Monastier-Pin-Moriès
S009620,ab,UNKNOWN,,,
S009649,@#$%,UNKNOWN,,,
S002435,Un train de Varennes-sur-Fouzon a Tillières,TRIP,Varennes-sur-Fouzon,Tillières,
S004476,Prendre le train de Saint-Quentin en Yvelines - Montigny-le-Bretonneux a Reichshoffen,TRIP,Saint-Quentin en Yvelines - Montigny-le-Bretonneux,Reichshoffen,
S008863,I need to travel tomorrow,NOT_FRENCH,,,
S009637,a,UNKNOWN,,,
S000862,Je pars de Gironde-sur-Dropt et je vais a Brebières,TRIP,Gironde-sur-Dropt,Brebières,
S009524,asdfghjkl,UNKNOWN,,,
S004703,Voyage de Boisseaux a Louveciennes,TRIP,Boisseaux,Louveciennes,
S001536,demain je pars de mazingarbe pour drancy,TRIP,Mazingarbe,Drancy,
S007074,je n'aime pas voyager,NOT_TRIP,,,
S009231,I would like a train ticket,NOT_FRENCH,,,
S005875,Me rendre de Les Mais a Sarre-Union,TRIP,Les Mais,Sarre-Union,
S002112,Un train de Wissembourg a Négrondes,TRIP,Wissembourg,Négrondes,
S009478,What is the best route,NOT_FRENCH,,,
S007939,Hey,NOT_TRIP,,,
S001170,j'aimerais un billet de martigné-ferchaud a luc-la-primaube,TRIP,Martigné-Ferchaud,Luc-la-Primaube,
S004410,Depaet Cuormery arrvee Rambouillet,TRIP,Cormery,Rambouillet,
S001802,je voudrais aller de goussainville a latour-de-carol - enveitg,TRIP,Goussainville,Latour-de-Carol - Enveitg,
S002143,J'aimerais un billet de Luchon a Saint-Amour,TRIP,Luchon,Saint-Amour,
S001522,Depart de Fors arrivee a Breteil,TRIP,Fors,Breteil,
S002323,margaux direction reaumont - saint-cassien,TRIP,Margaux,Réaumont - Saint-Cassien,
S008887,Vorrei andare da Parigi a Lione,NOT_FRENCH,,,
S008626,I want aller a Paris,NOT_FRENCH,,,
S006881,Aller de Crest a Cerbere avec un arret a La Wantzenau,TRIP,Crest,Cerbère,La Wantzenau
S003293,Comment aller de Ambazac a Achères Ville,TRIP,Ambazac,Achères Ville,
S009518,???,UNKNOWN,,,
S008371,La SNCF c'est pas mal,NOT_TRIP,,,
S006632,Je voudrais aller de Juziers a Ailly-sur-Noye en passant par Lyon Saint-Exupéry TGV,TRIP,Juziers,Ailly-sur-Noye,Lyon Saint-Exupéry TGV
S001943,je pars de noisy-le-roi et je vais a ris-orangis,TRIP,Noisy-le-Roi,Ris-Orangis,
S007521,Je voudrais,NOT_TRIP,,,
S003140,"S'il vous plaot, un trajet de Les Marttes-de-Veyre a Montigny-suar-Loing",TRIP,Les Martres-de-Veyre,Montigny-sur-Loing,
S005853,"s'il vous plait, un trajet de blanzy a gravigny balizy",TRIP,Blanzy,Gravigny Balizy,
S003641,billet avenue henri martin luzenac - garanou,TRIP,Avenue Henri Martin,Luzenac - Garanou,
S000078,Je pars de Albigny - Neuville pour aller a Pagny-sur-Moselle,TRIP,Albigny - Neuville,Pagny-sur-Moselle,
S000934,aller de iwuy a la borne blanche,TRIP,Iwuy,La Borne Blanche,
S007091,C'est quoi ce service,NOT_TRIP,,,
S005677,Partir de Fontenau-ld-Fleuru vers Zimlisheeim,TRIP,Fontenay-le-Fleury,Zillisheim,
S004783,Prendre le train de Mont de Terre a Bouray,TRIP,Mont de Terre,Bouray,
S008366,Je n'aime pas voyager,NOT_TRIP,,,
S009038,I want aller a Paris,NOT_FRENCH,,,
S007138,il fait beau aujourd'hui,NOT_TRIP,,,
S006024,Train de Saint-Sébastien a Plouvara - Plerneuf passant par Longjumeau,TRIP,Saint-Sébastien,Plouvara - Plerneuf,Longjumeau
S007810,la sncf c'est pas mal,NOT_TRIP,,,
S006387,de maroeuil vers saint-denis-de-pile avec correspondance a reuilly,TRIP,Maroeuil,Saint-Denis-de-Pile,Reuilly
S009011,I want aller a Paris,NOT_FRENCH,,,
S004376,boutigny-sur-essonne molsheim,TRIP,Boutigny-sur-Essonne,Molsheim,
S006213,je voudrais aller de wittring a longuerue - vieux-manoir en passant par essonnes robinson,TRIP,Wittring,Longuerue - Vieux-Manoir,Essonnes Robinson
S009366,Je want to go Lyon,NOT_FRENCH,,,
S009869,lorem ipsum,UNKNOWN,,,
S006438,Je veux passer par Briare pour aller de Auvers-sur-Oise a Saint-Remy-en-l'Eau,TRIP,Auvers-sur-Oise,Saint-Remy-en-l'Eau,Briare
S000796,de culmont - chalindrey a remy,TRIP,Culmont - Chalindrey,Remy,
S006993,Train de Belvezet a Penne-d'Agenais passant par Trie-Chateau,TRIP,Belvezet,Penne-d'Agenais,Trie-Château
S003028,La Ferté-Milon - Lézignan-Corbières,TRIP,La Ferté-Milon,Lézignan-Corbières,
S000511,avenay vers plerguer,TRIP,Avenay,Plerguer,
S009237,Vorrei andare da Parigi a Lione,NOT_FRENCH,,,
S000633,Je veux me rendre a Breuillet - Bruyèreq-le-Châtel en partant de Luc,TRIP,Luc,Breuillet - Bruyères-le-Châtel,
S006681,De Lavaufranche a Les Versannes via Rethel,TRIP,Lavaufranche,Les Versannes,Rethel
S009262,Vorrei andare da Parigi a Lione,NOT_FRENCH,,,
S006478,De Paulhaguet a Èze via Saint-Denis-de-Pile,TRIP,Paulhaguet,Èze,Saint-Denis-de-Pile
S000092,mennetou-sur-cher saint-aunès,TRIP,Mennetou-sur-Cher,Saint-Aunès,
S001904,Un train de Vire a Landaul - Mendon,TRIP,Vire,Landaul - Mendon,
S005890,Je dois aller de Cloyes-sur-le-Loir a Chapeauroux demain,TRIP,Cloyes-sur-le-Loir,Chapeauroux,
S003953,"s'il vous plait, un trajet de gilley a vonnas",TRIP,Gilley,Vonnas,
S008151,qu'est-ce que tu peux faire,NOT_TRIP,,,
S008261,D'accord,NOT_TRIP,,,
S006252,Aller de Freinville Sevran a Thiaville-sur-Meurthe avec un arret a Dives-sur-Mer Port Guillaume,TRIP,Freinville Sevran,Thiaville-sur-Meurthe,Dives-sur-Mer Port Guillaume
S007311,a bientot,NOT_TRIP,,,
S005149,Depart Marseille Saint-Charles arrivee Sainr-Vincent le Château,TRIP,Marseille Saint-Charles,Saint-Vincent le Château,
S000719,Demain je pars de Clermont-Ferrand pour Poitiers,TRIP,Clermont-Ferrand,Poitiers,
S006304,"je pars de rosny bois perrier, je passe par marseille blancarde et j'arrive a arras",TRIP,Rosny Bois Perrier,Arras,Marseille Blancarde
S008216,Salut,NOT_TRIP,,,
S002431,Un billet de Montpaon a Montérolier - Buchy,TRIP,Montpaon,Montérolier - Buchy,
S009730,...,UNKNOWN,,,
S001376,J'aimerais un billet de Survilliers - Fosses a Bolbec-Nointot,TRIP,Survilliers - Fosses,Bolbec-Nointot,
S003880,quel train pour aller de paris montparnasse a notre-dame de briancon,TRIP,Paris Montparnasse,Notre-Dame de Briançon,
S004212,Je me rends a Annappes depuis Hasenrain,TRIP,Hasenrain,Annappes,
S002848,Je me rends a Mrgival depuis Rosa Parks,TRIP,Rosa Parks,Margival,
S007327,partir,NOT_TRIP,,,
S005075,je voudrais prendre un train de aix-en-provence a balagny saint-épin,TRIP,Aix-en-Provence,Balagny Saint-Épin,
S000298,Bordeauax Saaint-Jean direction Le Cotezu,TRIP,Bordeaux Saint-Jean,Le Coteau,
S000921,partir de cousance pour mussidan,TRIP,Cousance,Mussidan,
S000336,Je dois aller de Peille a Lamarche demain,TRIP,Peille,Lamarche,
S003425,Depart Givors Canal arrivee Gretz-Armainvilliers,TRIP,Givors Canal,Gretz-Armainvilliers,
S007149,Hey,NOT_TRIP,,,
S007175,bonsoir,NOT_TRIP,,,
S002383,Partir de Saint-Leu-d'Esserent pour Ceilhes - Roqueredonde,TRIP,Saint-Leu-d'Esserent,Ceilhes - Roqueredonde,
S005924,Saint-Victurnien vers Yvetot,TRIP,Saint-Victurnien,Yvetot,
S000772,la chapelle aulnay byans-sur-doubs,TRIP,La Chapelle Aulnay,Byans-sur-Doubs,
S008335,Albert est mon cousin,NOT_TRIP,,,
S009196,Book a ticket for me,NOT_FRENCH,,,
S000454,je vais a la borne blanche depuis le mans,TRIP,Le Mans,La Borne Blanche,
S001763,voyage de baule a boisseaux,TRIP,Baule,Boisseaux,
S000124,"s'il vous plait, un trajet de trappes a saint-martin-de-crau",TRIP,Trappes,Saint-Martin-de-Crau,
S006480,je veux passer par dambach-la-ville pour aller de la fresnais a saint-paterne-racan,TRIP,La Fresnais,Saint-Paterne-Racan,Dambach-la-Ville
S004497,pourriez-vous me trouver un train de pont-de-veyle a anché - voulon,TRIP,Pont-de-Veyle,Anché - Voulon,
S009435,Train from Paris to Bordeaux please,NOT_FRENCH,,,
S000301,Saint-Pierre-des-Corps vers Pont-de-Buis,TRIP,Saint-Pierre-des-Corps,Pont-de-Buis,
S004044,Quel train pour aller de Blangy-sur-Ternoise a Sainte-Cecile-d'Andorge,TRIP,Blangy-sur-Ternoise,Sainte-Cécile-d'Andorge,
S008226,je veux aller,NOT_TRIP,,,
S006716,"Je pars de Marmande, je passe par Aigues-Mortes et j'arrive a Saint-Laurent-en-Grandvaux",TRIP,Marmande,Saint-Laurent-en-Grandvaux,Aigues-Mortes
S008613,Je want to go Lyon,NOT_FRENCH,,,
S009633,a,UNKNOWN,,,
S006388,De Saint-Vincent-de-Tyrosseu vees Saint-Égrève Zaint-Robert avec correspondance a Uzerche,TRIP,Saint-Vincent-de-Tyrosse,Saint-Égrève Saint-Robert,Uzerche
S007666,salut,NOT_TRIP,,,
S003290,Billet Chaulnes Zillisheim,TRIP,Chaulnes,Zillisheim,
S009569,@#$%,UNKNOWN,,,
S008128,nice de te rencontrer,NOT_TRIP,,,
S004683,Je voyage de Cherbourg-en-Cotentin a Sartrouville,TRIP,Cherbourg-en-Cotentin,Sartrouville,
S002506,Je souhaite aller de Breteil a Mâlain,TRIP,Breteil,Mâlain,
S009619,...,UNKNOWN,,,
S000809,Je vais a Dol-de-Bretagne depuis Etang-sur-Arroux,TRIP,Étang-sur-Arroux,Dol-de-Bretagne,
S009415,How do I get to Marseille,NOT_FRENCH,,,
S001099,De Herny a Saint-Antoine-du-Rocher,TRIP,Herny,Saint-Antoine-du-Rocher,
S006200,De Couffoulens - Leuc vers Nesle avec correspondance a La Levade,TRIP,Couffoulens - Leuc,Nesle,La Levade
S009545,   ,UNKNOWN,,,
S005425,un train de brest a broons pour demain,TRIP,Brest,Broons,
S002038,"Bonjour, je voudrais aller de Goxwiller a Remy",TRIP,Goxwiller,Remy,
S002007,Je pars de Caffiers pour aller a La Chaize-le-Vicomte,TRIP,Caffiers,La Chaize-le-Vicomte,
S000416,Je veux prendre le train de Saint-Priest-Taurion a Hasenrain,TRIP,Saint-Priest-Taurion,Hasenrain,
S004319,direction tournemire - roquefort au depart de mulhouse zu rhein tram-train,TRIP,Mulhouse Zu Rhein Tram-Train,Tournemire - Roquefort,
S003654,Quel train pour aller de Ecully - Tassin a Chantilly - Gouvieux,TRIP,Ecully - Tassin,Chantilly - Gouvieux,
S004972,Je dois aller de Woippy a Labège Village demain,TRIP,Woippy,Labège Village,
S004535,Je pars de Damiatte - Saint-Paul et je vais a Estavar,TRIP,Damiatte - Saint-Paul,Estavar,
S004566,Chalais direction Pouxeux,TRIP,Chalais,Pouxeux,
S006132,Train de Garches - Marnes-la-Coquette a Balagny Saint-Épin passant par Montastruc-la-Conseillère,TRIP,Garches - Marnes-la-Coquette,Balagny Saint-Épin,Montastruc-la-Conseillère
S003213,Je voudrais prendre un train de Moosch a Savigny-sur-Orge,TRIP,Moosch,Savigny-sur-Orge,
S006280,"je pars de saint-germain-des-fosses, je passe par bethune et j'arrive a neufchatel-hardelot",TRIP,Saint-Germain-des-Fossés,Neufchâtel-Hardelot,Béthune
S006357,de lisière pereire vers thouaré-sur-loire avec correspondance a wattignies - templemars,TRIP,Lisière Pereire,Thouaré-sur-Loire,Wattignies - Templemars
S006179,Le Trayas puius La Fette - Montigy puis Embrun,TRIP,Le Trayas,Embrun,La Frette - Montigny
S005525,aller de ermont halte a prouvy - thiant,TRIP,Ermont Halte,Prouvy - Thiant,
S009895,,UNKNOWN,,,
S008906,Ich mochte von Paris nach Lyon fahren,NOT_FRENCH,,,
S007197,Tu fais quoi,NOT_TRIP,,,
S005484,Est-ce qu'il y a un train dd Gandrqnge - Amnéville  Pamiers,TRIP,Gandrange - Amnéville,Pamiers,
S006394,"je pars de fourmies, je passe par bailleau-le-pin et j'arrive a poligny",TRIP,Fourmies,Poligny,Bailleau-le-Pin
S007607,Nice de te rencontrer,NOT_TRIP,,,
S005128,goxwiller magny - blandainville,TRIP,Goxwiller,Magny - Blandainville,
S008973,Can you help me,NOT_FRENCH,,,
S000983,Prendre le train de La Rochelle Porte Dauphine a Baccarat,TRIP,La Rochelle Porte Dauphine,Baccarat,
S000499,Je vais de Bièvres a Saint-Germain-les-Belles,TRIP,Bièvres,Saint-Germain-les-Belles,
S008677,I would like a train ticket,NOT_FRENCH,,,
S007180,Mon ami Lyon va bien,NOT_TRIP,,,
S007734,C'est quoi ce service,NOT_TRIP,,,
S001741,Direction Graffenstaden au depart de Cattenières,TRIP,Cattenières,Graffenstaden,
S009015,Quiero ir de Paris a Lyon,NOT_FRENCH,,,
S004296,Comment aller de Lentilly Charpenay a Salomé,TRIP,Lentilly Charpenay,Salomé,
S007866,Les trains sont souvenet en retard,NOT_TRIP,,,
S001544,Ce soir je vais de Kerhuon a Pont de Sallaumines,TRIP,Kerhuon,Pont de Sallaumines,
S003061,Depuis Neuilly - Porte Maillot jusqu'a Le Coteau,TRIP,Neuilly - Porte Maillot,Le Coteau,
S001299,Je voudrais me rendre a Noyelles-sur-Mer depuis Tulle,TRIP,Tulle,Noyelles-sur-Mer,
S006312,De Pont-de-Veyle a Les Gresillons via Onzain - Chaumont-sur-Loire,TRIP,Pont-de-Veyle,Les Grésillons,Onzain - Chaumont-sur-Loire
S006323,Aller de Dian a Noyen-sur-Sarthie avvec un arret a Vaumoisr,TRIP,Dinan,Noyen-sur-Sarthe,Vaumoise
S009921,asdfghjkl,UNKNOWN,,,
S008739,Quiero ir de Paris a Lyon,NOT_FRENCH,,,
S001346,y a-t-il un train de haguenau a lussac-les-châteaux ?,TRIP,Haguenau,Lussac-les-Châteaux,
S006278,La Teste-de-Buch Le Bras de Fer via Bollwiller,TRIP,La Teste-de-Buch,Le Bras de Fer,Bollwiller
S001970,Montbartier direction Argeles-sur-Mer,TRIP,Montbartier,Argelès-sur-Mer,
S003534,un train de sarrebourg a hasenrain,TRIP,Sarrebourg,Hasenrain,
S005025,Train de Nice Riquier a Pléchâtel,TRIP,Nice Riquier,Pléchâtel,
S007173,Mon ami Lyon va bien,NOT_TRIP,,,
S009710,???,UNKNOWN,,,
S000699,un train de saint-just-en-chaussee a conde-sur-huisne pour demain,TRIP,Saint-Just-en-Chaussée,Condé-sur-Huisne,
S004790,un train de velines a lauterbourg pour demain,TRIP,Vélines,Lauterbourg,
S009327,I want aller a Paris,NOT_FRENCH,,,
S005019,ce soir je vais de liancourt-saint-pierre a tarbes,TRIP,Liancourt-Saint-Pierre,Tarbes,
S003226,ce soir je vais de sisteron a les bossons,TRIP,Sisteron,Les Bossons,
S008357,Je voudrais,NOT_TRIP,,,
S003135,Direction Ponta-à-Mousso au depart dei Feigeac,TRIP,Figeac,Pont-à-Mousson,
S003103,"Bonjour, je voudrais aller de Le Raincy - Villemomble - Montfermeil a Jaux",TRIP,Le Raincy - Villemomble - Montfermeil,Jaux,
S003705,Depart de Lourches arrivee a Saint-Florent-sur-Cher,TRIP,Lourches,Saint-Florent-sur-Cher,
S006905,De Polliat a Parc des Expositions via Châtel - Nomexy,TRIP,Polliat,Parc des Expositions,Châtel - Nomexy
S007970,Bonsoir,NOT_TRIP,,,
S008772,Ein Zug nach Marseille bitte,NOT_FRENCH,,,
S005279,train de massy tgv a le péage-de-roussillon,TRIP,Massy TGV,Le Péage-de-Roussillon,
S006809,Je voudrais aller de Pont-l'Évêque a Vernon - Giverny en passant par Surdon,TRIP,Pont-l'Évêque,Vernon - Giverny,Surdon
S003052,Je veux me rendre a Pont de Lgnonn en partant de Sainut-Rome-de-Cerno,TRIP,Saint-Rome-de-Cernon,Pont de Lignon,
S007753,Aide moi,NOT_TRIP,,,
S001947,Voyager de Ruminghem vers Prunay,TRIP,Ruminghem,Prunay,
S009673,qwerty,UNKNOWN,,,
S007545,Partir,NOT_TRIP,,,
S008663,Quiero ir de Paris a Lyon,NOT_FRENCH,,,
S003092,J'aimerais aller de Lacelle a Chaponost,TRIP,Lacelle,Chaponost,
S006861,De Bedous vers Champagnole Paul-Émile Victor avec correspondance a Thenon,TRIP,Bedous,Champagnole Paul-Émile Victor,Thenon
S004220,Voyage de Viry-Noureuil a Saint-Louis,TRIP,Viry-Noureuil,Saint-Louis,
S007011,aide moi,NOT_TRIP,,,
S003850,Je voudrais aller de Pont de Dore a Andrésy,TRIP,Pont de Dore,Andrésy,
S002692,Aller de Les Essarts-le-Roi a Cambo-les-Bains,TRIP,Les Essarts-le-Roi,Cambo-les-Bains,
S003995,Je voudrais prendre un train de Nesle a La Pomme,TRIP,Nesle,La Pomme,
S003613,Comment aller de Arnage a Fouday ?,TRIP,Arnage,Fouday,
S000905,Comment aller de Ychoux a Coutances ?,TRIP,Ychoux,Coutances,
S008849,Can you help me,NOT_FRENCH,,,
S008113,Aujourd'hui,NOT_TRIP,,,
S006229,Aller de Cantin a Saint-Julien - Clénay avec un arret a Assier,TRIP,Cantin,Saint-Julien - Clénay,Assier
S000361,Prendre le train de Bersac-sur-Rivalier a La Souterraine,TRIP,Bersac-sur-Rivalier,La Souterraine,
S009755,a,UNKNOWN,,,
S000540,Comment aller de Clisson a Cordes - Vindrac,TRIP,Clisson,Cordes - Vindrac,
S002995,j'aimerais aller de lauterbourg a saint-gildas-des-bois,TRIP,Lauterbourg,Saint-Gildas-des-Bois,
S007117,Help,NOT_TRIP,,,
S002767,me rendre de halte de fontanil-lycée de drap a formerie,TRIP,Halte de Fontanil-Lycée de Drap,Formerie,
S000570,Un train de Montigny - Beauchamp a Les Sables-d'Olonne,TRIP,Montigny - Beauchamp,Les Sables-d'Olonne,
S008178,Ok,NOT_TRIP,,,
S005310,Somain direction Naintre,TRIP,Somain,Naintré,
S008098,aide moi,NOT_TRIP,,,
S000651,Je pars de La Douzillère pour alle a Mothern,TRIP,La Douzillère,Mothern,
S008370,Ok,NOT_TRIP,,,
S003709,depuis ermont halte jusqu'a sérifontaine,TRIP,Ermont Halte,Sérifontaine,
S005905,je veux prendre le train de voreppe a sedan,TRIP,Voreppe,Sedan,
S006952,Goncelin puis Servas - Lent puis Pontcharra sur Bréda,TRIP,Goncelin,Pontcharra sur Bréda,Servas - Lent
S008657,Je want to go Lyon,NOT_FRENCH,,,
S005893,un train de les coquetiers a revigny-sur-ornain pour demain,TRIP,Les Coquetiers,Revigny-sur-Ornain,
S001121,J'aimerais aller de La Souterraine a Le Val d'Or,TRIP,La Souterraine,Le Val d'Or,
S005450,Comment aler de Pont-de-l'Arche a Vendeuvre-sur-Barse,TRIP,Pont-de-l'Arche,Vendeuvre-sur-Barse,
S002261,partir de chambourg-sur-indre vers villers-saint-paul,TRIP,Chambourg-sur-Indre,Villers-Saint-Paul,
S002412,Billet Barjac Barr,TRIP,Barjac,Barr,
S003350,De Thiennes a Podensac,TRIP,Thiennes,Podensac,
S006475,seclin puis champlan puis monestier-de-clermont,TRIP,Seclin,Monestier-de-Clermont,Champlan
S008481,Mon ami Lyon va bien,NOT_TRIP,,,
S000932,Je voudrais prendre un train de Vaas a Longueville,TRIP,Vaas,Longueville,
S000203,je vais a saint-sébastien frêne rond depuis bolbec-nointot,TRIP,Bolbec-Nointot,Saint-Sébastien Frêne Rond,
S005029,Comment aller de Longecourt-en-Plaine a Lunel-Viel ?,TRIP,Longecourt-en-Plaine,Lunel-Viel,
S003575,je veux prendre le train de longpont a apach,TRIP,Longpont,Apach,
S002100,Voyage de Saint-Amarin a Chaumont,TRIP,Saint-Amarin,Chaumont,
S003486,train de bouaye a chauny,TRIP,Bouaye,Chauny,
S004695,"S'il vous plait, un trajet de Viviez - Decazeville a Vosves",TRIP,Viviez - Decazeville,Vosves,
S007848,albert est mon cousin,NOT_TRIP,,,
S008639,I would like a train ticket,NOT_FRENCH,,,
S006185,Je veux passer par Saint-Léonard-de-Noblat pour aller de Pont-d'Ain a Mortcerf,TRIP,Pont-d'Ain,Mortcerf,Saint-Léonard-de-Noblat
S000354,Est-ce qu'il y a un train de Bar-sur-Aube a Viviez - Decazeville,TRIP,Bar-sur-Aube,Viviez - Decazeville,
S008743,How do I get to Marseille,NOT_FRENCH,,,
S008558,Wie komme ich nach Bordeaux,NOT_FRENCH,,,
S008492,Demain,NOT_TRIP,,,
S009276,Ich mochte von Paris nach Lyon fahren,NOT_FRENCH,,,
S003422,Je voudrais me rendre a Fontenay-le-Fleury depuis Saint-Andre-lez-Lille,TRIP,Saint-André-lez-Lille,Fontenay-le-Fleury,
S003848,je voyage de bruz a fontenoy-sur-moselle,TRIP,Bruz,Fontenoy-sur-Moselle,
S009399,Ich mochte von Paris nach Lyon fahren,NOT_FRENCH,,,
S004630,Pourriez-vous me trouver un tran de Garches - Marnes-la-Coquette a Malause,TRIP,Garches - Marnes-la-Coquette,Malause,
S003045,Nogent - Le Perreux direction Chirac,TRIP,Nogent - Le Perreux,Chirac,
S006331,valdahon saint-hilaire-de-chaléons via saint-amand-longpré,TRIP,Valdahon,Saint-Hilaire-de-Chaléons,Saint-Amand-Longpré
S001274,Prendre le train de Tournay a Houdan,TRIP,Tournay,Houdan,
S007824,comment ca marche,NOT_TRIP,,,
S006425,De Clermont La Rotonde vers Saint-Leon-sur-l'Isle avec correspondance a Neussargues,TRIP,Clermont La Rotonde,Saint-Léon-sur-l'Isle,Neussargues
S009502,a,UNKNOWN,,,
S001371,Direction Velars-sur-Ouche au depart de Mont-sur-Meurthe,TRIP,Mont-sur-Meurthe,Velars-sur-Ouche,
S004001,Depuis Marbache jusqu'a Chambly,TRIP,Marbache,Chambly,
S002855,Je dois aller dr Veigné a Avesnelles,TRIP,Veigné,Avesnelles,
S001233,Un train de Saint-Remy-en-l'Eau a Chantonnay pour demain,TRIP,Saint-Remy-en-l'Eau,Chantonnay,
S002592,quel train pour aller de mouroux a domont,TRIP,Mouroux,Domont,
S005874,Invalides direction Dives-sur-Mer - Cabourg,TRIP,Invalides,Dives-sur-Mer - Cabourg,
S004337,un billet de agen a chedde,TRIP,Agen,Chedde,
S003067,est-ce qu'il y a un train de saint-amour a mignaloux - nouaillé,TRIP,Saint-Amour,Mignaloux - Nouaillé,
S003994,je vais de nointel - mours a villefranche-sur-cher,TRIP,Nointel - Mours,Villefranche-sur-Cher,
S004543,Prendre le train de Saint-Cyr Les Lecques - La Cadière a Saint-Junien,TRIP,Saint-Cyr Les Lecques - La Cadière,Saint-Junien,
S007868,Ok,NOT_TRIP,,,
S005418,Wimille - Wimereux vers Thesee,TRIP,Wimille - Wimereux,Thésée,
S008858,Un billete de tren por favor,NOT_FRENCH,,,
S009009,How do I get to Marseille,NOT_FRENCH,,,
S000068,je veux prendre le train de saint-denis a beauvoir-sur-niort,TRIP,Saint-Denis,Beauvoir-sur-Niort,
S002680,Comment alle de Paris Montparnasse a Tantonville,TRIP,Paris Montparnasse,Tantonville,
S000206,Partir de Morcenx pour Barentin,TRIP,Morcenx,Barentin,
S001795,un billet de theoule-sur-mer a perigueux,TRIP,Théoule-sur-Mer,Périgueux,
S005116,Quel train pour aller de Limersheim a Bondy,TRIP,Limersheim,Bondy,
S006525,de futuroscope a sorgues - châteauneuf-du-pape en passant par bourgoin-jallieu,TRIP,Futuroscope,Sorgues - Châteauneuf-du-Pape,Bourgoin-Jallieu
S002628,Voyager de Les Ormes vers Cravant - Bazarnes,TRIP,Les Ormes,Cravant - Bazarnes,
S002320,Je veux aller de Chézy-sur-Marne a Conflans Fin d'Oise,TRIP,Chézy-sur-Marne,Conflans Fin d'Oise,
S006463,aller de saint-loubes a bougival avec un arret a rassuen,TRIP,Saint-Loubès,Bougival,Rassuen
S006051,Le Fauga Virieu-le-Grand - Belley via Wesserling,TRIP,Le Fauga,Virieu-le-Grand - Belley,Wesserling
S005771,Y a-t-il un train de Ingersheim - Cité Scolaire a Aéroport Charles de Gaulle 1,TRIP,Ingersheim - Cité Scolaire,Aéroport Charles de Gaulle 1,
S006983,villefranche-de-rouergue puis mauzac-et-grand-castang puis coat guegan,TRIP,Villefranche-de-Rouergue,Coat Guégan,Mauzac-et-Grand-Castang
S004538,demain je pars de dieupentale pour auxerre saint-gervais,TRIP,Dieupentale,Auxerre Saint-Gervais,
S004252,Comment aller de Magnac - Vicq a Montpellier Sud de France ?,TRIP,Magnac - Vicq,Montpellier Sud de France,
S003802,je voyage de lunéville a narbonne,TRIP,Lunéville,Narbonne,
S009218,I need to travel tomorrow,NOT_FRENCH,,,
S001542,Depart de Saint-Germain-les-Belles arrivee a Cugand,TRIP,Saint-Germain-les-Belles,Cugand,
S001815,Cernay (Haut-Rhin) Orly Ville,TRIP,Cernay (Haut-Rhin),Orly Ville,
S007320,au revoir,NOT_TRIP,,,
S003268,quel train pour aller de la fouillouse a la ferté-saint-aubin,TRIP,La Fouillouse,La Ferté-Saint-Aubin,
S008661,Como llego a Marsella,NOT_FRENCH,,,
S002291,je souhaite aller de longueville-sur-scie a condé-sur-huisne,TRIP,Longueville-sur-Scie,Condé-sur-Huisne,
S007610,super,NOT_TRIP,,,
S002053,Je voudrais prendre un train de Schweighouse-sur-Moder a Verzeille,TRIP,Schweighouse-sur-Moder,Verzeille,
S002256,Je veux aller de Vic-sur-Cère a Lus-la-Croix-Haute,TRIP,Vic-sur-Cère,Lus-la-Croix-Haute,
S001276,je vais a maurs depuis le pont-de-claix,TRIP,Le Pont-de-Claix,Maurs,
S007608,C'est quoi ce service,NOT_TRIP,,,
S007652,Je n'aime pas voyager,NOT_TRIP,,,
S003930,"Bonjour, je voudrais aller de Vernouillet - Verneuil a Barjac",TRIP,Vernouillet - Verneuil,Barjac,
S000308,Me rendre de Vincey a Saint-Cyprien,TRIP,Vincey,Saint-Cyprien,
S004545,Berlaimont puis Sainte-Foy-la-Grande,TRIP,Berlaimont,Sainte-Foy-la-Grande,
S007080,Bonjour,NOT_TRIP,,,
S003920,Est-ce qu'il y a un train de Jarnac a Martigné-Ferchaud,TRIP,Jarnac,Martigné-Ferchaud,
S005910,Quel train de Feuquerolles a Saint-Clair - Les Roches ?,TRIP,Feuquerolles,Saint-Clair - Les Roches,
S001538,Est-ce qu'il y a un train de Frontenex a Vieux-Thann,TRIP,Frontenex,Vieux-Thann,
S000738,y a-t-il un train de bannalec a saint-andré-le-gaz ?,TRIP,Bannalec,Saint-André-le-Gaz,
S004674,Je veux me rendre a Surdon en partant de Labouheyre,TRIP,Labouheyre,Surdon,
S009191,Ich mochte von Paris nach Lyon fahren,NOT_FRENCH,,,
S005219,Direction Anthéor Cap Roux au depart de La Membrolle-sur-Choisille,TRIP,La Membrolle-sur-Choisille,Anthéor Cap Roux,
S001443,prendre le train de aiserey a pont petit,TRIP,Aiserey,Pont Petit,
S001909,Je voudrais prendre un train de La Courneuve - Aubervilliers a Feuquières-Fressenneville,TRIP,La Courneuve - Aubervilliers,Feuquières-Fressenneville,
S002391,un train de bayonne a pontrieux,TRIP,Bayonne,Pontrieux,
S006803,Guéthary puis Dombasle-sur-Meurthe puis Saint-Aignan - Noyers,TRIP,Guéthary,Saint-Aignan - Noyers,Dombasle-sur-Meurthe
S005827,je dois aller de bruyeres a beaumont-le-roger,TRIP,Bruyères,Beaumont-le-Roger,
S007533,Il fait beau aujourd'hui,NOT_TRIP,,,
S002851,me rendre de naintré a aix-les-bains le revard,TRIP,Naintré,Aix-les-Bains le Revard,
S005216,Me rendre de Les Abrets - Fitilieu a Val d'Argenteuil,TRIP,Les Abrets - Fitilieu,Val d'Argenteuil,
S009567,...,UNKNOWN,,,
S001256,Voyager de Le Pont-de-Claix vers Thomery,TRIP,Le Pont-de-Claix,Thomery,
S002373,comment aller de batz-sur-mer a saint-denis-des-murs,TRIP,Batz-sur-Mer,Saint-Denis-des-Murs,
S000094,Y a-t-il yn train de Grandde-Synthe a Thiennes,TRIP,Grande-Synthe,Thiennes,
S007806,Voyage,NOT_TRIP,,,
S008901,Como llego a Marsella,NOT_FRENCH,,,
S006434,bar-sur-aube châtillon d'azergues via dreux,TRIP,Bar-sur-Aube,Châtillon d'Azergues,Dreux
S000425,voyager de saint-andré-de-corcy vers lezoux,TRIP,Saint-André-de-Corcy,Lezoux,
S005690,Je veux prendre le train de Fontainebleau - Avon a Isles - Armentières - Congis,TRIP,Fontainebleau - Avon,Isles - Armentières - Congis,
S001120,"S'il vous plait, un trajet de Boisseaux a Pont-l'Évêque",TRIP,Boisseaux,Pont-l'Évêque,
S002345,Annecy vers Lure,TRIP,Annecy,Lure,
S009057,Vorrei andare da Parigi a Lione,NOT_FRENCH,,,
S001528,j'aimerais un billet de tarascon-sur-ariège a bourgneuf-en-retz,TRIP,Tarascon-sur-Ariège,Bourgneuf-en-Retz,
S004727,quel train pour aller de chaumont a vitre,TRIP,Chaumont,Vitré,
S005557,Aller de Croix du Prince a Versailles Chantiers,TRIP,Croix du Prince,Versailles Chantiers,
S001355,j'aimerais aller de collonges - fontaines a saubusse,TRIP,Collonges - Fontaines,Saubusse,
S002785,Comment aller de Bellegarde-sur-Valserine a Lancey,TRIP,Bellegarde-sur-Valserine,Lancey,
S005776,Y a-t-il un train de Dissay a Souppes - Château-Landon ?,TRIP,Dissay,Souppes - Château-Landon,
S001182,Xertigny puis Aix-en-Provence,TRIP,Xertigny,Aix-en-Provence,
S008269,Je m'appelle Paris,NOT_TRIP,,,
S006757,Jae veux passer par Le Pénity our alleor de Mexuimieux - Pérouges a Lamotte-Beuvron,TRIP,Meximieux - Pérouges,Lamotte-Beuvron,Le Pénity
S004757,Me rendre de Villefranche-de-Lauragais a Saint-Clair - Les Roches,TRIP,Villefranche-de-Lauragais,Saint-Clair - Les Roches,
S002807,Un trrain de Longueau a Les Trillers pourr demain,TRIP,Longueau,Les Trillers,
S007397,Coucou,NOT_TRIP,,,
S006118,Train de Lyon Part Dieu a Arleux passant par Compans,TRIP,Lyon Part Dieu,Arleux,Compans
S009584,asdfghjkl,UNKNOWN,,,
S001266,Saint-Yrieix-la-Perche direction Rassuen,TRIP,Saint-Yrieix-la-Perche,Rassuen,
S008864,Wie komme ich nach Bordeaux,NOT_FRENCH,,,
S009656,blablabla,UNKNOWN,,,
S003454,Me rendre de Biarritz a Gundershoffen,TRIP,Biarritz,Gundershoffen,
S002200,Montérolier - Buchy Orange,TRIP,Montérolier - Buchy,Orange,
S002292,depuis bas évette jusqu'a guillerval,TRIP,Bas Évette,Guillerval,
S001096,pourriez-vous me trouver un train de montsoult - maffliers a la tour-de-salvagny,TRIP,Montsoult - Maffliers,La Tour-de-Salvagny,
S000135,je vais de bram a louhans,TRIP,Bram,Louhans,
S001311,Voyager de Cloyes-sur-le-Loir vers Biganos Facture,TRIP,Cloyes-sur-le-Loir,Biganos Facture,
S005122,Quel train pour aller de La Rivière-Drugeon a Chenevières,TRIP,La Rivière-Drugeon,Chenevières,
S009101,Vorrei andare da Parigi a Lione,NOT_FRENCH,,,
S009711,qwerty,UNKNOWN,,,
S009024,Quiero ir de Paris a Lyon,NOT_FRENCH,,,
S002540,Aller de Chevrieres a Arleux,TRIP,Chevrières,Arleux,
S005805,Ke dois aller de Vieix-Thann a Le Thore demain,TRIP,Vieux-Thann,Le Thor,
S005252,Clermont de l'Oise - Istres,TRIP,Clermont de l'Oise,Istres,
S003366,Y a-t-il un train de Le Tréport - Mers-les-Bains a Lyon Gorge de Loup,TRIP,Le Tréport - Mers-les-Bains,Lyon Gorge de Loup,
S009247,Train from Paris to Bordeaux please,NOT_FRENCH,,,
S000080,Je veux prendre le train de Hirson a Laifour,TRIP,Hirson,Laifour,
S002999,Pourriez-vous me trouver un train de Ribécourt-Dreslincourt a Abbaretz,TRIP,Ribécourt-Dreslincourt,Abbaretz,
S002976,Y a-t-il un train de Vignory a Vallorcine,TRIP,Vignory,Vallorcine,
S008729,Wie komme ich nach Bordeaux,NOT_FRENCH,,,
S009658,ab,UNKNOWN,,,
S004636,je veux me rendre a angerville en partant de barjac,TRIP,Barjac,Angerville,
S006485,"Je pars de Anvin, je passe par Pontanevaux et j'arrive a Bazancourt",TRIP,Anvin,Bazancourt,Pontanevaux
S004555,y a-t-il un train de port-de-bouc a cessieu,TRIP,Port-de-Bouc,Cessieu,
S001772,Je voyage dee Ceerizay a Trillé,TRIP,Cerizay,Teillé,
S009733,a,UNKNOWN,,,
S005531,Je me rends a Boucoiran-et-Nozieres depuis Annecy,TRIP,Annecy,Boucoiran-et-Nozières,
S009496,Je want to go Lyon,NOT_FRENCH,,,
S007381,J'aime les teains,NOT_TRIP,,,
S006718,Je voudrais aller de Meurchin a Avenue du Président Kennedy Maison de Radio France en passant par Juvisy-sur-Orge,TRIP,Meurchin,Avenue du Président Kennedy Maison de Radio France,Juvisy-sur-Orge
S000709,de bénesse-maremne jusqu'a itxassou,TRIP,Bénesse-Maremne,Itxassou,
S001167,Génolhac vers Fréteval - Morée,TRIP,Génolhac,Fréteval - Morée,
S007033,demain,NOT_TRIP,,,
S004153,Train de Dole a Tergnier,TRIP,Dole,Tergnier,
S008675,Wie komme ich nach Bordeaux,NOT_FRENCH,,,
S005143,Je vais de Villeherviers a Pont-a-Vendin,TRIP,Villeherviers,Pont-à-Vendin,
S003876,voyager de champlan vers meyrargues,TRIP,Champlan,Meyrargues,
S002126,Je voudrais aller de Saint-Remy-en-l'Eau a Kédange,TRIP,Saint-Remy-en-l'Eau,Kédange,
S009683,@#$%,UNKNOWN,,,
S008552,I want aller a Paris,NOT_FRENCH,,,
S007894,Je m'appelle Paris,NOT_TRIP,,,
S009485,I need to travel tomorrow,NOT_FRENCH,,,
S009458,I want to go from Paris to Lyon,NOT_FRENCH,,,
S002444,Depart de Niversac arrivee a Bellac,TRIP,Niversac,Bellac,
S003691,Je voudrais me rendre a Orléans depuis Viarmes,TRIP,Viarmes,Orléans,
S006386,"je pars de fellering, je passe par lons-le-saunier et j'arrive a roissy-cdgx 2",TRIP,Fellering,Roissy-CDGX 2,Lons-le-Saunier
S000071,Y a-t-il un train de Guignicourt a Lapeyrouse,TRIP,Guignicourt,Lapeyrouse,
S008447,C'est quoi ce service,NOT_TRIP,,,
S003813,je dois aller de le dramont a maizières-lès-metz,TRIP,Le Dramont,Maizières-lès-Metz,
S005915,Direction Mrovenchèress-su-Fae au depary de La Fretge - Moniogny,TRIP,La Frette - Montigny,Provenchères-sur-Fave,
S004707,J'aimerais aller de Millau a Les Échets,TRIP,Millau,Les Échets,
S000936,je veux prendre le train de romorantin-lanthenay a champlan,TRIP,Romorantin-Lanthenay,Champlan,
S004957,Pourriez-vous me trouver un train de Melun a Gertwiller,TRIP,Melun,Gertwiller,
S003066,un train de plestan a maillé,TRIP,Plestan,Maillé,
S000956,J'aimerais aller de Joncherey a Taconnaz,TRIP,Joncherey,Taconnaz,
S000142,Voyager de Lannion vers Saint-Denis-lès-Martel,TRIP,Lannion,Saint-Denis-lès-Martel,
S005323,je pars de cugand et je vais a lunas,TRIP,Cugand,Lunas,
S000030,Me rendre de Gretz-Armainvilliers a Domblans - Voiteur,TRIP,Gretz-Armainvilliers,Domblans - Voiteur,
S006754,De Brest a Thiviers via Le Bras de Fer,TRIP,Brest,Thiviers,Le Bras de Fer
S003963,Je vais a Brive-la-Gaillarde depuis Saint-Martin-le-Beau,TRIP,Saint-Martin-le-Beau,Brive-la-Gaillarde,
S000549,un billet de lentilly a issoire,TRIP,Lentilly,Issoire,
S005321,ce soir je vais de les portes de saint-cyr a saint-hilaire - brizambourg,TRIP,Les Portes de Saint-Cyr,Saint-Hilaire - Brizambourg,
S004494,J'aimerais un billzt de Châtelaillon-Plage a Cattenières,TRIP,Châtelaillon-Plage,Cattenières,
S004881,Voyage de Saint-Marcel a Ygos-Saint-Saturnin,TRIP,Saint-Marcel,Ygos-Saint-Saturnin,
S000583,Je voudrais prendre un train de Valmondois a Montdidier,TRIP,Valmondois,Montdidier,
S005672,Depuis Boussy-Saint-Antoine jusqu'a Saint-Fons,TRIP,Boussy-Saint-Antoine,Saint-Fons,
S007118,Hello,NOT_TRIP,,,
S004735,voyager de wilwisheim vers saubusse,TRIP,Wilwisheim,Saubusse,
S002293,Aller de Gennevilliers a Pont d'Ardres,TRIP,Gennevilliers,Pont d'Ardres,
S005728,Je voudrais aller de Neufchâtel-Hardelot a Pont de l'Alma,TRIP,Neufchâtel-Hardelot,Pont de l'Alma,
S000345,De Feuquières-Fressenneville a Courcelles-sur-Nied,TRIP,Feuquières-Fressenneville,Courcelles-sur-Nied,
S004490,je voudrais aller de la membrolle-sur-choisille a villiers-sur-marne - le plessis-trevise,TRIP,La Membrolle-sur-Choisille,Villiers-sur-Marne - Le Plessis-Trévise,
S004166,Comment aller de Verdun a Anzeling ?,TRIP,Verdun,Anzeling,
S004986,Quel train pour aller de Tournan-en-Brie a Clacy - Mons,TRIP,Tournan-en-Brie,Clacy - Mons,
S003413,De Val-de-Vesle jusqu'a L'Aigle,TRIP,Val-de-Vesle,L'Aigle,
S004848,Pourriez-vous me trouver un train de Saint-Martin du Touch a Épanvilliers,TRIP,Saint-Martin du Touch,Épanvilliers,
S000654,je souhaite aller de colombier-fontaine a dugny - la courneuve t11,TRIP,Colombier-Fontaine,Dugny - La Courneuve T11,
S004771,Pourriez-vous me trouver un tran de Clermont-Ferrand a Roubaix,TRIP,Clermont-Ferrand,Roubaix,
S009484,Un biglietto per Marsiglia,NOT_FRENCH,,,
S004446,De Nerpuy jusqu'a Langeac,TRIP,Nerpuy,Langeac,
S001945,Depart Bidos arrivee Flez-Cuzy - Tannay,TRIP,Bidos,Flez-Cuzy - Tannay,
S008229,C'est trop cher,NOT_TRIP,,,
S002155,Comment aller de Selles-Saint-Denis a Saint-Romain-de-Popey,TRIP,Selles-Saint-Denis,Saint-Romain-de-Popey,
S002603,Aller de Le Grau-du-Roi a Mandelieu-la-Napoule,TRIP,Le Grau-du-Roi,Mandelieu-la-Napoule,
S007830,J'aime les trains,NOT_TRIP,,,
S008758,Un biglietto per Marsiglia,NOT_FRENCH,,,
S000700,J'aimeraias un billet de Carignan a Namps - Qevauvillzrs,TRIP,Carignan,Namps - Quevauvillers,
S004191,Je voudrais aller de La Cave a Épône - Mézières,TRIP,La Cave,Épône - Mézières,
S006782,De Montlouis-sur-Loire a Audrieu via Zillisheim,TRIP,Montlouis-sur-Loire,Audrieu,Zillisheim
S008210,J'ai rencontre Marseille hier,NOT_TRIP,,,
S007266,Bonsoir,NOT_TRIP,,,
S001283,U'aimeraus alller dde Valence q Yffiniac,TRIP,Valence,Yffiniac,
S006844,Aler de Drap - Cantaron a Gourland aavec un arret a La Baule Lds Pins,TRIP,Drap - Cantaron,Gourland,La Baule Les Pins
S007396,Genial,NOT_TRIP,,,
S009077,Ich mochte von Paris nach Lyon fahren,NOT_FRENCH,,,
S000353,Demain je pars de Mehun-sur-Yèvre pour Epfig,TRIP,Mehun-sur-Yèvre,Epfig,
S007505,Bonjour,NOT_TRIP,,,
S009307,Ich mochte von Paris nach Lyon fahren,NOT_FRENCH,,,
S004820,Ce soir je vais de Connerre - Beille a Saint-Michel-sur-Orge,TRIP,Connerré - Beillé,Saint-Michel-sur-Orge,
S006207,Peyrehorade Somain via Egletons,TRIP,Peyrehorade,Somain,Égletons
S007805,Qu'est-ce que tu peux faire,NOT_TRIP,,,
S007823,La SNCF c'est pas mal,NOT_TRIP,,,
S003257,Billet Vire Andrézieux-Bouthéon,TRIP,Vire,Andrézieux-Bouthéon,
S006263,Sierentz puis L'Etang les Sablons puis a Pomme,TRIP,Sierentz,La Pomme,L'Etang les Sablons
S001342,comment aller de les versannes a arcachon,TRIP,Les Versannes,Arcachon,
S008553,Un billete de tren por favor,NOT_FRENCH,,,
S005316,Comment aler de Bourbourg a Montluçon ?,TRIP,Bourbourg,Montluçon,
S007851,Demain,NOT_TRIP,,,
S009842,qwerty,UNKNOWN,,,
S005148,demain je pars de les flacheres pour senozan,TRIP,Les Flachères,Senozan,
S005730,Je pars de Labouheyre pour aller a Kogenheim,TRIP,Labouheyre,Kogenheim,
S009384,Wie komme ich nach Bordeaux,NOT_FRENCH,,,
S009942,test test test,UNKNOWN,,,
S004086,Kurtzenhouse Saint-Jean-d'Angély,TRIP,Kurtzenhouse,Saint-Jean-d'Angély,
S009548,123456,UNKNOWN,,,
S003221,De Lyon Perrache a Les Coquetiers,TRIP,Lyon Perrache,Les Coquetiers,
S002134,Mouroux - Compiegne,TRIP,Mouroux,Compiègne,
S005764,voyager de marsac-sur-l'isle vers drusenheim,TRIP,Marsac-sur-L'isle,Drusenheim,
S007984,Partir,NOT_TRIP,,,
S001822,Aller de Les Mureaux a Peillon-Ste-Thècle,TRIP,Les Mureaux,Peillon-Ste-Thècle,
S009508,a,UNKNOWN,,,
S001150,Je voudrais aller de Chaville Rive Gquchz a Valence TGV Rhône-Alpes Sud,TRIP,Chaville Rive Gauche,Valence TGV Rhône-Alpes Sud,
S004060,Quel train de Valenciennes a Escaudœuvres ?,TRIP,Valenciennes,Escaudœuvres,
S005929,DDemain je pars de Terrasson-Lavilledieu pour L'Hôpital-du-Grosbois,TRIP,Terrasson-Lavilledieu,L'Hôpital-du-Grosbois,
S006667,"je pars de aubin-saint-vaast, je passe par villeneuve-sur-yonne et j'arrive a sainte-genevieve-des-bois",TRIP,Aubin-Saint-Vaast,Sainte-Geneviève-des-Bois,Villeneuve-sur-Yonne
S000807,Aller de Morières-mès-Avignon a Thiers,TRIP,Morières-lès-Avignon,Thiers,
S006383,De Issy Val de Seine vers Saint-Sulpice (Tarn) avec correspondance a Coignières,TRIP,Issy Val de Seine,Saint-Sulpice (Tarn),Coignières
S000444,Je pars de Champtoce-sur-Loire et je vais a Valmondois,TRIP,Champtocé-sur-Loire,Valmondois,
S006166,Je voudrais aller de Champagne-sur-Seine a Lapeyrouse en passant par La Brohinière,TRIP,Champagne-sur-Seine,Lapeyrouse,La Brohinière
S002204,Je souhaite aller de L'Aigle a Saint-Erme-Outre-et-Ramecourt,TRIP,L'Aigle,Saint-Erme-Outre-et-Ramecourt,
S004199,Depart de Bailly arrivee a La Méaugon,TRIP,Bailly,La Méaugon,
S008249,Genial,NOT_TRIP,,,
S000762,Gargan puis Paray-le-Monial,TRIP,Gargan,Paray-le-Monial,
S000793,Y a-t-il un train de Villers-Bretonneux a Sierck-les-Bains ?,TRIP,Villers-Bretonneux,Sierck-les-Bains,
S006725,de varennes-sur-allier a saint-pierre-quiberon via montoir-de-bretagne,TRIP,Varennes-sur-Allier,Saint-Pierre-Quiberon,Montoir-de-Bretagne
S006329,Aller de La Garde a Chindrieux avec un arret a Maisons-Laffitte,TRIP,La Garde,Chindrieux,Maisons-Laffitte
S006044,De Perpignan a Marienthal via Garancières - La Queue,TRIP,Perpignan,Marienthal,Garancières - La Queue
S000057,Y a-t-il un train de Chasseneuil-du-Poitou a Beauvoisin,TRIP,Chasseneuil-du-Poitou,Beauvoisin,
S008034,Il fait beau aujourd'hui,NOT_TRIP,,,
S004921,billet allassac rixheim,TRIP,Allassac,Rixheim,
S006500,"Je pars de Le Cendre - Orcet, je passe par Trith-Saint-Leger et j'arrive a Barentin",TRIP,Le Cendre - Orcet,Barentin,Trith-Saint-Léger
S000644,Je dois aller de Le Luc - Le Cannet a Merxheim demain,TRIP,Le Luc - Le Cannet,Merxheim,
S007703,Il fait beau aujourd'hui,NOT_TRIP,,,
S008477,La SNCF c'est pas mal,NOT_TRIP,,,
S004875,je dois aller de aulnay-sous-bois a boucau demain,TRIP,Aulnay-sous-Bois,Boucau,
S004968,Partir de Hennebont pour Montmélian,TRIP,Hennebont,Montmélian,
S002556,De Montrabe jusqu'a Mont-Louis - La Cabanasse,TRIP,Montrabé,Mont-Louis - La Cabanasse,
S008090,Bonjour,NOT_TRIP,,,
S006689,Je voudrais aller de Saint-Avre - La Chambre a Quimperlé en passant par Chamarande,TRIP,Saint-Avre - La Chambre,Quimperlé,Chamarande
S006750,de wallers a le raincy - villemomble - montfermeil en passant par courville-sur-eure,TRIP,Wallers,Le Raincy - Villemomble - Montfermeil,Courville-sur-Eure
S008608,Vorrei andare da Parigi a Lione,NOT_FRENCH,,,
S008534,Ein Zug nach Marseille bitte,NOT_FRENCH,,,
S005595,Je voudrais me rendre a Suce-sur-Erdre depuis Champbenoist - Poigny,TRIP,Champbenoist - Poigny,Sucé-sur-Erdre,
S008346,Arriver,NOT_TRIP,,,
S000749,Maroeuil puis Morhange,TRIP,Maroeuil,Morhange,
S005522,Roeschwoog direction L'Etang les Sablons,TRIP,Roeschwoog,L'Etang les Sablons,
S009946,blablabla,UNKNOWN,,,
S004539,Prendre le train de Champagnole Paul-Émile Victor a Saint-Quentin en Yvelines - Montigny-le-Bretonneux,TRIP,Champagnole Paul-Émile Victor,Saint-Quentin en Yvelines - Montigny-le-Bretonneux,
S000283,Sainte-Maure - Noyant direction Carry-le-Rouet,TRIP,Sainte-Maure - Noyant,Carry-le-Rouet,
S001213,Je voudrais me rendre a Vendenheim depuis Petit-Croix,TRIP,Petit-Croix,Vendenheim,
S001488,je voyage de maurois a louhossoa,TRIP,Maurois,Louhossoa,
S006220,Je veux passer par Ebersheim pour aller de Eu a Marle-sur-Serre,TRIP,Eu,Marle-sur-Serre,Ebersheim
S007844,arriver,NOT_TRIP,,,
S002654,Je vais de Pornic a La Rochefoucauld,TRIP,Pornic,La Rochefoucauld,
S005838,un train de saint-remy-en-l'eau a la penne-sur-huveaune pour demain,TRIP,Saint-Remy-en-l'Eau,La Penne-sur-Huveaune,
S005575,Quel train de Saint-Joseph le Castellas a Saint-Étienne-de-Montluc ?,TRIP,Saint-Joseph le Castellas,Saint-Étienne-de-Montluc,
S001387,voyager de saint-andré-lez-lille vers champtocé-sur-loire,TRIP,Saint-André-lez-Lille,Champtocé-sur-Loire,
S002985,Je dois aller de Babinière a Le Mans,TRIP,Babinière,Le Mans,
S008394,Hey,NOT_TRIP,,,
S001104,corps-nuds puis cuinchy,TRIP,Corps-Nuds,Cuinchy,
S003036,Depart de Saint-Étienne-de-Montluc arrivee a Labège Village,TRIP,Saint-Étienne-de-Montluc,Labège Village,
S007633,Super,NOT_TRIP,,,
S002037,quel train pour aller de aeroport charles de gaulle 2 tgv a soultz-sous-forets,TRIP,Aéroport Charles de Gaulle 2 TGV,Soultz-sous-Forêts,
S006076,Je veux passer par Lille Europe pour aller de Nangis a Bourgneuf-en-Retz,TRIP,Nangis,Bourgneuf-en-Retz,Lille Europe
S001897,Comment aller de Tournan-en-Brie a Langogne,TRIP,Tournan-en-Brie,Langogne,
S007220,Arriver,NOT_TRIP,,,
S005406,je voudrais me rendre a koenigsmacker depuis illfurth,TRIP,Illfurth,Koenigsmacker,
S000331,ce soir je vais de millas a gazinet cestas,TRIP,Millas,Gazinet Cestas,
S005509,un train de chabons a bas - monistrol-sur-loire,TRIP,Châbons,Bas - Monistrol-sur-Loire,
S002625,Un billet de Aigues-Mortes a Mazingarbe,TRIP,Aigues-Mortes,Mazingarbe,
S002262,Quel train pour aller de Baccarat a Ozoir-la-Ferrière,TRIP,Baccarat,Ozoir-la-Ferrière,
S000682,"bonjour, je voudrais aller de eichhoffen a bornel - belle-eglise",TRIP,Eichhoffen,Bornel - Belle-Église,
S001912,Je dois aller de Vaucresson a Marquixanes,TRIP,Vaucresson,Marquixanes,
S003843,Je voudrais prendre un train de Cergy Saint-Christophe a Saint-Jean-de-Losne,TRIP,Cergy Saint-Christophe,Saint-Jean-de-Losne,
S004210,Je vais a Vauvert depuis Brignac,TRIP,Brignac,Vauvert,
S004111,quel train pour aller de ancenis a vermenton,TRIP,Ancenis,Vermenton,
S002749,je voudrais prendre un train de cros de cagnes a laval,TRIP,Cros de Cagnes,Laval,
S007374,bonsoir,NOT_TRIP,,,
S000669,Je dois aller de Mourmelon-le-Petit a Lannion demain,TRIP,Mourmelon-le-Petit,Lannion,
S001178,Y a-t-il un train de Beuvrages a La Chaize-le-Vicomte ?,TRIP,Beuvrages,La Chaize-le-Vicomte,
S003493,Je voudrais aller de Souppes - Chateau-Landon a Bethune,TRIP,Souppes - Château-Landon,Béthune,
S005833,Voyager de La Brillanne - Oraison vers Bersac-sur-Rivalier,TRIP,La Brillanne - Oraison,Bersac-sur-Rivalier,
S009202,Vorrei andare da Parigi a Lione,NOT_FRENCH,,,
S000661,De Champs - Saint-Bris a Saubusse,TRIP,Champs - Saint-Bris,Saubusse,
S000896,Bons-en-Chablais vers Montferrand - Thoraise,TRIP,Bons-en-Chablais,Montferrand - Thoraise,
S000072,Voyage de Gemeaux a Cesson-Sévigné,TRIP,Gemeaux,Cesson-Sévigné,
S004642,Un traain de Chauugey a Dannes - Camiers pour demain,TRIP,Chaugey,Dannes - Camiers,
S003989,Voyage de Rai-Aube a Weyersheim,TRIP,Rai-Aube,Weyersheim,
S007613,Je veux aller,NOT_TRIP,,,
S006289,de asnières-sur-seine a saint-michel-sur-meurthe via saillans,TRIP,Asnières-sur-Seine,Saint-Michel-sur-Meurthe,Saillans
S007766,La SNCF c'est pas mal,NOT_TRIP,,,
S005068,Biloet Villers-Saiint-SSépuulcree La Douzollète,TRIP,Villers-Saint-Sépulcre,La Douzillère,
S004283,Je dois aller de La Bastide - Saint-Laurent-les-Bains a La Croix de Méan demain,TRIP,La Bastide - Saint-Laurent-les-Bains,La Croix de Méan,
S007555,partir,NOT_TRIP,,,
S004846,Train de Rives a Is-sur-Tille,TRIP,Rives,Is-sur-Tille,
S001381,depuis vaulry jusqu'a le soler,TRIP,Vaulry,Le Soler,
S008206,Je n'aime pas voyager,NOT_TRIP,,,
S003622,le burg vers sénas,TRIP,Le Burg,Sénas,
S000038,Voyage de Pertuis a Boigneville,TRIP,Pertuis,Boigneville,
S009758,a,UNKNOWN,,,
S003000,Jz veux prendre le tain de Les HHouches a Pldstan,TRIP,Les Houches,Plestan,
S000442,Voyager de Brou vers Fontaines - Mercurey,TRIP,Brou,Fontaines - Mercurey,
S004098,Voyage de Pont du Garigliano - Hopital Europeen Georges Pompidou a Saint-Sulpice (Tarn),TRIP,Pont du Garigliano - Hôpital Européen Georges Pompidou,Saint-Sulpice (Tarn),
S009121,Ich mochte von Paris nach Lyon fahren,NOT_FRENCH,,,
S008236,Hey,NOT_TRIP,,,
S000287,Je dois aller de Longecourt-en-Plaine a Base Aérienne demain,TRIP,Longecourt-en-Plaine,Base Aérienne,
S007354,Aide moi,NOT_TRIP,,,
S003408,train de herrlisheim a gennevilliers,TRIP,Herrlisheim,Gennevilliers,
S009078,What is the best route,NOT_FRENCH,,,
S003863,je souhaite aller de base aérienne a la roche-sur-foron,TRIP,Base Aérienne,La Roche-sur-Foron,
S008158,Je voudrais,NOT_TRIP,,,
S002483,Je dois aller de La Redonne Ensuès a Sospel demain,TRIP,La Redonne Ensuès,Sospel,
S006301,De Wattignies - Templemars a Vigneux-sur-Seine en passant par Givors,TRIP,Wattignies - Templemars,Vigneux-sur-Seine,Givors
S002574,partir de puteaux vers plouharnel - carnac,TRIP,Puteaux,Plouharnel - Carnac,
S002984,Comment aller de Bains-les-Bains a Millas ?,TRIP,Bains-les-Bains,Millas,
S005887,Un train de Evreux Normandie a La Penne-sur-Huveaune,TRIP,Évreux Normandie,La Penne-sur-Huveaune,
S002746,Gilley - Les Sables-d'Olonne,TRIP,Gilley,Les Sables-d'Olonne,
S002092,je veux me rendre a bagnols - chadenet en partant de béard,TRIP,Béard,Bagnols - Chadenet,
S009047,Un biglietto per Marsiglia,NOT_FRENCH,,,
S007106,nice de te rencontrer,NOT_TRIP,,,
S003280,de toulon a saint-andré-de-corcy,TRIP,Toulon,Saint-André-de-Corcy,
S004185,"S'il vous plait, un trajet de Bidos a Estressin",TRIP,Bidos,Estressin,
S000717,Un billet de Saône a Menton,TRIP,Saône,Menton,
S008942,Como llego a Marsella,NOT_FRENCH,,,
S001827,Un train de Meulan - Hardricourt a Les Rosiers-sur-Loire pour demain,TRIP,Meulan - Hardricourt,Les Rosiers-sur-Loire,
S003192,aller de les essarts-le-roi a villers-bretonneux,TRIP,Les Essarts-le-Roi,Villers-Bretonneux,
S008637,Book a ticket for me,NOT_FRENCH,,,
S007528,Q bienttot,NOT_TRIP,,,
S001986,Depart de Fromental arrivee a Valleiry,TRIP,Fromental,Valleiry,
S003160,direction turenne au depart de chateaubriant,TRIP,Châteaubriant,Turenne,
S008219,Tu fais quoi,NOT_TRIP,,,
S000289,brumath choisy-le-roi,TRIP,Brumath,Choisy-le-Roi,
S002331,j'aimerais aller de sous le bois a orthez,TRIP,Sous le Bois,Orthez,
S003169,depart phalempin arrivee grenoble,TRIP,Phalempin,Grenoble,
S008512,Can you help me,NOT_FRENCH,,,
S006417,"Je pars de Saint-Remy-en-l'Eau, je passe par Saint-Laurent-de-la-Prée - Fouras et j'arrive a Monthermé",TRIP,Saint-Remy-en-l'Eau,Monthermé,Saint-Laurent-de-la-Prée - Fouras
S003324,prendre le train de noyelles-sur-mer a rosheim,TRIP,Noyelles-sur-Mer,Rosheim,
S008957,Un biglietto per Marsiglia,NOT_FRENCH,,,
S001323,Lauterbourg Dourdan,TRIP,Lauterbourg,Dourdan,
S006385,De Avallon a Clelles - Mens via Saint-Etienne-de-Montluc,TRIP,Avallon,Clelles - Mens,Saint-Étienne-de-Montluc
S003131,je dois aller de docelles-cheniménil a l'estaque,TRIP,Docelles-Cheniménil,L'Estaque,
S002088,Un train de Monestier-de-Clermont a Le Poirier Université pour demain,TRIP,Monestier-de-Clermont,Le Poirier Université,
S003700,"Bonjour, je voudrais aller de Pouzaugs a Feyziin",TRIP,Pouzauges,Feyzin,
S006167,Train de Meulan - Hardticourt a Le Luc - Le CCannet passant par Boissise-le-Roi,TRIP,Meulan - Hardricourt,Le Luc - Le Cannet,Boissise-le-Roi
S002305,prendre le train de colombier-fontaine a bois-colombes,TRIP,Colombier-Fontaine,Bois-Colombes,
S005973,Train de Vallon-en-Sully a Cuers - Pierrefeu passant par Saint-Marcel,TRIP,Vallon-en-Sully,Cuers - Pierrefeu,Saint-Marcel
S009463,Un billete de tren por favor,NOT_FRENCH,,,
S006617,Je veux passer par Le Creusot - Montceau-les-Mines - Montchanin TGV pour aller de Montivilliers a Vienne,TRIP,Montivilliers,Vienne,Le Creusot - Montceau-les-Mines - Montchanin TGV
S002487,De Reuilly jusqu'a Bléré - La Croix,TRIP,Reuilly,Bléré - La Croix,
S006246,Train de Saint-Georges-de-Cmmiers a Nîmes passant pzr La Chaize-le-Vicomte,TRIP,Saint-Georges-de-Commiers,Nîmes,La Chaize-le-Vicomte
S005615,aller de paris montparnasse a seurre,TRIP,Paris Montparnasse,Seurre,
S005000,Depart de Morvillars arrivee a Morcenx,TRIP,Morvillars,Morcenx,
S006572,"je pars de l'etang les sablons, je passe par grande-synthe et j'arrive a carignan",TRIP,L'Etang les Sablons,Carignan,Grande-Synthe
S005796,Y a-t-il un train de Bécon les Bruyères a Saint-Germain-les-Belles ?,TRIP,Bécon les Bruyères,Saint-Germain-les-Belles,
S009652,123456,UNKNOWN,,,
S001165,départ de La Roche-Maurice arivee a Bourg-Madame,TRIP,La Roche-Maurice,Bourg-Madame,
S005135,Je me rends a Châutequdun depuise Rxeheim,TRIP,Rixheim,Châteaudun,
S005470,Pourriez-vous me trouver un train de Rambouillet a La Couronne Carro,TRIP,Rambouillet,La Couronne Carro,
S003656,Voyager de Vanves - Malakoff vers Irigny Yvours,TRIP,Vanves - Malakoff,Irigny Yvours,
S009891,aaaaaaaa,UNKNOWN,,,
S004313,Valleroy - Moineville - Saint-Pierrre-de-Chignac,TRIP,Valleroy - Moineville,Saint-Pierre-de-Chignac,
S008936,I need to travel tomorrow,NOT_FRENCH,,,
S000604,Évry-Courcouronnes Mionnay,TRIP,Évry-Courcouronnes,Mionnay,
S001831,je veux prendre le train de magland a avignon tgv,TRIP,Magland,Avignon TGV,
S009297,Book a ticket for me,NOT_FRENCH,,,
S000734,y a-t-il un train de haybes a montreuil-sur-thérain,TRIP,Haybes,Montreuil-sur-Thérain,
S009213,Un biglietto per Marsiglia,NOT_FRENCH,,,
S008526,Vorrei andare da Parigi a Lione,NOT_FRENCH,,,
S000075,Je voudrais aller de Nantiat a Oderen,TRIP,Nantiat,Oderen,
S000393,je vais a montastruc-la-conseillère depuis plénée-jugon,TRIP,Plénée-Jugon,Montastruc-la-Conseillère,
S006135,Aller de Stains La Cerisaie T11 a Saint-Nom-la-Breteche Foret de Marly avec un arret a Noizay,TRIP,Stains La Cerisaie T11,Saint-Nom-la-Bretèche Forêt de Marly,Noizay
S005344,Comment aller de Maisons-Alfort - Alfortville a Chambly,TRIP,Maisons-Alfort - Alfortville,Chambly,
S003552,Je parss de La Possonnnière et je vais a Fos-sur-Mer,TRIP,La Possonnière,Fos-sur-Mer,
S001425,Prendre le train de Ancenis a Les Perrieres,TRIP,Ancenis,Les Perrières,
S000901,Je me rends a Gien depuis Saint-Pierre-la-Cour,TRIP,Saint-Pierre-la-Cour,Gien,
S007404,Nice de te rencontrer,NOT_TRIP,,,
S002236,Me rendee de Sait-Nazaire a Thiviers,TRIP,Saint-Nazaire,Thiviers,
S003707,j'aimerais un billet de domfront-en-champagne a gargan,TRIP,Domfront-en-Champagne,Gargan,
S007300,Il fait beau aujourd'hui,NOT_TRIP,,,
S006313,De Remy a Limoges Montjovis en passant par Avignon TGV,TRIP,Remy,Limoges Montjovis,Avignon TGV
S000208,"Bonjour, je voudrais aller de Fouilloy a Chamborigaud",TRIP,Fouilloy,Chamborigaud,
S000900,Y a-t-il un train de Montreuil-sur-Ille a Noyal - Acigné,TRIP,Montreuil-sur-Ille,Noyal - Acigné,
S009854,a,UNKNOWN,,,
S005658,Voyage de Woippy a Labruguiere,TRIP,Woippy,Labruguière,
S001951,est-ce qu'il y a un train de dissay a montry - condé,TRIP,Dissay,Montry - Condé,
S000302,De Brélidy - Plouëc jusqu'a Villeneuve-Saint-Georges,TRIP,Brélidy - Plouëc,Villeneuve-Saint-Georges,
S008487,a bientot,NOT_TRIP,,,
S007437,je n'aime pas voyager,NOT_TRIP,,,
S007958,genial,NOT_TRIP,,,
S000045,De Pers jusqu'a Henneblntt,TRIP,Pers,Hennebont,
S004333,De Boisset a Saujon,TRIP,Boisset,Saujon,
S006984,Je voudrais aller de Saint-Piat a Reims en passant par La Bernerie-en-Retz,TRIP,Saint-Piat,Reims,La Bernerie-en-Retz
S008091,Comment ca marche,NOT_TRIP,,,
S001743,Y a-t-il un train de Saint-Christophe-Vallon a Aulnoye-Aymeries,TRIP,Saint-Christophe-Vallon,Aulnoye-Aymeries,
S009692,123456,UNKNOWN,,,
S003224,Comment aller de Cagnes-sur-Mer a Montataire,TRIP,Cagnes-sur-Mer,Montataire,
S008713,Can you help me,NOT_FRENCH,,,
S002616,selestat beaumont-le-roger,TRIP,Sélestat,Beaumont-le-Roger,
S001073,je voyage de lieusaint - moissy a rosa parks,TRIP,Lieusaint - Moissy,Rosa Parks,
S005293,J'aimerais un billet de La Grande-Paroisse a Saint-Péray,TRIP,La Grande-Paroisse,Saint-Péray,
S005409,Quel train pour aller de Montbrison a Nanteuil - Saâcy,TRIP,Montbrison,Nanteuil - Saâcy,
S009606,,UNKNOWN,,,
S004919,Saint-Just-en-Chaussee puis Saint-Michel Notre-Dame,TRIP,Saint-Just-en-Chaussée,Saint-Michel Notre-Dame,
S006862,train de montreux-vieux a saint-rome-de-cernon passant par pompadour,TRIP,Montreux-Vieux,Saint-Rome-de-Cernon,Pompadour
S006726,de saint-hilaire-de-riez vers viviers-du-lac avec correspondance a metz nord,TRIP,Saint-Hilaire-de-Riez,Viviers-du-Lac,Metz Nord
S000147,de dormans a le fauga,TRIP,Dormans,Le Fauga,
S008308,Hekp,NOT_TRIP,,,
S002841,J'aimerais un billet de Limoux Flassian a Bertrichamps,TRIP,Limoux Flassian,Bertrichamps,
S005802,Depart Viaduc Sainte-Marie arrivee Langeais,TRIP,Viaduc Sainte-Marie,Langeais,
S006823,train de saint-germain-des-fossés a cagnes-sur-mer passant par capdenac,TRIP,Saint-Germain-des-Fossés,Cagnes-sur-Mer,Capdenac
S003168,comment aller de vauboyen a chaulnes ?,TRIP,Vauboyen,Chaulnes,
S006082,de strasbourg roethig vers notre-dame-d'oe avec correspondance a morre,TRIP,Strasbourg Roethig,Notre-Dame-d'Oé,Morre
S007943,Albert est mon cousin,NOT_TRIP,,,
S008819,I would like a train ticket,NOT_FRENCH,,,
S005632,je vais de saint-blaise-la-roche poutay a blonville-sur-mer - benerville,TRIP,Saint-Blaise-la-Roche Poutay,Blonville-sur-Mer - Benerville,
S003590,Demain je pars de Le Vieux Briollay pour Saint-Julien-du-Sault,TRIP,Le Vieux Briollay,Saint-Julien-du-Sault,
S003030,Depart de Pontchaillou arrivee a Colomiers Lycée International,TRIP,Pontchaillou,Colomiers Lycée International,
S004866,je voudrais prendre un train de varetz a jaux,TRIP,Varetz,Jaux,
S009413,Un biglietto per Marsiglia,NOT_FRENCH,,,
S001337,Je vais a Nesle depuis Templeuve,TRIP,Templeuve,Nesle,
S006401,de bassens a wissembourg via merens-les-vals,TRIP,Bassens,Wissembourg,Mérens-les-Vals
S007537,Ok,NOT_TRIP,,,
S007865,j'ai rencontre marseille hier,NOT_TRIP,,,
S007539,Bonjour,NOT_TRIP,,,
S005198,Me rendre de Saint-Sulpice - Auteuil a Bedous,TRIP,Saint-Sulpice - Auteuil,Bedous,
S004932,Je pars de Le Creusot pour aller a Villers-Cotterêts,TRIP,Le Creusot,Villers-Cotterêts,
S001687,Je dois aller de Pont-Sainte-Maxence a Scherwiller demain,TRIP,Pont-Sainte-Maxence,Scherwiller,
S008622,Wie komme ich nach Bordeaux,NOT_FRENCH,,,
S001793,Y a-t-il un train de Saint-Julien-du-Sault a Saint-Priest,TRIP,Saint-Julien-du-Sault,Saint-Priest,
S002731,Y a-t-il un train de Arrou a Santes,TRIP,Arrou,Santes,
S009390,Je want to go Lyon,NOT_FRENCH,,,
S009738,test test test,UNKNOWN,,,
S007918,Help,NOT_TRIP,,,
S002598,"s'il vous plait, un trajet de gonfaron a castelnau-d'estretefonds",TRIP,Gonfaron,Castelnau-d'Estrétefonds,
S009324,Wie komme ich nach Bordeaux,NOT_FRENCH,,,
S005848,Depart de Saint-Quentin arrivee a Mouchard,TRIP,Saint-Quentin,Mouchard,
S000822,Comment aller de Chaville Rive Gauche a Drefféac ?,TRIP,Chaville Rive Gauche,Drefféac,
S000740,j'aimerais un billet de moult - argences a puybrun,TRIP,Moult - Argences,Puybrun,
S005423,Grigny Centre puis Bréval,TRIP,Grigny Centre,Bréval,
S001172,train de épouville a neuilly-st-front,TRIP,Épouville,Neuilly-St-Front,
S009997,blablabla,UNKNOWN,,,
S007730,Hello,NOT_TRIP,,,
S004334,J'aimerais un billet de L'Aiguille a scq,TRIP,L'Aiguille,Ascq,
S007605,Ok,NOT_TRIP,,,
S004645,depart paray-le-monial arrivee theillay,TRIP,Paray-le-Monial,Theillay,
S004278,Je voudrais prendre un train de Boran-sur-Oise a Marmande,TRIP,Boran-sur-Oise,Marmande,
S003307,J'aimerais un billet de Brassac-les-Mines - Sainte-Florine a Vendome - Villiers-sur-Loir TGV,TRIP,Brassac-les-Mines - Sainte-Florine,Vendôme - Villiers-sur-Loir TGV,
S006070,De Livron-sur-Drôme a Lamothe-Montravel via Vittel,TRIP,Livron-sur-Drôme,Lamothe-Montravel,Vittel
S001375,Quel train pour aller de Puybrun a Maurois,TRIP,Puybrun,Maurois,
S004731,Partir de Ay vers Monestier-de-Clermont,TRIP,Ay,Monestier-de-Clermont,
S000053,Ce soir je vais de Landas a Champagnole Paul-Émile Victor,TRIP,Landas,Champagnole Paul-Émile Victor,
S003945,prendre le train de colomiers a chantenay,TRIP,Colomiers,Chantenay,
S004902,Un billet de Einvaux a Moirans La Galifette,TRIP,Einvaux,Moirans La Galifette,
S008516,Ich mochte von Paris nach Lyon fahren,NOT_FRENCH,,,
S004355,Un train de Remilly a Les Mais,TRIP,Rémilly,Les Mais,
S001027,"Bonjour, je voudrais aller de Louroux-de-Bouble a Lavoûte-sur-Loire",TRIP,Louroux-de-Bouble,Lavoûte-sur-Loire,
S006810,Train de Ceyzeriat a Urcay - La Perche passant par Pessac,TRIP,Ceyzériat,Urçay - La Perche,Pessac
S004635,Clelles - Mens direction Steinbourg,TRIP,Clelles - Mens,Steinbourg,
S003954,Train de La Faloise a Fors,TRIP,La Faloise,Fors,
S002130,Un train de Boussay - La Bruffière a L'Aiguille pour demain,TRIP,Boussay - La Bruffière,L'Aiguille,
S009383,Quiero ir de Paris a Lyon,NOT_FRENCH,,,
S002546,ce soir je vais de iteuil a saint-martin-d'oney,TRIP,Iteuil,Saint-Martin-d'Oney,
S009553,   ,UNKNOWN,,,
S002651,Je souhaite allez de Herrlisheim-près-Colmar a Plaisir - Les Clayes,TRIP,Herrlisheim-près-Colmar,Plaisir - Les Clayes,
S002664,Je vais a Jaux depuis Chezy-sur-Marne,TRIP,Chézy-sur-Marne,Jaux,
S005073,Comment aller de Tournemire - Roquefort a Chevillon ?,TRIP,Tournemire - Roquefort,Chevillon,
S004899,Entzheim Aéroport Saint-Pierre-de-Chignac,TRIP,Entzheim Aéroport,Saint-Pierre-de-Chignac,
S004536,Je voudrais prendre un train de La Roche-sur-Yon a Retournac,TRIP,La Roche-sur-Yon,Retournac,
S009517,...,UNKNOWN,,,
S009865,,UNKNOWN,,,
S003245,Quel train de Fourqueux - Bel-Air a Boussay - La Bruffiere ?,TRIP,Fourqueux - Bel-Air,Boussay - La Bruffière,
S001704,Fromental vers Contrexéville,TRIP,Fromental,Contrexéville,
S000024,Aller de Saincaize-Meauce a Ranchot,TRIP,Saincaize-Meauce,Ranchot,
S002257,Aller de Petit-Croix a Bailleul-Sir-Berthoult,TRIP,Petit-Croix,Bailleul-Sir-Berthoult,
S008578,Como llego a Marsella,NOT_FRENCH,,,
S007583,Nice de te rencontrer,NOT_TRIP,,,
S002146,ce soir je vais de montigny-en-ostrevent a le cellier,TRIP,Montigny-en-Ostrevent,Le Cellier,
S006174,Train de Saint-Cloud a Briouze passant par Sees,TRIP,Saint-Cloud,Briouze,Sées
S001588,je veux me rendre a agde en partant de saint-cloud,TRIP,Saint-Cloud,Agde,
S009809,asdfghjkl,UNKNOWN,,,
S004461,Quel train de Vivonne a Les Cabrils ?,TRIP,Vivonne,Les Cabrils,
S006578,Train de Châtellerault a Marne-la-Vallée Chessy passant par Lens,TRIP,Châtellerault,Marne-la-Vallée Chessy,Lens
S000328,Je souhaite aller de Sarlat-la-Canéda a Beuvrages,TRIP,Sarlat-la-Canéda,Beuvrages,
S007319,Je n'aime pas voyager,NOT_TRIP,,,
S002938,Je veux aller de Peltre a Savy-Berlette,TRIP,Peltre,Savy-Berlette,
S003021,je voudrais aller de belfort - montbéliard tgv a compiègne,TRIP,Belfort - Montbéliard TGV,Compiègne,
S009660,,UNKNOWN,,,
S007113,Salut,NOT_TRIP,,,
S000134,Y a-t-il un train de Achiet-le-Grand a Gunsbach - Griesbach ?,TRIP,Achiet-le-Grand,Gunsbach - Griesbach,
S009446,What is the best route,NOT_FRENCH,,,
S009612,!!!,UNKNOWN,,,
S002762,yerres puis pont-a-mousson,TRIP,Yerres,Pont-à-Mousson,
S003790,Portet Saint-Simon puis Audruicq,TRIP,Portet Saint-Simon,Audruicq,
S008710,I need to travel tomorrow,NOT_FRENCH,,,
S001065,Depart de Perrignier arrivee a Ronchin,TRIP,Perrignier,Ronchin,
S001611,Sarreinsming direction Monts,TRIP,Sarreinsming,Monts,
S005185,un train de carhaix-plouguer a epierre - saint-leger pour demain,TRIP,Carhaix-Plouguer,Épierre - Saint-Léger,
S006571,Tain de Caarnoules a Hirson passanit par Blangy-sur-Ternoise,TRIP,Carnoules,Hirson,Blangy-sur-Ternoise
S007031,Nice de te rencontrer,NOT_TRIP,,,
S003234,Prendre le train de Montreuil sur Mer a Port-de-Piles,TRIP,Montreuil sur Mer,Port-de-Piles,
S008890,Can you help me,NOT_FRENCH,,,
S004382,je voudrais aller de neuville-sur-sarthe a sierentz,TRIP,Neuville-sur-Sarthe,Sierentz,
S004704,je me rends a rognac depuis reignier-ésery,TRIP,Reignier-Ésery,Rognac,
S008731,Wie komme ich nach Bordeaux,NOT_FRENCH,,,
S004234,Me rendre de Saint-Germain-des-Fossés a Le Creusot,TRIP,Saint-Germain-des-Fossés,Le Creusot,
S003554,Voyage de Agay a Le Vernet d'Ariège,TRIP,Agay,Le Vernet d'Ariège,
S002321,billet vrigne-meuse prouvy - thiant,TRIP,Vrigne-Meuse,Prouvy - Thiant,
S000732,Y a-t-il un train de Vesoul a Lamballe ?,TRIP,Vesoul,Lamballe,
S008402,Hello,NOT_TRIP,,,
S003636,Voyager de Château-Arnoux-Saint-Auban vers Arleux,TRIP,Château-Arnoux-Saint-Auban,Arleux,
S006947,Reuilly Illfurth via Sèvres - Ville-d'Avray,TRIP,Reuilly,Illfurth,Sèvres - Ville-d'Avray
S004984,prendre le train de machilly a aytré plage,TRIP,Machilly,Aytré Plage,
S004682,Depart de Pavilly arrivee a Capvern,TRIP,Pavilly,Capvern,
S008506,Como llego a Marsella,NOT_FRENCH,,,
S006138,De Nerpuy vers Épierre - Saint-Léger avec correspondance a Lunel,TRIP,Nerpuy,Épierre - Saint-Léger,Lunel
S009949,aaaaaaaa,UNKNOWN,,,
S005665,voyage de mandelieu-la-napoule a saint-michel notre-dame,TRIP,Mandelieu-la-Napoule,Saint-Michel Notre-Dame,
S003594,saint-andré-de-cubzac direction vernou-la-celle-sur-seine,TRIP,Saint-André-de-Cubzac,Vernou-la-Celle-sur-Seine,
S006052,Thonon-les-Bains Sainte-Colombe via Rothau,TRIP,Thonon-les-Bains,Sainte-Colombe,Rothau
S004819,je souhaite aller de conflans-sainte-honorine a savy-berlette,TRIP,Conflans-Sainte-Honorine,Savy-Berlette,
S005087,je veux aller de ogeu-les-bains a voreppe,TRIP,Ogeu-les-Bains,Voreppe,
S009058,Wie komme ich nach Bordeaux,NOT_FRENCH,,,
S004311,Je veux prendre le train de Ondres a Lingolsheim,TRIP,Ondres,Lingolsheim,
S004862,direction thenissey au depart de renescure,TRIP,Renescure,Thenissey,
S008411,Partir,NOT_TRIP,,,
S005330,Comment aller de Farbus a Guethary,TRIP,Farbus,Guéthary,
S005524,j'aimerais aller de anthéor cap roux a ablon-sur-seine,TRIP,Anthéor Cap Roux,Ablon-sur-Seine,
S008634,Quiero ir de Paris a Lyon,NOT_FRENCH,,,
S002781,cadaujac esquelbecq,TRIP,Cadaujac,Esquelbecq,
S007757,J'ai rencontre Marseillee hier,NOT_TRIP,,,
S008676,I want aller a Paris,NOT_FRENCH,,,
S001341,Demain je pars de Vendeuvre-sur-Barse pour Nort-sur-Erdre,TRIP,Vendeuvre-sur-Barse,Nort-sur-Erdre,
S000385,Je vais de Saint-Geoges-de-Commiers a Saint-Germoain-au-Monte-d'Or,TRIP,Saint-Georges-de-Commiers,Saint-Germain-au-Mont-d'Or,
S000547,Pourriez-vous me trouver un train de Bondy a La Chapelle Centre,TRIP,Bondy,La Chapelle Centre,
S000505,Voyage de Ermont - Eaubonne a Arpajon,TRIP,Ermont - Eaubonne,Arpajon,
S003476,Je voudrais me rendre a Guéthary depuit Montmélian,TRIP,Montmélian,Guéthary,
S004553,un train de longuyon a rémilly pour demain,TRIP,Longuyon,Rémilly,
S004598,billet villefranche-du-périgord crécy-la-chapelle,TRIP,Villefranche-du-Périgord,Crécy-la-Chapelle,
S003312,partir de muret pour boucoiran-et-nozières,TRIP,Muret,Boucoiran-et-Nozières,
S008966,Un biglietto per Marsiglia,NOT_FRENCH,,,
S005442,Ce soir je vais de Hagondange a Sotteville-lès-Rouen,TRIP,Hagondange,Sotteville-lès-Rouen,
S006606,Je veux passr par Silké-le-Guillaume pourr aller de Longwy a Le Haut Bqnc,TRIP,Longwy,Le Haut Banc,Sillé-le-Guillaume
S005014,partir de jœuf pour herrlisheim,TRIP,Jœuf,Herrlisheim,
S009795,qwerty,UNKNOWN,,,
S005886,Le Creusot - Montceau-les-Mines - Montchanin TGV Aubin-Saint-Vaast,TRIP,Le Creusot - Montceau-les-Mines - Montchanin TGV,Aubin-Saint-Vaast,
S001836,je vais a villefranche-sur-mer depuis ponthierry - pringy,TRIP,Ponthierry - Pringy,Villefranche-sur-Mer,
S007436,Comment ca marche,NOT_TRIP,,,
S002801,Comment aller de Hesdigneul-lès-Boulogne a Viarmrs ?,TRIP,Hesdigneul-lès-Boulogne,Viarmes,
S009783,qwerty,UNKNOWN,,,
S003768,Ce soir je vais de Le Cendre - Orcet a Villers-Cotterêts,TRIP,Le Cendre - Orcet,Villers-Cotterêts,
S004650,Depart de Seclin arrivee a Irigny Yvours,TRIP,Seclin,Irigny Yvours,
S004257,Je souhaite aller de Les Vallées a Tantonville,TRIP,Les Vallées,Tantonville,
S001139,Quel train de Laneuveville-devant-Nancy a Aspres-sur-Buëch ?,TRIP,Laneuveville-devant-Nancy,Aspres-sur-Buëch,
S009810,...,UNKNOWN,,,
S007476,J'aime les trains,NOT_TRIP,,,
S002817,je dois aller de bécon les bruyères a la grande-paroisse,TRIP,Bécon les Bruyères,La Grande-Paroisse,
S005276,Y a-t-il un train de La Chapelle Aulnay a Orchamps,TRIP,La Chapelle Aulnay,Orchamps,
S008045,J'aime les trains,NOT_TRIP,,,
S005788,comment aller de saint-laurent-d'aigouze a fismes,TRIP,Saint-Laurent-d'Aigouze,Fismes,
S003262,voyage de gorges a le plessis-belleville,TRIP,Gorges,Le Plessis-Belleville,
S002454,De Dax a L'Herbergement - Les Brouzils,TRIP,Dax,L'Herbergement - Les Brouzils,
S002687,voyage de viaduc sainte-marie a nevers le banlay,TRIP,Viaduc Sainte-Marie,Nevers Le Banlay,
S006902,De Leval a Thonon-les-Bains en passant par Gourdon,TRIP,Leval,Thonon-les-Bains,Gourdon
S007945,salut,NOT_TRIP,,,
S005153,Direction Toury au depart de Saint-Laurent-du-Var,TRIP,Saint-Laurent-du-Var,Toury,
S000940,Un train de Lavaveix-les-Mines a Le Cellier pour demain,TRIP,Lavaveix-les-Mines,Le Cellier,
S008767,Ein Zug nach Marseille bitte,NOT_FRENCH,,,
S005091,comment aller de villers-saint-sépulcre a tournus ?,TRIP,Villers-Saint-Sépulcre,Tournus,
S008654,Un biglietto per Marsiglia,NOT_FRENCH,,,
S004589,Billet Neuville-sur-Sarthe Ambronay - Priay,TRIP,Neuville-sur-Sarthe,Ambronay - Priay,
S002850,Je voyage de Questembert a Plougonver,TRIP,Questembert,Plougonver,
S007481,arriver,NOT_TRIP,,,
S002828,de negrondes a cavaillon,TRIP,Négrondes,Cavaillon,
S006035,Keskastel Gilley via Grand-Combe la Pise,TRIP,Keskastel,Gilley,Grand-Combe la Pise
S007003,Merci,NOT_TRIP,,,
S003426,Partir de Arvant pour Sain-Bel,TRIP,Arvant,Sain-Bel,
S004315,Je souhaite aller de Mont-Notre-Dame a Champagne-sur-Oise,TRIP,Mont-Notre-Dame,Champagne-sur-Oise,
S009272,How do I get to Marseille,NOT_FRENCH,,,
S005673,Rémilly La Madeleine,TRIP,Rémilly,La Madeleine,
S001876,Je me rends a Saint-Gaudens depuis Bourg-Madame,TRIP,Bourg-Madame,Saint-Gaudens,
S004596,Est-ce qu'il y a un train de Lunel-Viel a Saint-Chéron,TRIP,Lunel-Viel,Saint-Chéron,
S003670,Billet Trois Chênes Théoule-sur-Mer,TRIP,Trois Chênes,Théoule-sur-Mer,
S000489,Je pars de Bolquère-Eyne et je vais a Landrecies,TRIP,Bolquère-Eyne,Landrecies,
S002927,Prendre le train de Lagny - Thorigny a Pont du Garigliano - Hôpital Européen Georges Pompidou,TRIP,Lagny - Thorigny,Pont du Garigliano - Hôpital Européen Georges Pompidou,
S005556,Un billet de Colombier-Fontaine a Coudekerque-Branche,TRIP,Colombier-Fontaine,Coudekerque-Branche,
S003907,Est-ce qu'il y a un train de Orléans a Pont de Bois,TRIP,Orléans,Pont de Bois,
S004974,direction brest au depart de saint-chéron,TRIP,Saint-Chéron,Brest,
S003081,train de viviers-du-lac a foix,TRIP,Viviers-du-Lac,Foix,
S005854,Pourriez-vous me trouver un train de Limersheim a Ruffey-lès-Echirey,TRIP,Limersheim,Ruffey-lès-Echirey,
S000686,Aller de Voujeaucourt a Laigne - Saint-Gervais,TRIP,Voujeaucourt,Laigné - Saint-Gervais,
S005192,Je voudrais prendre un train de Ailly-sur-Somme a Chatel - Nomexy,TRIP,Ailly-sur-Somme,Châtel - Nomexy,
S004379,billet nemours - saint-pierre les pavillons-sous-bois,TRIP,Nemours - Saint-Pierre,Les Pavillons-sous-Bois,
S001537,je dois aller de paris gare de lyon a oderen demain,TRIP,Paris Gare de Lyon,Oderen,
S005846,Je voudrais me rendre a Haguenau depuis Wingen-sur-Moder,TRIP,Wingen-sur-Moder,Haguenau,
S007758,aujourd'hui,NOT_TRIP,,,
S005373,y a-t-il un train de vaumoise a chasserades ?,TRIP,Vaumoise,Chasseradès,
S008601,Un biglietto per Marsiglia,NOT_FRENCH,,,
S001977,Je dois aller de Les Essarts-le-Roi a Pont-du-Casse demain,TRIP,Les Essarts-le-Roi,Pont-du-Casse,
S003976,me rendre de ostricourt a voyenne,TRIP,Ostricourt,Voyenne,
S004473,Je souhaite aller de Brax - Léguevin a Savigny-sr-Orge,TRIP,Brax - Léguevin,Savigny-sur-Orge,
S000087,"bonjour, je voudrais aller de breuillet - bruyères-le-châtel a le pont-de-beauvoisin",TRIP,Breuillet - Bruyères-le-Châtel,Le Pont-de-Beauvoisin,
S005105,partir de herblay vers les mureaux,TRIP,Herblay,Les Mureaux,
S009601,...,UNKNOWN,,,
S007479,Il fait beau aujourd'hui,NOT_TRIP,,,
S006377,Noyen-sur-Sarthe Redon via Les Eglisottes-et-Chalaures,TRIP,Noyen-sur-Sarthe,Redon,Les Églisottes-et-Chalaures
S001489,Montaudran - Zelles-sur-Cher,TRIP,Montaudran,Selles-sur-Cher,
S005828,Billet Angers Saint-Laud Neau,TRIP,Angers Saint-Laud,Neau,
S006764,voivres-lès-le-mans dannemarie via yvetot,TRIP,Voivres-lès-le-Mans,Dannemarie,Yvetot
S003881,De Colmar Saint-Joseph a Saint-Martin d'Étampes,TRIP,Colmar Saint-Joseph,Saint-Martin d'Étampes,
S000405,aller de pauillac a munchhausen,TRIP,Pauillac,Munchhausen,
S003924,Directiion Cprdemqis au deprt de Lorient Bretagne Sud,TRIP,Lorient Bretagne Sud,Cordemais,
S006108,Saint-Chely-d'Apcher La Bonneville-sur-Iton via Malain,TRIP,Saint-Chély-d'Apcher,La Bonneville-sur-Iton,Mâlain
S006957,De Hoerdt a Longueville-sur-Scie via Saint-Vincent le Château,TRIP,Hoerdt,Longueville-sur-Scie,Saint-Vincent le Château
S009654,@#$%,UNKNOWN,,,
S009339,Je want to go Lyon,NOT_FRENCH,,,
S007842,Demain,NOT_TRIP,,,
S001475,"SS'il vous plait, un traajet de Merxheim a Bretenoux - Biars",TRIP,Merxheim,Bretenoux - Biars,
S009522,blablabla,UNKNOWN,,,
S004085,Bugeat puis Nogent - Le Perreux,TRIP,Bugeat,Nogent - Le Perreux,
S002149,Ce soir je vais de Le Cailar a Bagnols-sur-Cèze,TRIP,Le Cailar,Bagnols-sur-Cèze,
S005027,me rendre de les pavillons-sous-bois a taconnaz,TRIP,Les Pavillons-sous-Bois,Taconnaz,
S004101,je me rends a groisy - thorens-glières depuis wissembourg,TRIP,Wissembourg,Groisy - Thorens-Glières,
S001855,Je dois aller de Pessac Alouette a Auboué,TRIP,Pessac Alouette,Auboué,
S001893,"S'il vous plait, un trajet de Le Monastier-Pin-Mories a Rouesse-Vasse",TRIP,Le Monastier-Pin-Moriès,Rouessé-Vassé,
S005200,Je vais de Brive-la-Gaillarde a Heiligenberg - Mollkirch,TRIP,Brive-la-Gaillarde,Heiligenberg - Mollkirch,
S007909,Coucou,NOT_TRIP,,,
S009582,@#$%,UNKNOWN,,,
S004768,je me rends a montreuil-sur-thérain depuis saint-pé-de-bigorre,TRIP,Saint-Pé-de-Bigorre,Montreuil-sur-Thérain,
S005743,Saincaize-Meauce vers La Gouesniere - Cancale - Saint-Meloir-des-Ondes,TRIP,Saincaize-Meauce,La Gouesnière - Cancale - Saint-Méloir-des-Ondes,
S009116,Quiero ir de Paris a Lyon,NOT_FRENCH,,,
S004836,Me rendre de PPeyrehorade a Tfémolat,TRIP,Peyrehorade,Trémolat,
S006152,"je pars de cloyes-sur-le-loir, je passe par frenouville - cagny et j'arrive a selestat",TRIP,Cloyes-sur-le-Loir,Sélestat,Frénouville - Cagny
S007804,Demain,NOT_TRIP,,,
S001513,Saint-Aignan - Noyers vers Saint-Cyr-en-Val La Source,TRIP,Saint-Aignan - Noyers,Saint-Cyr-en-Val La Source,
S002802,aller de bains-les-bains a geispolsheim,TRIP,Bains-les-Bains,Geispolsheim,
S008914,Vorrei andare da Parigi a Lione,NOT_FRENCH,,,
S006618,les aubrais brétigny-sur-orge via dives-sur-mer port guillaume,TRIP,Les Aubrais,Brétigny-sur-Orge,Dives-sur-Mer Port Guillaume
S005634,Je voudrais me rendre a Brionne depuis Bléré - La Croix,TRIP,Bléré - La Croix,Brionne,
S004384,Je pars de Chambly et je vais a Mauzac-et-Grand-Castang,TRIP,Chambly,Mauzac-et-Grand-Castang,
S007204,bonjour,NOT_TRIP,,,
S006786,Train de Mont-sur-Meurthe a Appilly passant par Saint-Avold,TRIP,Mont-sur-Meurthe,Appilly,Saint-Avold
S008054,Je voudrais,NOT_TRIP,,,
S009648,lorem ipsum,UNKNOWN,,,
S001228,La Faloise Hesdigneul-les-Boulogne,TRIP,La Faloise,Hesdigneul-lès-Boulogne,
S000996,est-ce qu'il y a un train de taverny a ham,TRIP,Taverny,Ham,
S000236,voyage de sannois a limoux,TRIP,Sannois,Limoux,
S009008,Quiero ir de Paris a Lyon,NOT_FRENCH,,,
S002502,Je zouhaite aller de Châteauneuf-sur-Cyer a Mrvillars,TRIP,Châteauneuf-sur-Cher,Morvillars,
S004817,Prendre le train de Poissy a Saint-Rambert-en-Bugey,TRIP,Poissy,Saint-Rambert-en-Bugey,
S001249,Depart Petit Vaux arrivee Saint-Jodard,TRIP,Petit Vaux,Saint-Jodard,
S006874,Laval puis La Défense puis Fontaines - Mercurey,TRIP,Laval,Fontaines - Mercurey,La Défense
S001599,train de menton a lavaveix-les-mines,TRIP,Menton,Lavaveix-les-Mines,
S003697,Je dois aller de Meurchin a Angouleme,TRIP,Meurchin,Angoulême,
S002990,je souhaite aller de besancon viotte a saint-etienne-du-rouvray,TRIP,Besançon Viotte,Saint-Étienne-du-Rouvray,
S009833,123456,UNKNOWN,,,
S002714,Quel train pour aller de Baisieux a Cap-d'Ail,TRIP,Baisieux,Cap-d'Ail,
S005251,Diepuis Baraqueville Carcenac Pzyralèq judqu'a Saint-Patrice,TRIP,Baraqueville Carcenac Peyralès,Saint-Patrice,
S006560,de trégonneau - squiffiec a landry en passant par bétaille,TRIP,Trégonneau - Squiffiec,Landry,Bétaille
S001762,me rendre de grenoble universités - gières a saint-hilaire-de-riez,TRIP,Grenoble Universités - Gières,Saint-Hilaire-de-Riez,
S001797,Je dois aller de Niederbronn-les-Bains a Amiens,TRIP,Niederbronn-les-Bains,Amiens,
S001569,Billet Basse-Ham Saint-Pierre-d'Aurillac,TRIP,Basse-Ham,Saint-Pierre-d'Aurillac,
S003065,Billet Athis-Mons Lille Europe,TRIP,Athis-Mons,Lille Europe,
S003845,quel train de toul a nœux-les-mines ?,TRIP,Toul,Nœux-les-Mines,
S005092,Quel train pour aller de Le Burg a Montaudran,TRIP,Le Burg,Montaudran,
S001210,Train de Bournezeau a Bidos,TRIP,Bournezeau,Bidos,
S009465,Train from Paris to Bordeaux please,NOT_FRENCH,,,
S005955,"Je pars de Chézy-sur-Marne, je passe par Nançois - Tronville et j'arrive a Bourron-Marlotte - Grez",TRIP,Chézy-sur-Marne,Bourron-Marlotte - Grez,Nançois - Tronville
S007399,hello,NOT_TRIP,,,
S003918,Depart Le Pont-de-Claix arrivee Prin-Deyrancon,TRIP,Le Pont-de-Claix,Prin-Deyrançon,
S004006,Quel train pour allez de Varennes-sur-Fouzon a Simandre-sur-Suran,TRIP,Varennes-sur-Fouzon,Simandre-sur-Suran,
S006907,Saint-Nabord puis Bernay puis Viviez - Decazeville,TRIP,Saint-Nabord,Viviez - Decazeville,Bernay
S002878,j'aimerais un billet de mareil-marly a laguépie,TRIP,Mareil-Marly,Laguépie,
S000316,J'aimerais un billet de Albertville a Stade de France Saint-Denis,TRIP,Albertville,Stade de France Saint-Denis,
S003922,direction marlieux - châtillon au depart de ailly-sur-noye,TRIP,Ailly-sur-Noye,Marlieux - Châtillon,
S003762,Demain je pars de Milhaud pour Janze,TRIP,Milhaud,Janzé,
S000450,Depart de Castillon-la-Bataille arrivee a Gramat,TRIP,Castillon-la-Bataille,Gramat,
S001377,Je souhaite aller de La Mothe-Achard a Obernai,TRIP,La Mothe-Achard,Obernai,
S007030,Je voudrais,NOT_TRIP,,,
S009599,@#$%,UNKNOWN,,,
S005794,billet chantenay ors,TRIP,Chantenay,Ors,
S004928,aler de Cergy Préfecture a Mont-Louis - La Cabanasse,TRIP,Cergy Préfecture,Mont-Louis - La Cabanasse,
S007259,Nice de te rencontrer,NOT_TRIP,,,
S006963,Allaer dz Dijon Porte Neuveu a Écoyché avec un atret ae Arnage,TRIP,Dijon Porte Neuve,Écouché,Arnage
S009826,   ,UNKNOWN,,,
S001005,Ce soir je vais de Carpentras a Digoin,TRIP,Carpentras,Digoin,
S008547,Un billete de tren por favor,NOT_FRENCH,,,
S007416,mon ami lyon va bien,NOT_TRIP,,,
S000736,Billet Benestroff Pleyber-Christ,TRIP,Bénestroff,Pleyber-Christ,
S007100,merci,NOT_TRIP,,,
S006428,Je veux passer par Colombier-Fontaine pour aller de Chamborigaud a Lancey,TRIP,Chamborigaud,Lancey,Colombier-Fontaine
S000745,Je veux aller de Vernouillet - Verneuil a Saint-Brieuc,TRIP,Vernouillet - Verneuil,Saint-Brieuc,
S001048,J'aimerais un billet de Château-Renault a Plouvara - Plerneuf,TRIP,Château-Renault,Plouvara - Plerneuf,
S002730,Est-ce qu'il y a un train de Bédarrides a Sallaumines,TRIP,Bédarrides,Sallaumines,
S008099,nice de te rencontrer,NOT_TRIP,,,
S002612,Je veux me rendre a Bourgtheroulde - Thuit-Hebert en partant de Cavaillon,TRIP,Cavaillon,Bourgtheroulde - Thuit-Hébert,
S001663,ouges direction paris saint-lazare,TRIP,Ouges,Paris Saint-Lazare,
S003306,billet lorient bretagne sud nice riquier,TRIP,Lorient Bretagne Sud,Nice Riquier,
S002417,"s'il vous plait, un trajet de cenon a sainte-marthe en provence",TRIP,Cenon,Sainte-Marthe en Provence,
S006653,De Tonnnay-Charente a Vieux-Thann Zone Indusrielle via Moiranz,TRIP,Tonnay-Charente,Vieux-Thann Zone Industrielle,Moirans
S002482,Je dois aller de Ste-Leocadie a Arbois demain,TRIP,Ste-Léocadie,Arbois,
S005889,Partir de Gazeran pour Quincieux,TRIP,Gazeran,Quincieux,
S000119,train de louroux-de-bouble a casino lacroix laval,TRIP,Louroux-de-Bouble,Casino Lacroix Laval,
S008598,I need to travel tomorrow,NOT_FRENCH,,,
S001297,Je veux aller de Limeray a Pont-d'Ain,TRIP,Limeray,Pont-d'Ain,
S004856,y a-t-il un train de château-arnoux-saint-auban a venerque - vernet ?,TRIP,Château-Arnoux-Saint-Auban,Venerque - Vernet,
S004201,Je veux me rendre a Cordemais en partant de Aulnay-sous-Bois,TRIP,Aulnay-sous-Bois,Cordemais,
S001771,comment aller de cérons a poligny ?,TRIP,Cérons,Poligny,
S002517,depart de cannes arrivee a ria-sirach,TRIP,Cannes,Ria-Sirach,
S008562,Quiero ir de Paris a Lyon,NOT_FRENCH,,,
S005488,Je vais de Pougues-les-Eaux a Busseau sur Creuse,TRIP,Pougues-les-Eaux,Busseau sur Creuse,
S000151,Wihr-au-Val - Soultzbach vers Audrieu,TRIP,Wihr-au-Val - Soultzbach,Audrieu,
S008240,A bientot,NOT_TRIP,,,
S003783,Train de Saverdun a Vulaines-sur-Seine - Samoreau,TRIP,Saverdun,Vulaines-sur-Seine - Samoreau,
S008645,Wie komme ich nach Bordeaux,NOT_FRENCH,,,
S002191,"S'il vous plait, un trajet de Neuves-Maisons a Trappes",TRIP,Neuves-Maisons,Trappes,
S000945,je voyage de la bernerie-en-retz a chapeauroux,TRIP,La Bernerie-en-Retz,Chapeauroux,
S001938,Quel train de Joncet a Plaisir - Les Clayes ?,TRIP,Joncet,Plaisir - Les Clayes,
S003274,Depuis Montreuil-sur-Thérain jusqu'a Najac,TRIP,Montreuil-sur-Thérain,Najac,
S007431,Hey,NOT_TRIP,,,
S002782,Un train de Le Vernet d'Ariège a Haute Picardie TGV pour demain,TRIP,Le Vernet d'Ariège,Haute Picardie TGV,
S000895,savy-berlette vers aubrives,TRIP,Savy-Berlette,Aubrives,
S008795,I want to go from Paris to Lyon,NOT_FRENCH,,,
S005636,depar de Beuvry lès Béthune arrivee a Rosières-aux-Salines,TRIP,Beuvry lès Béthune,Rosières-aux-Salines,
S000435,Je veux aller de Appilly a Saint-Antoine-du-Rocher,TRIP,Appilly,Saint-Antoine-du-Rocher,
S007332,Bonjour,NOT_TRIP,,,
S004591,Je veux aller de Estrées-Saint-Denis a Auffay,TRIP,Estrées-Saint-Denis,Auffay,
S003548,Partir de Conches-en-Ouche vers Tonnerre,TRIP,Conches-en-Ouche,Tonnerre,
S008462,Mon ami Lyon va bien,NOT_TRIP,,,
S004487,Je voudrais me rendre a Sennecey-le-Grand depuis Saint-Victor-l'Abbaye,TRIP,Saint-Victor-l'Abbaye,Sennecey-le-Grand,
S009305,Book a ticket for me,NOT_FRENCH,,,
S008904,I would like a train ticket,NOT_FRENCH,,,
S006684,De Vert Galant vers Marmande avec correspondance a Toul,TRIP,Vert Galant,Marmande,Toul
S008283,genial,NOT_TRIP,,,
S001148,un train de coulanges-sur-yonne a liévin,TRIP,Coulanges-sur-Yonne,Liévin,
S000638,je pars de agen et je vais a trélazé,TRIP,Agen,Trélazé,
S005329,Je veux me rendre a Praye-sous-Vaudemont en partant de Mont-Dauphin - Guillestre,TRIP,Mont-Dauphin - Guillestre,Praye-sous-Vaudémont,
S005106,partir de lafarge pour brebières,TRIP,Lafarge,Brebières,
S002165,Je pars de Nanteuil-le-Haudouin pour aller a Pau,TRIP,Nanteuil-le-Haudouin,Pau,
S008130,nice de te rencontrer,NOT_TRIP,,,
S004484,pourriez-vous me trouver un train de le theil-de-bretagne a beauvoir-sur-niort,TRIP,Le Theil-de-Bretagne,Beauvoir-sur-Niort,
S007096,hey,NOT_TRIP,,,
S006028,Aller de Belleville sur Sâone a Maule avec un arret a Aurec-sur-Loire,TRIP,Belleville sur Sâone,Maule,Aurec-sur-Loire
S000493,billet servas - lent saint-florentin - vergigny,TRIP,Servas - Lent,Saint-Florentin - Vergigny,
S006789,Aller de Meulan - Hardricourt a Carry-le-Rouet avec un arret a Oudon,TRIP,Meulan - Hardricourt,Carry-le-Rouet,Oudon
S002862,Sauvernz duirection La ourneuvoe - Aubervilliers,TRIP,Saverne,La Courneuve - Aubervilliers,
S009544,!!!,UNKNOWN,,,
S007005,Super,NOT_TRIP,,,
S009668,qwerty,UNKNOWN,,,
S002965,Prendre le train de Angers Maître École a Paris Austerlitz,TRIP,Angers Maître École,Paris Austerlitz,
S006308,Aller de Lisière Pereeire a Maintenon avec un arret a Istres,TRIP,Lisière Pereire,Maintenon,Istres
S004389,je vais a vireux-molhain depuis la possonniere,TRIP,La Possonnière,Vireux-Molhain,
S003138,me rendre de brebières a montry - condé,TRIP,Brebières,Montry - Condé,
S004913,Ptgibaud vers Tournay,TRIP,Pontgibaud,Tournay,
S004003,Me rendre de Assier a Arc-et-Senans,TRIP,Assier,Arc-et-Senans,
S000786,De Saint-André-lez-Lille a Pers,TRIP,Saint-André-lez-Lille,Pers,
S009150,Train from Paris to Bordeaux please,NOT_FRENCH,,,
S008010,A bientot,NOT_TRIP,,,
S007145,J'ai rencontre Marseille hier,NOT_TRIP,,,
S000307,"s'il vous plait, un trajet de l'aigle a condé-sur-huisne",TRIP,L'Aigle,Condé-sur-Huisne,
S001761,Quel train pour aller de Brassac-les-Mines - Sainte-Florine a Champagne-Ardenne TGV,TRIP,Brassac-les-Mines - Sainte-Florine,Champagne-Ardenne TGV,
S004664,je veux me rendre a les cauquillous en partant de anchamps,TRIP,Anchamps,Les Cauquillous,
S001145,Magenta puis Juan les Pins,TRIP,Magenta,Juan les Pins,
S005862,Je veux prendre le train de Sète a Bessançon Franchd-Cmté TGV,TRIP,Sète,Besançon Franche-Comté TGV,
S001419,Je pars de Saubusse pour aller a Saint-Seurin-sur-l'Isle,TRIP,Saubusse,Saint-Seurin-sur-l'Isle,
S009743,!!!,UNKNOWN,,,
S006423,Train de Dijon a Sérifontaine passant par Belvès,TRIP,Dijon,Sérifontaine,Belvès
S007256,super,NOT_TRIP,,,
S002594,Je me rends a Sallanches - Combloux - Megeve depuis Gresy-sur-Isere,TRIP,Grésy-sur-Isère,Sallanches - Combloux - Megève,
S000970,je pars de coignières et je vais a calais,TRIP,Coignières,Calais,
S001828,flaxlanden - meyrargues,TRIP,Flaxlanden,Meyrargues,
S004352,je pars de montargis et je vais a vandières,TRIP,Montargis,Vandières,
S002421,comment aller de chamalières-sur-loire a vrigne-meuse ?,TRIP,Chamalières-sur-Loire,Vrigne-Meuse,
S002595,comment aller de lisieux a morières-lès-avignon,TRIP,Lisieux,Morières-lès-Avignon,
S002562,Je voudrai me rendre a Rougemont Chanteloup depuis Valdahon Camp Militaire,TRIP,Valdahon Camp Militaire,Rougemont Chanteloup,
S001451,Je voudrait me rendre a Lauterbourg depuit Commentry,TRIP,Commentry,Lauterbourg,
S007670,Comment ca marche,NOT_TRIP,,,
S003345,je dois aller de viviez - decazeville a courcy - brimont,TRIP,Viviez - Decazeville,Courcy - Brimont,
S001486,neuilly - porte maillot vers toury,TRIP,Neuilly - Porte Maillot,Toury,
S001356,je veux aller de lagny - thorigny a cize - bolozon,TRIP,Lagny - Thorigny,Cize - Bolozon,
S002756,Y a-t-il un train de Trégonneau - Squiffiec a Valleiry,TRIP,Trégonneau - Squiffiec,Valleiry,
S003934,"Bonjour, je voudrais allez de Lezoux a Méroux",TRIP,Lezoux,Méroux,
S002928,depui Vis à Marles jusqu'a Saint-Fargeau-Ponthierry,TRIP,Vis à Marles,Saint-Fargeau-Ponthierry,
S005906,Je vais de Serres a Nesle,TRIP,Serres,Nesle,
S006973,"Je pas de Lérouville, he passe par Saint-Fons et j'arrve  Bsse-Ham",TRIP,Lérouville,Basse-Ham,Saint-Fons
S005946,Je vais q Joigny sepus Sigoin,TRIP,Digoin,Joigny,
S007383,C'est quoi ce service,NOT_TRIP,,,
S001204,Un train de Nœux-les-Mines a Quillan,TRIP,Nœux-les-Mines,Quillan,
S004045,Comment aller de Lancerf a Poitiers ?,TRIP,Lancerf,Poitiers,
S008614,Book a ticket for me,NOT_FRENCH,,,
S001052,Y a-t-il un train de Trith-Saint-Leger a Bruyeres,TRIP,Trith-Saint-Léger,Bruyères,
S000362,"bonjour, je voudrais aller de nortkerque a voves",TRIP,Nortkerque,Voves,
S001498,Je vais de Rennes a Egly,TRIP,Rennes,Égly,
S007110,Help,NOT_TRIP,,,
S005645,Un train de Loches a Garges - Sarcelles,TRIP,Loches,Garges - Sarcelles,
S001736,"S'il vous plait, un trajet de Montaigu a Rouen Rive Droite",TRIP,Montaigu,Rouen Rive Droite,
S000761,comment aller de novillars a baillargues,TRIP,Novillars,Baillargues,
S006997,de gardonne a villers-saint-paul via épierre - saint-léger,TRIP,Gardonne,Villers-Saint-Paul,Épierre - Saint-Léger
S006920,Saint-Savinien puis Rezé Pont Rousseau puis Avignonet-Lauragais,TRIP,Saint-Savinien,Avignonet-Lauragais,Rezé Pont Rousseau
S007559,Voyage,NOT_TRIP,,,
S006520,Je voudrais aller de Lamballe a Saint-Pierre-d'Aurillac en passant par Castres,TRIP,Lamballe,Saint-Pierre-d'Aurillac,Castres
S004114,Un train de Le Stade a Saint-Nom-la-Bretèche Forêt de Marly,TRIP,Le Stade,Saint-Nom-la-Bretèche Forêt de Marly,
S006924,je voudrais aller de taconnaz a brest en passant par recquignies,TRIP,Taconnaz,Brest,Recquignies
S004692,me rendre de colmar saint-joseph a barjac,TRIP,Colmar Saint-Joseph,Barjac,
S007694,C'est trop cher,NOT_TRIP,,,
S007413,Salut,NOT_TRIP,,,
S001272,"Bonjour, je voudrais aller de Flaxlanden a Saint-Péray",TRIP,Flaxlanden,Saint-Péray,
S009622,blablabla,UNKNOWN,,,
S004183,train de l'aiguille a picon busserine,TRIP,L'Aiguille,Picon Busserine,
S002303,Je souhaite aller de Somain a Argelès-sur-Mer,TRIP,Somain,Argelès-sur-Mer,
S009797,...,UNKNOWN,,,
S001503,MMe rendre de Domblanes - Voiteuur a Le Cellief,TRIP,Domblans - Voiteur,Le Cellier,
S000457,Pourriez-vous me trouver un train de Ssint-Laurent-en-Grandvaux q Carry-le-Rpuet,TRIP,Saint-Laurent-en-Grandvaux,Carry-le-Rouet,
S001940,Je vais de Écommoy a La Tricherie,TRIP,Écommoy,La Tricherie,
S001241,Partir de Le Cendre - Orcet vers Plaisir - Grignon,TRIP,Le Cendre - Orcet,Plaisir - Grignon,
S009043,Book a ticket for me,NOT_FRENCH,,,
S008246,Coucou,NOT_TRIP,,,
S003778,Un train de Les Deux Jumeaux a Saint-Germain-du-Puy pour demain,TRIP,Les Deux Jumeaux,Saint-Germain-du-Puy,
S006605,strasbourg lille flandres via albens,TRIP,Strasbourg,Lille Flandres,Albens
S003646,Voyager de Saint-Césaire vers Dieupentale,TRIP,Saint-Césaire,Dieupentale,
S008027,hey,NOT_TRIP,,,
S009542,test test test,UNKNOWN,,,
S005187,De Ker Lann jusqu'a Les Praz de Chamonix,TRIP,Ker Lann,Les Praz de Chamonix,
S009404,Train from Paris to Bordeaux please,NOT_FRENCH,,,
S009916,@#$%,UNKNOWN,,,
S007071,voyage,NOT_TRIP,,,
S008460,Je voudrais,NOT_TRIP,,,
S005953,Merenvielle puis Wimille - Wimereux puis La Chapelle-sur-Loire,TRIP,Mérenvielle,La Chapelle-sur-Loire,Wimille - Wimereux
S003571,Je veux me rendre a Servoz en partant de Dammartin - Juilly - Saint-Mard,TRIP,Dammartin - Juilly - Saint-Mard,Servoz,
S003283,depart fleurieux-sur-l'arbresle arrivee tremolat,TRIP,Fleurieux-sur-l'Arbresle,Trémolat,
S002382,Depuis Stephasfeld jusq'a Villabéa,TRIP,Stephansfeld,Villabé,
S004419,Train de Puybrun a La Rivière de Mansac,TRIP,Puybrun,La Rivière de Mansac,
S002216,Depart de Albert arrivee a Sainte-Foy-la-Grande,TRIP,Albert,Sainte-Foy-la-Grande,
S006896,"Je pears de Chantilly - Gouvieux, je passue par Saint-Béron - La Bridoire et j'arrive a Nézel - Aulnay",TRIP,Chantilly - Gouvieux,Nézel - Aulnay,Saint-Béron - La Bridoire
S002441,je voyage de arcachon a chabris,TRIP,Arcachon,Chabris,
S008005,Arriver,NOT_TRIP,,,
S009316,Ich mochte von Paris nach Lyon fahren,NOT_FRENCH,,,
S007394,Je m'appelle Paris,NOT_TRIP,,,
S002385,Depart Saint-Marcellin arrivee Formerie,TRIP,Saint-Marcellin,Formerie,
S000463,Train de Tergnier a Rosny Bois Perrier,TRIP,Tergnier,Rosny Bois Perrier,
S002852,Partir de Garancières - La Queue pour Us,TRIP,Garancières - La Queue,Us,
S006949,train de pruniers-en-sologne a lyon perrache passant par le bousquet-d'orb,TRIP,Pruniers-en-Sologne,Lyon Perrache,Le Bousquet-d'Orb
S006495,de epernay a villetaneuse universite en passant par argeles-sur-mer,TRIP,Épernay,Villetaneuse Université,Argelès-sur-Mer
S003229,je dois aller de ay a etriche - chateauneuf demain,TRIP,Ay,Étriché - Châteauneuf,
S006235,De Labergement-Sainte-Marie a Pont de Briques via Neufchâtel-Hardelot,TRIP,Labergement-Sainte-Marie,Pont de Briques,Neufchâtel-Hardelot
S001242,un train de laval a épernon,TRIP,Laval,Épernon,
S003127,Je vais de Montigny - Beauchamp a Roeschwoog,TRIP,Montigny - Beauchamp,Roeschwoog,
S006033,"Je pars de Rosny-sur-Seine, je passe par Grigny Centre et j'arrive a Labege Village",TRIP,Rosny-sur-Seine,Labège Village,Grigny Centre
S006126,train de coucy-les-eppes a pessac passant par saint-gratien,TRIP,Coucy-lès-Eppes,Pessac,Saint-Gratien
S000939,prendre le train de ecouen - ezanville a bohain-en-vermandois,TRIP,Écouen - Ézanville,Bohain-en-Vermandois,
S008060,Tu fais quoi,NOT_TRIP,,,
S002554,train de cercottes a cordes - vindrac,TRIP,Cercottes,Cordes - Vindrac,
S007329,Albert est mon cousin,NOT_TRIP,,,
S005661,Partir de Gertwiller vers Buzy en Béarn,TRIP,Gertwiller,Buzy en Béarn,
S007229,Je veux aller,NOT_TRIP,,,
S003597,je dois aller de erdre active a gevrey-chambertin,TRIP,Erdre Active,Gevrey-Chambertin,
S004207,limersheim puis bussac-foret,TRIP,Limersheim,Bussac-Forêt,
S007826,troyes est un prenom original,NOT_TRIP,,,
S000924,je me rends a saint-pierre-le-moûtier depuis le bugue,TRIP,Le Bugue,Saint-Pierre-le-Moûtier,
S000059,Je voudrais prendre un train de Paris Gare du Nord a Les Noues,TRIP,Paris Gare du Nord,Les Noues,
S005039,j'aimerais un billet de francheville a ambronay - priay,TRIP,Francheville,Ambronay - Priay,
S005437,De Lycée Henri Sellier a Scherwiller,TRIP,Lycée Henri Sellier,Scherwiller,
S007906,Les trains sont souvent en retard,NOT_TRIP,,,
S006851,De Boves a Montigny-sur-Loing via Liguge,TRIP,Boves,Montigny-sur-Loing,Ligugé
S009135,Un billete de tren por favor,NOT_FRENCH,,,
S004623,quel train pour aller de tantonville a notre-dame-d'oé,TRIP,Tantonville,Notre-Dame-d'Oé,
S003447,direction émerainville - pontault-combault au depart de ligugé,TRIP,Ligugé,Émerainville - Pontault-Combault,
S007932,Hello,NOT_TRIP,,,
S000517,Demain je pars de Chambery - Challes-les-Eaux pour Laneuveville-devant-Nancy,TRIP,Chambéry - Challes-les-Eaux,Laneuveville-devant-Nancy,
S007345,j'aime les trains,NOT_TRIP,,,
S008573,Can you help me,NOT_FRENCH,,,
S004083,Je voudrais prendre un train de Brive-la-Gaillarde a Egly,TRIP,Brive-la-Gaillarde,Égly,
S009742,...,UNKNOWN,,,
S000839,Direction Vitrolles Aeroport Marseille Provence au depart de Vias,TRIP,Vias,Vitrolles Aéroport Marseille Provence,
S003471,"S'il vous plait, un trajet de Villiers-le-Bel - Gonesse - Arnouville a Chars",TRIP,Villiers-le-Bel - Gonesse - Arnouville,Chars,
S007923,je voudrais,NOT_TRIP,,,
S002994,Ce soir je vais de Les Flachères a Groisy - Thorens-Glières,TRIP,Les Flachères,Groisy - Thorens-Glières,
S002393,De Moulin Galant jusqu'a Sierentz,TRIP,Moulin Galant,Sierentz,
S006868,de thomery a nesle en passant par les flachères,TRIP,Thomery,Nesle,Les Flachères
S006900,Je voudrais aller de Bohain-en-Vermandois a Poitiers en passant par Pléchâtel,TRIP,Bohain-en-Vermandois,Poitiers,Pléchâtel
S005859,Je vais de Uchaud a Conflans Fin d'Oise,TRIP,Uchaud,Conflans Fin d'Oise,
S001245,Laon puis Morre,TRIP,Laon,Morre,
S002422,je veux me rendre a lizy-sur-ourcq en partant de montsoult - maffliers,TRIP,Montsoult - Maffliers,Lizy-sur-Ourcq,
S003362,Direction Le Coteau au depart de Nézel - Aulnay,TRIP,Nézel - Aulnay,Le Coteau,
S008344,Hey,NOT_TRIP,,,
S002174,Aller de Villabé a Ychoux,TRIP,Villabé,Ychoux,
S004150,j'aimerais un billet de génelard a l'arbresle,TRIP,Génelard,L'Arbresle,
S007760,Je voudraiz,NOT_TRIP,,,
S005177,Je voudrais prendre un train de Souillac a Longueville,TRIP,Souillac,Longueville,
S001586,"bonjour, je voudrais aller de besancon franche-comte tgv a pointe de grave",TRIP,Besançon Franche-Comté TGV,Pointe de Grave,
S004577,Je pars de Savy-Berlette pour aller a Limoges Montjovis,TRIP,Savy-Berlette,Limoges Montjovis,
S000865,Je dois aller de Allée Royale a Montreux-Vieux demaoinn,TRIP,Allée Royale,Montreux-Vieux,
S008061,aide moi,NOT_TRIP,,,
S007604,Tu fais quoi,NOT_TRIP,,,
S007920,help,NOT_TRIP,,,
S005305,Meuse TGV - Chaux-des-Crotenay,TRIP,Meuse TGV,Chaux-des-Crotenay,
S009265,Je want to go Lyon,NOT_FRENCH,,,
S000360,Je pars de Évron pour aller a Coutances,TRIP,Évron,Coutances,
S000731,je dois aller de antibes a salomé demain,TRIP,Antibes,Salomé,
S009095,Quiero ir de Paris a Lyon,NOT_FRENCH,,,
S007720,Genial,NOT_TRIP,,,
S001071,Je dois alle de Tarare a Lentilly demain,TRIP,Tarare,Lentilly,
S003338,Je souhaite aller de Lunas a Saint-Pierre-le-Moûtier,TRIP,Lunas,Saint-Pierre-le-Moûtier,
S004447,Je vais de Foucart - Alvimare a Arbanats,TRIP,Foucart - Alvimare,Arbanats,
S004564,Voyager de Belvès vers Vincelles,TRIP,Belvès,Vincelles,
S000611,je veux prendre le train de rœux a pamiers,TRIP,Rœux,Pamiers,
S008434,Comment ca marche,NOT_TRIP,,,
S000642,je voudrais me rendre a menars depuis montdidier,TRIP,Montdidier,Menars,
S003391,Saint-Genouph Ascq,TRIP,Saint-Genouph,Ascq,
S009086,Ein Zug nach Marseille bitte,NOT_FRENCH,,,
S002340,voyager de alaï vers saint-martory,TRIP,Alaï,Saint-Martory,
S008747,Train from Paris to Bordeaux please,NOT_FRENCH,,,
S004963,Lourches - Lzs Lacs,TRIP,Lourches,Les Lacs,
S007677,J'aime les trains,NOT_TRIP,,,
S006477,de fepin a massy - verrieres via barsac,TRIP,Fépin,Massy - Verrières,Barsac
S006075,de thaon a assat en passant par somain,TRIP,Thaon,Assat,Somain
S000374,Me rendre de Bigny a Courcy - Brimont,TRIP,Bigny,Courcy - Brimont,
S000436,Ce soir je vais de L'Arbresle a Nancy,TRIP,L'Arbresle,Nancy,
S008321,Les trains sont souvent en retard,NOT_TRIP,,,
S004099,Partir de Poitiers pour Landas,TRIP,Poitiers,Landas,
S005793,Comment aller de Saint-Etienne-du-Rouvray a Egletons ?,TRIP,Saint-Étienne-du-Rouvray,Égletons,
S009587,@#$%,UNKNOWN,,,
S002849,je veux aller de clermont la pardieu a marcelcave,TRIP,Clermont La Pardieu,Marcelcave,
S002237,Je voudrais aller de Saint-Émilion a Meulan - Hardricourt,TRIP,Saint-Émilion,Meulan - Hardricourt,
S008728,Quiero ir de Paris a Lyon,NOT_FRENCH,,,
S008450,La SNCF c'est pas mal,NOT_TRIP,,,
S007801,Partir,NOT_TRIP,,,
S008543,Un billete de tren por favor,NOT_FRENCH,,,
S002737,Je vais a Chartrettes depui Condat - Le Lardin,TRIP,Condat - Le Lardin,Chartrettes,
S007307,C'est trop cher,NOT_TRIP,,,
S009253,Quiero ir de Paris a Lyon,NOT_FRENCH,,,
S008589,I want aller a Paris,NOT_FRENCH,,,
S007875,Nancy est ma soeur,NOT_TRIP,,,
S000339,Je veux prendre le train de Chabenet a Port-de-Bouc,TRIP,Chabenet,Port-de-Bouc,
S005923,je dois aller de boutheon a brive-la-gaillarde,TRIP,Bouthéon,Brive-la-Gaillarde,
S007609,Coucou,NOT_TRIP,,,
S004327,je pars de saint-paul-de-varax pour aller a auchy-les-hesdin,TRIP,Saint-Paul-de-Varax,Auchy-lès-Hesdin,
S002283,J'aimerais un billet de Bourges a Saint-Blaise-la-Roche Poutay,TRIP,Bourges,Saint-Blaise-la-Roche Poutay,
S005851,Je voudrais me rendre a Fegersheim - Lipshrimm deepuis Oullins,TRIP,Oullins,Fegersheim - Lipsheim,
S009864,@#$%,UNKNOWN,,,
S006490,je voudrais aller de soissons a le lioran en passant par le buisson-de-cadouin,TRIP,Soissons,Le Lioran,Le Buisson-de-Cadouin
S000534,Direction Pons au depart de Angers Maître École,TRIP,Angers Maître École,Pons,
S008476,aide moi,NOT_TRIP,,,
S003939,je pars de saint-astier pour aller a valençay,TRIP,Saint-Astier,Valençay,
S004479,Esg-e qu'il y a un train de Bollwiller a Arvant,TRIP,Bollwiller,Arvant,
S006888,Viviez - Decazeville puis Sénas puis Mont-de-Marsan,TRIP,Viviez - Decazeville,Mont-de-Marsan,Sénas
S009799,lorem ipsum,UNKNOWN,,,
S001753,Depuis Cannes jusqu'a Petit-Croix,TRIP,Cannes,Petit-Croix,
S001719,Y a-t-il un train de Thieux - Nantouillet a Saint-Agne ?,TRIP,Thieux - Nantouillet,Saint-Agne,
S008473,j'aime les trains,NOT_TRIP,,,
S009344,I need to travel tomorrow,NOT_FRENCH,,,
S000806,"S'il vous plait, un trajet de Amilly Ouerray a Tessonnieres",TRIP,Amilly Ouerray,Tessonnières,
S007846,Aide moi,NOT_TRIP,,,
S001769,Je voudrais prendre un train de Clichy - Levallois a Ermont - Eaubonne,TRIP,Clichy - Levallois,Ermont - Eaubonne,
S001787,Je voudrais me rendre a Castelnaudary depuis Saint-Aulaire,TRIP,Saint-Aulaire,Castelnaudary,
S009972,@#$%,UNKNOWN,,,
S001727,Est-ce qu'il y a un train de Clerval a Champbenoist - Poigny,TRIP,Clerval,Champbenoist - Poigny,
S004612,Un train de Clamart a Decize pour demain,TRIP,Clamart,Decize,
S006060,aller de breuillet - bruyères-le-châtel a salles-courbatiès avec un arret a la hume,TRIP,Breuillet - Bruyères-le-Châtel,Salles-Courbatiès,La Hume
S009385,Book a ticket for me,NOT_FRENCH,,,
S006774,"Je pars de Ria-Sirach, je passe par Boisleux-au-Mont et j'arrive a Fons - Saint-Mamert",TRIP,Ria-Sirach,Fons - Saint-Mamert,Boisleux-au-Mont
S005663,Je me rends a Les Bossons depuis Sisteron,TRIP,Sisteron,Les Bossons,
S009156,I want aller a Paris,NOT_FRENCH,,,
S008322,a bientot,NOT_TRIP,,,
S003464,Je voudrais aller de Chilly-Mazarin a Montréjeau - Gourdan-Polignan,TRIP,Chilly-Mazarin,Montréjeau - Gourdan-Polignan,
S005939,De Saint-Martin-d'Oney a Liancourt-Saint-Pierre,TRIP,Saint-Martin-d'Oney,Liancourt-Saint-Pierre,
S000713,Demain je pars de Harfleur-Halte pour Choisy-le-Roi,TRIP,Harfleur-Halte,Choisy-le-Roi,
S007050,il fait beau aujourd'hui,NOT_TRIP,,,
S005335,Je voyage de Fons - Saint-Mamert a Strazeele,TRIP,Fons - Saint-Mamert,Strazeele,
S004068,Un train de Ailly-sur-Noye a Anor,TRIP,Ailly-sur-Noye,Anor,
S006372,Je veux passer par Brioude pour aller de Neufchâteau a Urçay - La Perche,TRIP,Neufchâteau,Urçay - La Perche,Brioude
S003327,Direction Herblay au départ de Thann Saint-Jacques,TRIP,Thann Saint-Jacques,Herblay,
S007085,d'accord,NOT_TRIP,,,
S002469,J'aimerais un billlet de Ussel a Roquesérière - Buzet,TRIP,Ussel,Roquesérière - Buzet,
S006188,Je voudrais aller de Basse-Ham a La Trinite Victor en passant par Gievres,TRIP,Basse-Ham,La Trinité Victor,Gièvres
S008531,Wie komme ich nach Bordeaux,NOT_FRENCH,,,
S005745,Je eux me rendre a Monsempron-Libos en partant fe Luc-en-Diois,TRIP,Luc-en-Diois,Monsempron-Libos,
S000448,aller de bretoncelles a portets,TRIP,Bretoncelles,Portets,
S001856,Je voudrais aller de Les Abrets - Fitilieu a Saint-Martin du Touch,TRIP,Les Abrets - Fitilieu,Saint-Martin du Touch,
S004122,Est-ce qu'il y a un train de Le Teil a Cramoisy,TRIP,Le Teil,Cramoisy,
S002945,Je veux me rzndre a Les Moutierq-en-Retz en partant de Voiron,TRIP,Voiron,Les Moutiers-en-Retz,
S000412,Est-ce qu'il y a un train de Breuillet - Bruyères-le-Châtel a Saint-Leu-la-Forêt,TRIP,Breuillet - Bruyères-le-Châtel,Saint-Leu-la-Forêt,
S002286,Je veux aller de Coucy-lès-Eppes a Châtel-Censoir,TRIP,Coucy-lès-Eppes,Châtel-Censoir,
S007414,Bonjour,NOT_TRIP,,,
S005165,Un trin de Villefranche-sur-Cher a Aubiat pour demain,TRIP,Villefranche-sur-Cher,Aubiat,
S001035,Depart Boisset arrivee Raedersheim,TRIP,Boisset,Raedersheim,
S005511,billet niversac fos-sur-mer,TRIP,Niversac,Fos-sur-Mer,
S006494,Je voudrais aller de Ustaritz Jatxou a Belvezet en passant par Livry-sur-Seine,TRIP,Ustaritz Jatxou,Belvezet,Livry-sur-Seine
S000759,Je vais a Parent - Coudes - Champeix depuis Pessac Alouette,TRIP,Pessac Alouette,Parent - Coudes - Champeix,
S002533,Thenissey vers Marienthal,TRIP,Thenissey,Marienthal,
S008500,Voyage,NOT_TRIP,,,
S005314,Depart Staffelfelden arrivee Loriol-sur-Drôme,TRIP,Staffelfelden,Loriol-sur-Drôme,
S000662,voyager de bouray vers villefranche-sur-saone,TRIP,Bouray,Villefranche-sur-Saône,
S009414,Ich mochte von Paris nach Lyon fahren,NOT_FRENCH,,,
S006112,de aime - la plagne vers beaucaire avec correspondance a cannes la bocca,TRIP,Aime - La Plagne,Beaucaire,Cannes La Bocca
S008015,Tu fais quoi,NOT_TRIP,,,
S004339,Partir de Epinal pour Buno - Gironville,TRIP,Épinal,Buno - Gironville,
S002555,Quel train de Recquignies a Morcenx ?,TRIP,Recquignies,Morcenx,
S001518,je voudrais aller de la hutte coulombiers a gazinet cestas,TRIP,La Hutte Coulombiers,Gazinet Cestas,
S004991,Depart de Argentan arrivee a Noisy-le-Sec,TRIP,Argentan,Noisy-le-Sec,
S009188,Un billete de tren por favor,NOT_FRENCH,,,
S003601,Je voudrais aller de L'Hermitage - Mordelles a Aeroport Charles de Gaulle 2 TGV,TRIP,L'Hermitage - Mordelles,Aéroport Charles de Gaulle 2 TGV,
S007462,super,NOT_TRIP,,,
S006391,"Je pars de Joigny, je passe par Villeneuve-sur-Allier et j'arrive a Béard",TRIP,Joigny,Béard,Villeneuve-sur-Allier
S008479,C'est trop cher,NOT_TRIP,,,
S009505,ab,UNKNOWN,,,
S007507,Je veux aller,NOT_TRIP,,,
S007549,Un train,NOT_TRIP,,,
S008777,Como llego a Marsella,NOT_FRENCH,,,
S001304,Un ttain dd Baas Évette a CChaneleto pour demin,TRIP,Bas Évette,Chamelet,
S007336,Demain,NOT_TRIP,,,
S006296,aller de trélazé a haubourdin avec un arret a les rosiers-sur-loire,TRIP,Trélazé,Haubourdin,Les Rosiers-sur-Loire
S002285,je voyage de halte de fontanil-lycée de drap a bréval,TRIP,Halte de Fontanil-Lycée de Drap,Bréval,
S005315,voyager de penne-d'agenais vers villiers-sur-marne - le plessis-trévise,TRIP,Penne-d'Agenais,Villiers-sur-Marne - Le Plessis-Trévise,
S000750,Quel train pour aller de Voves a Noveant-sur-Moselle,TRIP,Voves,Novéant-sur-Moselle,
S009236,I would like a train ticket,NOT_FRENCH,,,
S005317,y a-t-il un train de saint-quentin-fallavier a raismes,TRIP,Saint-Quentin-Fallavier,Raismes,
S000568,Partir de Ogeu-les-Bains pour Uchaud,TRIP,Ogeu-les-Bains,Uchaud,
S006203,sarre-union valençay via berthelming,TRIP,Sarre-Union,Valençay,Berthelming
S009489,I want to go from Paris to Lyon,NOT_FRENCH,,,
S009716,123456,UNKNOWN,,,
S002265,Depuis Régny jusqu'a Bruyères-sur-Oise,TRIP,Régny,Bruyères-sur-Oise,
S007455,Comment ca marche,NOT_TRIP,,,
S006005,aller de fourchambault a wissembourg avec un arret a louvroil,TRIP,Fourchambault,Wissembourg,Louvroil
S004900,Je vais a Maresquel-Ecquemicourt depuis Voves,TRIP,Voves,Maresquel-Ecquemicourt,
S001484,je vais a trith-saint-léger depuis la couronne,TRIP,La Couronne,Trith-Saint-Léger,
S005228,De Commentry jusqu'a Saint-Aigulin - La Roche-Chalais,TRIP,Commentry,Saint-Aigulin - La Roche-Chalais,
S005570,Quel train pour aller de Vimy a Drap - Cantaron,TRIP,Vimy,Drap - Cantaron,
S005779,prendre le train de mauzac-et-grand-castang a prunay,TRIP,Mauzac-et-Grand-Castang,Prunay,
S000780,y a-t-il un train de montgeron - crosne a nogent-sur-vernisson,TRIP,Montgeron - Crosne,Nogent-sur-Vernisson,
S004617,Train de Libercourt a Les Rosiers-sur-Loire,TRIP,Libercourt,Les Rosiers-sur-Loire,
S007007,La SNCF c'est pas mal,NOT_TRIP,,,
S002681,Je voudrais prendre un train de Mazamet a Gonfaron,TRIP,Mazamet,Gonfaron,
S006285,de houdan vers pont-saint-esprit avec correspondance a meyrargues,TRIP,Houdan,Pont-Saint-Esprit,Meyrargues
S005811,Ce soir je vais de Saint-Léger-sur-Dheune a Balsièges,TRIP,Saint-Léger-sur-Dheune,Balsièges,
S003527,je dois aller de aulnoye-aymeries a rieux - angicourt,TRIP,Aulnoye-Aymeries,Rieux - Angicourt,
S003298,un train de baziege a formerie,TRIP,Baziège,Formerie,
S000967,Un train de Miramas a Cambrai,TRIP,Miramas,Cambrai,
S004809,Est-ce qu'il y a un train de Saint-Gilles Lycée Haut-Rhin a Muizon,TRIP,Saint-Gilles Lycée Haut-Rhin,Muizon,
S006217,Aller de Grandvillars a Béziers avec un arret a Montaigu,TRIP,Grandvillars,Béziers,Montaigu
S008730,Train from Paris to Bordeaux please,NOT_FRENCH,,,
S005230,Quel train pour aller de Les Mureaux a Dordives,TRIP,Les Mureaux,Dordives,
S005345,De Saint-Flour - Chaudes-Aigues a Faulquemont,TRIP,Saint-Flour - Chaudes-Aigues,Faulquemont,
S001336,depart voiron arrivee rosieres-en-santerre,TRIP,Voiron,Rosières-en-Santerre,
S000888,Je souhaite aller de Lorraine TGV a Bouthéon,TRIP,Lorraine TGV,Bouthéon,
S009067,What is the best route,NOT_FRENCH,,,
S008304,coucou,NOT_TRIP,,,
S008943,I would like a train ticket,NOT_FRENCH,,,
S009071,I need to travel tomorrow,NOT_FRENCH,,,
S005017,depuis morbier jusqu'a castelsarrasin,TRIP,Morbier,Castelsarrasin,
S006981,Je veux passer par Ozoir-la-Ferrière pour aller de Pomas a La Couronne,TRIP,Pomas,La Couronne,Ozoir-la-Ferrière
S005941,Partir de Bournezeau vers Mâlain,TRIP,Bournezeau,Mâlain,
S008362,Je m'appelle Paris,NOT_TRIP,,,
S004701,gambsheim puis casino lacroix laval,TRIP,Gambsheim,Casino Lacroix Laval,
S006345,De Amifontaine vers Ruffec avec correspondance a Laneuveville-devant-Nancy,TRIP,Amifontaine,Ruffec,Laneuveville-devant-Nancy
S006096,lesquin puis les mureaux puis valenciennes,TRIP,Lesquin,Valenciennes,Les Mureaux
S008147,C'est quoi ce serviece,NOT_TRIP,,,
S006585,De Goussainville vers Ambronay - Priay avec correspondance a Rouffach,TRIP,Goussainville,Ambronay - Priay,Rouffach
S008452,Partir,NOT_TRIP,,,
S009119,Train from Paris to Bordeaux please,NOT_FRENCH,,,
S005101,Je souhaite aller de Saint-Jodard a Mervans,TRIP,Saint-Jodard,Mervans,
S004221,Kalhausen puis Carmaux,TRIP,Kalhausen,Carmaux,
S007510,Aujourd'hui,NOT_TRIP,,,
S007087,J'aime les trains,NOT_TRIP,,,
S004427,Comment aler de Orchies a Saint-Pierre-sur-Dives ?,TRIP,Orchies,Saint-Pierre-sur-Dives,
S004238,de méru jusqu'a pierrelatte,TRIP,Méru,Pierrelatte,
S005146,Je voyage de Bourg-Bruche a Laifour,TRIP,Bourg-Bruche,Laifour,
S001509,je voudrais prendre un train de vierzon a longueau,TRIP,Vierzon,Longueau,
S004720,Depart Villefranche-sur-Mer arrivee Château-Arnoux-Saint-Auban,TRIP,Villefranche-sur-Mer,Château-Arnoux-Saint-Auban,
S002982,Aller de Laigneville a Neufchâtel-Hardelot,TRIP,Laigneville,Neufchâtel-Hardelot,
S009561,a,UNKNOWN,,,
S003216,y a-t-il un train de saint-léger-sur-dheune a la verpillière ?,TRIP,Saint-Léger-sur-Dheune,La Verpillière,
S003228,J'aimerais aller de Béna-Fanes a Presles Courcelles,TRIP,Béna-Fanes,Presles Courcelles,
S009681,qwerty,UNKNOWN,,,
S006341,Marlieux - Châtillon Bondy via Chaumont-en-Vexin,TRIP,Marlieux - Châtillon,Bondy,Chaumont-en-Vexin
S007903,Demain,NOT_TRIP,,,
S001682,Je voudrais me rendre a Sin-le-Noble depuis Albertville,TRIP,Albertville,Sin-le-Noble,
S006737,Je veux passer par Cherbourg-en-Cotentin pour aller de Gravigny Balizy a Pierrefitte - Stains,TRIP,Gravigny Balizy,Pierrefitte - Stains,Cherbourg-en-Cotentin
S006214,je veux passer par étréchy pour aller de collonges - fontaines a auvers-sur-oise,TRIP,Collonges - Fontaines,Auvers-sur-Oise,Étréchy
S002228,Je voudrais me rendre a Rive-de-Gier depuis Digoin,TRIP,Digoin,Rive-de-Gier,
S003203,J'aimerais un billet de Clerval a Ors,TRIP,Clerval,Ors,
S006597,Aller de Lyon Saint-Paul a Peyrilhac - Saint-Jouvent avec un arret a Saint-Cyprien,TRIP,Lyon Saint-Paul,Peyrilhac - Saint-Jouvent,Saint-Cyprien
S004041,Je me rends a Tillières depuis Maizières-lès-Metz,TRIP,Maizières-lès-Metz,Tillières,
S006150,Je veux passer par Cambrai pour aller de Thenon a Presles Courcelles,TRIP,Thenon,Presles Courcelles,Cambrai
S004937,Un train de Bartenheim a Chouzy-sur-Cisse pour demain,TRIP,Bartenheim,Chouzy-sur-Cisse,
S004421,Je dois aller de Lavaufranche a Remise a Jorelle demain,TRIP,Lavaufranche,Remise à Jorelle,
S005363,Je pars de Magnac - Vicq et je vais a Vitrolles Aéroport Marseille Provence,TRIP,Magnac - Vicq,Vitrolles Aéroport Marseille Provence,
S008937,Como llego a Marsella,NOT_FRENCH,,,
S009552,   ,UNKNOWN,,,
S009264,Wie komme ich nach Bordeaux,NOT_FRENCH,,,
S002259,Je voudrais prendr un trin de Verneuil-sur-Avre a Montmorillon,TRIP,Verneuil-sur-Avre,Montmorillon,
S006621,Je veux passer par Artenay pour aller de Albias a Vitry-le-Francois,TRIP,Albias,Vitry-le-François,Artenay
S009676,@#$%,UNKNOWN,,,
S007995,je m'appelle paris,NOT_TRIP,,,
S002578,Billet Les Clairières de Verneuil Petit Vaux,TRIP,Les Clairières de Verneuil,Petit Vaux,
S007359,Help,NOT_TRIP,,,
S000978,Est-ce qu'il y a un train de Lieusaint - Moissy a Mauves-sur-Loire,TRIP,Lieusaint - Moissy,Mauves-sur-Loire,
S008468,Bonsoir,NOT_TRIP,,,
S004090,Ce soir je vais de Marly-le-Roi a La Chaumusse - Fort-du-Plasne,TRIP,Marly-le-Roi,La Chaumusse - Fort-du-Plasne,
S003669,Je voudrais prendre un train de Manduel-Redessan a Namps - Quevauvillers,TRIP,Manduel-Redessan,Namps - Quevauvillers,
S001217,"Bonjour, je voudrais allez de Is-sur-Tille a Lutzelhouse",TRIP,Is-sur-Tille,Lutzelhouse,
S003251,me rendre de rilly-la-montagne a wambaix,TRIP,Rilly-la-Montagne,Wambaix,
S001756,Saint-Aunès vers Naucelle,TRIP,Saint-Aunès,Naucelle,
S002915,Je pars de L'Herbergement - Les Brouzils et je vais a Saint-Michel-sur-Meurthe,TRIP,L'Herbergement - Les Brouzils,Saint-Michel-sur-Meurthe,
S001745,J'aimeraais un billet de Sainte-Colombe a Corbbehem,TRIP,Sainte-Colombe,Corbehem,
S003549,Depart de Nonancourt arrivee a Bons-en-Chablais,TRIP,Nonancourt,Bons-en-Chablais,
S009940,qwerty,UNKNOWN,,,
S008789,Can you help me,NOT_FRENCH,,,
S007628,comment ca marche,NOT_TRIP,,,
S009229,Vorrei andare da Parigi a Lione,NOT_FRENCH,,,
S007415,Un train,NOT_TRIP,,,
S002693,j'aimerais aller de bannalec a soultz-sous-forêts,TRIP,Bannalec,Soultz-sous-Forêts,
S007315,Les trains sont souvent en retard,NOT_TRIP,,,
S000814,Villeneuve-sur-Yonne Amboise,TRIP,Villeneuve-sur-Yonne,Amboise,
S003528,Je vais a Le Bourget T11 depuis La Roche-Maurice,TRIP,La Roche-Maurice,Le Bourget T11,
S006555,De Toulouse Matabiau vers Beaumont-le-Roger avec correspondance a Polienas,TRIP,Toulouse Matabiau,Beaumont-le-Roger,Poliénas
S007739,Il fait beau aujourdu'hui,NOT_TRIP,,,
S006466,de clacy - mons vers garchizy avec correspondance a tronsanges,TRIP,Clacy - Mons,Garchizy,Tronsanges
S003151,Est-ce qu'il y a un train de Bellegarde-sur-Valserine a Luc,TRIP,Bellegarde-sur-Valserine,Luc,
S005445,Je voudrais me rendre a Saint-Fargeau-Ponthierry depuis Châtelaillon-Plage,TRIP,Châtelaillon-Plage,Saint-Fargeau-Ponthierry,
S006215,De Arc-et-Senans vers Pierre-Benite avec correspondance a Auterive,TRIP,Arc-et-Senans,Pierre-Bénite,Auterive
S007143,c'est trop cher,NOT_TRIP,,,
S008352,Il fait beau aujourd'hui,NOT_TRIP,,,
S003165,colomiers pont-de-l'arche,TRIP,Colomiers,Pont-de-l'Arche,
S005002,Y a-t-il un train de Pontcharra - Saint-Forgeux a Lille Flandres ?,TRIP,Pontcharra - Saint-Forgeux,Lille Flandres,
S002057,partir de corrèze vers oloron-sainte-marie,TRIP,Corrèze,Oloron-Sainte-Marie,
S000813,Jarville-la-Malgrange vers Xertigny,TRIP,Jarville-la-Malgrange,Xertigny,
S004606,je pars de bonnières-sur-seine et je vais a brion - montréal-la-cluse,TRIP,Bonnières-sur-Seine,Brion - Montréal-la-Cluse,
S007108,Coucou,NOT_TRIP,,,
S001976,le vernet d'ariege belvezet,TRIP,Le Vernet d'Ariège,Belvezet,
S001962,Un train de Saint-Germain-au-Mont-d'Or a Sierentz,TRIP,Saint-Germain-au-Mont-d'Or,Sierentz,
S008144,Partir,NOT_TRIP,,,
S009421,What is the best route,NOT_FRENCH,,,
S006778,De Dontensy-le-Fleurt vers Épinay-sur-Seine qvec correspondance a Busigny,TRIP,Fontenay-le-Fleury,Épinay-sur-Seine,Busigny
S008115,Ok,NOT_TRIP,,,
S005580,Depuis Saint-Senoux - Plechatel jusqu'a Paris Gare de Lyon,TRIP,Saint-Senoux - Pléchâtel,Paris Gare de Lyon,
S007286,Il fait beau aujourd'hui,NOT_TRIP,,,
S002351,De Le Soler a Rai-Aube,TRIP,Le Soler,Rai-Aube,
S000606,voyager de vayres vers longjumeau,TRIP,Vayres,Longjumeau,
S000291,Je vais de Boussay - La Bruffiere a Issy-les-Moulineaux,TRIP,Boussay - La Bruffière,Issy-les-Moulineaux,
S001783,un billet de landébia a port-de-piles,TRIP,Landébia,Port-de-Piles,
S007264,Tu fais quoi,NOT_TRIP,,,
S008160,tu fais quoi,NOT_TRIP,,,
S009724,???,UNKNOWN,,,
S000161,Comment aller de Valleiry a Lourches ?,TRIP,Valleiry,Lourches,
S005118,Pourriez-vous me trouver un train de Taillebourg a Buzy en Bearn,TRIP,Taillebourg,Buzy en Béarn,
S005066,un train de les grésillons a byans-sur-doubs pour demain,TRIP,Les Grésillons,Byans-sur-Doubs,
S002241,Je souhaite aller de Bogny-sur-Meusse a Sevran - Livry,TRIP,Bogny-sur-Meuse,Sevran - Livry,
S005596,Train de Muhlbach-sur-Munster a Collioure,TRIP,Muhlbach-sur-Munster,Collioure,
S009847,@#$%,UNKNOWN,,,
S006680,je veux passer par tulle pour aller de cenon a muhlbach-sur-munster,TRIP,Cenon,Muhlbach-sur-Munster,Tulle
S005678,Je dois aller de Igney - Avricourt a Prin-Deyrançon,TRIP,Igney - Avricourt,Prin-Deyrançon,
S000294,Partir de Gaillon - Auubevoye oour Massiac - Blesle,TRIP,Gaillon - Aubevoye,Massiac - Blesle,
S009394,What is the best route,NOT_FRENCH,,,
S002657,Y a-t-il un train de Escalquens a Saint-Cyr-en-Val La Source,TRIP,Escalquens,Saint-Cyr-en-Val La Source,
S006985,Je voudrais aller de Saint-Aigulin - La Roche-Chalais a Hundling en passant par Asnières-sur-Seine,TRIP,Saint-Aigulin - La Roche-Chalais,Hundling,Asnières-sur-Seine
S007303,j'ai rencontre marseille hier,NOT_TRIP,,,
S008588,Vorrei andare da Parigi a Lione,NOT_FRENCH,,,
S007794,Aujourd'hui,NOT_TRIP,,,
S006551,Je voudrais aller de Yoelschloch a Saint-Ouen-l'Aumône en passant pa Saint-Pierre-le-Moûtier,TRIP,Hoelschloch,Saint-Ouen-l'Aumône,Saint-Pierre-le-Moûtier
S003481,Y a-t-il un train de Noisy-le-Roi a Laroche - Migennes,TRIP,Noisy-le-Roi,Laroche - Migennes,
S003644,partir de margaux vers dommartin - remiencourt,TRIP,Margaux,Dommartin - Remiencourt,
S003286,je vais a lancey depuis les cauquillous,TRIP,Les Cauquillous,Lancey,
S009049,Train from Paris to Bordeaux please,NOT_FRENCH,,,
S007869,Aujourd'hui,NOT_TRIP,,,
S004292,Depart NNoyen-sur-arthe arrivee Andrzieux-Bouthéon,TRIP,Noyen-sur-Sarthe,Andrézieux-Bouthéon,
S009954,aaaaaaaa,UNKNOWN,,,
S009271,Can you help me,NOT_FRENCH,,,
S005936,Depuis Lamagistère jusqu'a Saint-Agnan,TRIP,Lamagistère,Saint-Agnan,
S002773,voyager de moosch vers saint-léger-sur-dheune,TRIP,Moosch,Saint-Léger-sur-Dheune,
S004573,De Lentilly a Callac,TRIP,Lentilly,Callac,
S007921,La SNCF c'est pas mal,NOT_TRIP,,,
S001728,Billet Liévin Mantes Station,TRIP,Liévin,Mantes Station,
S008981,I want aller a Paris,NOT_FRENCH,,,
S000176,"S'il vous plait, un trajet de Bois-le-Roi a Nointel - Mours",TRIP,Bois-le-Roi,Nointel - Mours,
S004145,voyage de saint-geours-de-maremne a bécon les bruyères,TRIP,Saint-Geours-de-Maremne,Bécon les Bruyères,
S002324,Aller de Xisteron a Vaallon-en-Sjlly,TRIP,Sisteron,Vallon-en-Sully,
S004118,Me rendre de Varennes-sur-Allier a Guingampp,TRIP,Varennes-sur-Allier,Guingamp,
S006700,Landévant puis Torpes - Boussières puis Noirétable,TRIP,Landévant,Noirétable,Torpes - Boussières
S008798,Un billete de tren por favor,NOT_FRENCH,,,
S002362,Est-ce qu'il y a un train de Beaucaire a Seclin,TRIP,Beaucaire,Seclin,
S007078,Mon ami Lyon va bien,NOT_TRIP,,,
S004687,Demain je pars de Lure pour Haluchère Batignolles,TRIP,Lure,Haluchère Batignolles,
S003518,pourriez-vous me trouver un train de andrésy a saint-symphorien-de-marmagne,TRIP,Andrésy,Saint-Symphorien-de-Marmagne,
S003181,depuis montérolier - buchy jusqu'a tieffenbach - struth,TRIP,Montérolier - Buchy,Tieffenbach - Struth,
S003685,je dois aller de saint-aignan - noyers a le haut banc,TRIP,Saint-Aignan - Noyers,Le Haut Banc,
S004075,Voyager de Couzon-au-Mlnt-d'Or vers Ormoy-Villerq,TRIP,Couzon-au-Mont-d'Or,Ormoy-Villers,
S008319,La SNCF c'est pas mal,NOT_TRIP,,,
S000782,je dois aller de les martres-de-veyre a montsurs demain,TRIP,Les Martres-de-Veyre,Montsûrs,
S008827,Ein Zug nach Marseille bitte,NOT_FRENCH,,,
S003354,De Les Essarts-le-Roi a Saint-Laurent-de-la-Prée - Fouras,TRIP,Les Essarts-le-Roi,Saint-Laurent-de-la-Prée - Fouras,
S001333,Je voudrais me rendre a Serres depuis Mullerhof,TRIP,Mullerhof,Serres,
S002496,Comment aller de Trémolat a Mignaloux - Nouaillé ?,TRIP,Trémolat,Mignaloux - Nouaillé,
S001485,De Beauvoir-sur-Niort jusqu'a Domfront-en-Champagne,TRIP,Beauvoir-sur-Niort,Domfront-en-Champagne,
S005180,prendre le train de maroeuil a suresnes mont valérien,TRIP,Maroeuil,Suresnes Mont Valérien,
S005803,ce soir je vais de jeumont a verzeille,TRIP,Jeumont,Verzeille,
S002769,Direction Epfig au depart de Agde,TRIP,Agde,Epfig,
S008837,How do I get to Marseille,NOT_FRENCH,,,
S001301,je voudrais aller de fromental a brunemont,TRIP,Fromental,Brunémont,
S000428,Je pars de Pont-l'Évêque et je vais a Pezou,TRIP,Pont-l'Évêque,Pezou,
S005829,je veux me rendre a voiron en partant de ax-les-thermes,TRIP,Ax-les-Thermes,Voiron,
S000941,Un train de Pagny-sur-Moselle a Le Genest-Saint-Isle,TRIP,Pagny-sur-Moselle,Le Genest-Saint-Isle,
S008941,Je want to go Lyon,NOT_FRENCH,,,
S007235,Hello,NOT_TRIP,,,
S007672,Troyes est un prenom original,NOT_TRIP,,,
S002993,je me rends a bourg-en-bresse depuis sainte-colombe septveilles,TRIP,Sainte-Colombe Septveilles,Bourg-en-Bresse,
S007751,Tu fais quoi,NOT_TRIP,,,
S001442,billet habsheim bouvines,TRIP,Habsheim,Bouvines,
S002526,je dois aller de sept-saulx a contrexéville,TRIP,Sept-Saulx,Contrexéville,
S004459,Je dois aller de Thues Carenca a Donges,TRIP,Thuès Carença,Donges,
S007384,Ul fait beau aujourud'hui,NOT_TRIP,,,
S009747,a,UNKNOWN,,,
S002524,lamotte-beuvron lalbenque - fontanes,TRIP,Lamotte-Beuvron,Lalbenque - Fontanes,
S002532,Longecourt-en-Plaine direction Mézériat,TRIP,Longecourt-en-Plaine,Mézériat,
S000842,Voyager de Arleux vers Saint-Pierre-sur-Dives,TRIP,Arleux,Saint-Pierre-sur-Dives,
S007032,Aujourd'hui,NOT_TRIP,,,
S001709,tran de Macau a Matzenheim,TRIP,Macau,Matzenheim,
S006145,Train de Thomery a Vertou passant par Sorgues - Châteauneuf-du-Pape,TRIP,Thomery,Vertou,Sorgues - Châteauneuf-du-Pape
S003770,Je vais a Champagné depuis Saint-Béron - La Bridoire,TRIP,Saint-Béron - La Bridoire,Champagné,
S003521,nançois - tronville - virieu sur bourbre,TRIP,Nançois - Tronville,Virieu sur Bourbre,
S006866,de aiguebelle vers fleurville - pont-de-vaux avec correspondance a ruffec,TRIP,Aiguebelle,Fleurville - Pont-de-Vaux,Ruffec
S000617,Saint-Priest-Taurion puis Génolhac,TRIP,Saint-Priest-Taurion,Génolhac,
S003444,Comment aller de Dachstein a Belvezet ?,TRIP,Dachstein,Belvezet,
S000602,"Bonjour, j voydrais aller de Limoges Bénédictins a Cluses",TRIP,Limoges Bénédictins,Cluses,
S009273,I want to go from Paris to Lyon,NOT_FRENCH,,,
S003926,Quel train de Maurs a Saint-Amour ?,TRIP,Maurs,Saint-Amour,
S002742,je dois aller de bressuire a achères grand cormier,TRIP,Bressuire,Achères Grand Cormier,
S007292,Bonsoir,NOT_TRIP,,,
S003906,Reignac-sur-Indre vers Pamiers,TRIP,Reignac-sur-Indre,Pamiers,
S007683,Hello,NOT_TRIP,,,
S004504,Partir de Chalonnes-sur-Loire vers Mutzig,TRIP,Chalonnes-sur-Loire,Mutzig,
S003988,Un train de La Couronne a La Jarrie,TRIP,La Couronne,La Jarrie,
S006675,plouigneau puis angoulême puis javel,TRIP,Plouigneau,Javel,Angoulême
S005514,Je doi aller de Cappvern a Le Creuspt,TRIP,Capvern,Le Creusot,
S008708,I want aller a Paris,NOT_FRENCH,,,
S008192,Albert est mon cousin,NOT_TRIP,,,
S000702,partir de saint-jacques-de-la-lande pour laval-de-cère,TRIP,Saint-Jacques-de-la-Lande,Laval-de-Cère,
S008092,Aujourd'hui,NOT_TRIP,,,
S007840,Qu'est-ce que tu peux faire,NOT_TRIP,,,
S009304,Can you help me,NOT_FRENCH,,,
S000658,Direction Saint-Martin-d'Oney au depart de Ranspach,TRIP,Ranspach,Saint-Martin-d'Oney,
S001149,Me rendre de Cernay (Val-d'Oise) a Ozoir-la-Ferrière,TRIP,Cernay (Val-d'Oise),Ozoir-la-Ferrière,
S007172,Je voudrais,NOT_TRIP,,,
S009947,ab,UNKNOWN,,,
S001658,Un train de Aime - La Plagne a Moulis - Listrac pour demain,TRIP,Aime - La Plagne,Moulis - Listrac,
S002560,Comment aller de Le Theil-de-Bretagne a Courbevoie ?,TRIP,Le Theil-de-Bretagne,Courbevoie,
S000716,Je vais de Châteauneuf-sur-Charente a Nice Pont Michel,TRIP,Châteauneuf-sur-Charente,Nice Pont Michel,
S003750,Comment aller de Port-de-Bouc a Sartrouuville ?,TRIP,Port-de-Bouc,Sartrouville,
S005498,je me rends a villefranche-sur-saône depuis vignory,TRIP,Vignory,Villefranche-sur-Saône,
S002803,voyage de meaux a courbevoie,TRIP,Meaux,Courbevoie,
S005932,je voudrais prendre un train de fontpédrouse a nice-pont-michel,TRIP,Fontpédrouse,Nice-Pont-Michel,
S000476,Je vais a Saint-Pierre-la-Cour depuis Latour-de-Carol - Enveitg,TRIP,Latour-de-Carol - Enveitg,Saint-Pierre-la-Cour,
S005483,Direction Mont-Louis - La Cabanasse au depart de La Basse Indre - Saint-Herblain,TRIP,La Basse Indre - Saint-Herblain,Mont-Louis - La Cabanasse,
S001681,Pourriez-vous me trouver un train de Esvres sur Indre a Sin-le-Noble,TRIP,Esvres sur Indre,Sin-le-Noble,
S001203,Deart de Saiint-Pieree-d'Aurillac arrivee a Vatilhes,TRIP,Saint-Pierre-d'Aurillac,Varilhes,
S001863,De Cerizay a Châtellerault,TRIP,Cerizay,Châtellerault,
S001262,Gaillac - Contrexéville,TRIP,Gaillac,Contrexéville,
S001010,Je pars de Bellac pour aller a Douai,TRIP,Bellac,Douai,
S008744,Como llego a Marsella,NOT_FRENCH,,,
S005758,Un trzin de Sévérac a Dompieorre-sur-Helpe pour demain,TRIP,Sévérac,Dompierre-sur-Helpe,
S007433,Nice de te rencontrer,NOT_TRIP,,,
S002710,Mamirolle vers Les Deux Jumeaux,TRIP,Mamirolle,Les Deux Jumeaux,
S000409,Régny puis Gournay - Ferrières,TRIP,Régny,Gournay - Ferrières,
S005246,Je vais a Muret depuis La Possonnière,TRIP,La Possonnière,Muret,
S009036,Quiero ir de Paris a Lyon,NOT_FRENCH,,,
S009881,...,UNKNOWN,,,
S009736,,UNKNOWN,,,
S004481,Voyager de Saint-Raphaël Valescure vers Lamonzie-Saint-Martin,TRIP,Saint-Raphaël Valescure,Lamonzie-Saint-Martin,
S009924,123456,UNKNOWN,,,
S009717,ab,UNKNOWN,,,
S003185,je pars de vaux-sur-seine pour aller a montaut bétharram,TRIP,Vaux-sur-Seine,Montaut Bétharram,
S001239,Aller de Nezel - Aulnay a Vosves,TRIP,Nézel - Aulnay,Vosves,
S009127,I want aller a Paris,NOT_FRENCH,,,
S006237,De Sanry-sur-Nied a Castelnaudary via Val d'Argenteuil,TRIP,Sanry-sur-Nied,Castelnaudary,Val d'Argenteuil
S006697,de saint-julien - clénay a abbeville en passant par croix sainte,TRIP,Saint-Julien - Clénay,Abbeville,Croix Sainte
S003625,Un train de Aeroport Charles de Gaulle 2 TGV a Rully pour demain,TRIP,Aéroport Charles de Gaulle 2 TGV,Rully,
S004193,Comment aller de Saint-Ouen-l'Aumône a Belvezet,TRIP,Saint-Ouen-l'Aumône,Belvezet,
S003633,Je dois aller de Gravigny Balizy a Saint-Paul-de-Varax demain,TRIP,Gravigny Balizy,Saint-Paul-de-Varax,
S001695,je me rends a gerzat depuis livry-sur-seine,TRIP,Livry-sur-Seine,Gerzat,
S003121,Laifour direction Saint-Michel-sur-Orge,TRIP,Laifour,Saint-Michel-sur-Orge,
S001654,je me rends a saint-pierre-d'aurillac depuis veauche - saint-galmier,TRIP,Veauche - Saint-Galmier,Saint-Pierre-d'Aurillac,
S006063,e veoudrais aller de L'Hôpital-du-Grobois a Paeis Garee du Nord en oassant par Croix Sainte,TRIP,L'Hôpital-du-Grosbois,Paris Gare du Nord,Croix Sainte
S005553,Comment aler de La Croix de Méan a Aubigny-au-Bac ?,TRIP,La Croix de Méan,Aubigny-au-Bac,
S008242,Tu fais quoi,NOT_TRIP,,,
S004518,Je voyage de Pont-de-Veyle a Aiguebelette-le-Lac,TRIP,Pont-de-Veyle,Aiguebelette-le-Lac,
S000873,J'aimerais aler de Mormant a Wambrechies,TRIP,Mormant,Wambrechies,
S007908,Je voudrais,NOT_TRIP,,,
S003503,un train de mauves-sur-loire a menars,TRIP,Mauves-sur-Loire,Menars,
S002202,Je voudrais prendre un train de Mennecy a La Chaussée-Saint-Victor,TRIP,Mennecy,La Chaussée-Saint-Victor,
S004465,la verpillière vers montbard,TRIP,La Verpillière,Montbard,
S001270,Direction Veuves - Monteaux au depart de Nevers Le Banlay,TRIP,Nevers Le Banlay,Veuves - Monteaux,
S005752,Je voudrais aller de Issé a Marolles-en-Hurepoix,TRIP,Issé,Marolles-en-Hurepoix,
S008456,aide moi,NOT_TRIP,,,
S007168,Mon ami Lyon va bien,NOT_TRIP,,,
S005256,Je pars de Chasseradès et je vais a Lesseux-Frapelle,TRIP,Chasseradès,Lesseux-Frapelle,
S003335,Je vais de Châtelaillon-Plage a Pontchâteau,TRIP,Châtelaillon-Plage,Pontchâteau,
S006904,De Hendaye vers Bourg-en-Bresse avec correspondance a Etrechy,TRIP,Hendaye,Bourg-en-Bresse,Étréchy
S008143,Arriver,NOT_TRIP,,,
S002566,Tfain de Niarbonne a Morbuier,TRIP,Narbonne,Morbier,
S003612,voyage de la suze-sur-sarthe a keskastel,TRIP,La Suze-sur-Sarthe,Keskastel,
S008969,I would like a train ticket,NOT_FRENCH,,,
S001826,Je pars de Le Puy-en-Velay et je vais a Chemille-en-Anjou,TRIP,Le Puy-en-Velay,Chemillé-en-Anjou,
S008907,Je want to go Lyon,NOT_FRENCH,,,
S007049,Troyes est un prenom original,NOT_TRIP,,,
S003529,est-ce qu'il y a un train de amifontaine a blangy-sur-ternoise,TRIP,Amifontaine,Blangy-sur-Ternoise,
S004982,Direction Tonneins au separt de Gunisbach - Griesbach,TRIP,Gunsbach - Griesbach,Tonneins,
S004976,j'aimerais un billet de avenay a saint-amour,TRIP,Avenay,Saint-Amour,
S009932,123456,UNKNOWN,,,
S003910,direction beynes au depart de bar-le-duc,TRIP,Bar-le-Duc,Beynes,
S001923,Je voudrais prendre un train de Saint-Lô a Aix-en-Provence TGV,TRIP,Saint-Lô,Aix-en-Provence TGV,
S009763,!!!,UNKNOWN,,,
S005371,Je voyage de Le Cailar a Port-Sainte-Marie,TRIP,Le Cailar,Port-Sainte-Marie,
S007598,Je voudrais,NOT_TRIP,,,
S008700,I would like a train ticket,NOT_FRENCH,,,
S008409,Demain,NOT_TRIP,,,
S000681,Noyen-sur-Sarthe puis Nogent-le-Rotrou,TRIP,Noyen-sur-Sarthe,Nogent-le-Rotrou,
S003024,Train de Givors Canal a Combourg,TRIP,Givors Canal,Combourg,
S004293,Dax vers Argentière,TRIP,Dax,Argentière,
S006088,Plerguer puis Chateau-du-Loir puis Connerre - Beille,TRIP,Plerguer,Connerré - Beillé,Château-du-Loir
S005727,Demain je pars de Saillat - Chassenon pour Saint-Just-en-Chaussée,TRIP,Saillat - Chassenon,Saint-Just-en-Chaussée,
S003999,y a-t-il un train de les quatre roues a paris montparnasse ?,TRIP,Les Quatre Roues,Paris Montparnasse,
S003955,de rosult a guignicourt,TRIP,Rosult,Guignicourt,
S002959,comment aller de ogeu-les-bains a la verriere,TRIP,Ogeu-les-Bains,La Verrière,
S005935,Depart Taverny arrivee Véretz - Montlouis,TRIP,Taverny,Véretz - Montlouis,
S007195,A bientot,NOT_TRIP,,,
S004065,Je veux aller de Pruniers-en-Sologne a Amagne - Lucquy,TRIP,Pruniers-en-Sologne,Amagne - Lucquy,
S008891,Ein Zug nach Marseille bitte,NOT_FRENCH,,,
S006018,montereau château-gaillard via le péage-de-roussillon,TRIP,Montereau,Château-Gaillard,Le Péage-de-Roussillon
S007361,Help,NOT_TRIP,,,
S003706,mussidan vers vimy,TRIP,Mussidan,Vimy,
S003861,Y a-t-il un train de Martres-Tolosane a Apach ?,TRIP,Martres-Tolosane,Apach,
S007301,Nancy est ma soeur,NOT_TRIP,,,
S004019,Je vais de Avenue du Président Kennedy Maison de Radio France a Narbonne,TRIP,Avenue du Président Kennedy Maison de Radio France,Narbonne,
S005642,Je pars de Pierrefitte - Stains pour aller a Rixheim,TRIP,Pierrefitte - Stains,Rixheim,
S006499,Je veux passer par Aixe-sur-Vienne pour allez de Cornil a Rosny-sur-Seine,TRIP,Cornil,Rosny-sur-Seine,Aixe-sur-Vienne
S009602,@#$%,UNKNOWN,,,
S009445,Como llego a Marsella,NOT_FRENCH,,,
S001773,Cramoisy direction Tergnier,TRIP,Cramoisy,Tergnier,
S000777,Je veux me rendre a Combourg en partant de Remise a Jorelle,TRIP,Remise à Jorelle,Combourg,
S004613,Partir de Morbier vers Collonges-lès-Premières,TRIP,Morbier,Collonges-lès-Premières,
S002222,direction teille au depart de nurieux-volognat,TRIP,Nurieux-Volognat,Teillé,
S001044,Je pars de Dordives pour aller a Goxwiller,TRIP,Dordives,Goxwiller,
S003353,Je voyage de Merxheim a Château-du-Loir,TRIP,Merxheim,Château-du-Loir,
S001688,J'aimerais un billet de Schirmeck - La Broque a Marles-en-Brie,TRIP,Schirmeck - La Broque,Marles-en-Brie,
S009551,test test test,UNKNOWN,,,
S002359,train de belle-isle - bégard a étival-clairefontaine,TRIP,Belle-Isle - Bégard,Étival-Clairefontaine,
S006202,De Gironde-sur-Dropt vers Luc avec correspondance a Lille Flandres,TRIP,Gironde-sur-Dropt,Luc,Lille Flandres
S006430,"Je pars de Bénesse-Maremne, je passe par Lorient Bretagne Sud et j'arrive a Rozières-sur-Mouzon",TRIP,Bénesse-Maremne,Rozières-sur-Mouzon,Lorient Bretagne Sud
S006330,Je veux passer par Guimiliau pour aller de Cognac a Bauvin - Provin,TRIP,Cognac,Bauvin - Provin,Guimiliau
S004477,Aller de Weyersheim a Rezé Pont Rousseau,TRIP,Weyersheim,Rezé Pont Rousseau,
S007254,La SNCF c'est pas mal,NOT_TRIP,,,
S005969,"je pars de homecourt, je passe par guimiliau et j'arrive a azay-le-rideau",TRIP,Homécourt,Azay-le-Rideau,Guimiliau
S006227,conches-en-ouche ille-sur-tet via mont-dauphin - guillestre,TRIP,Conches-en-Ouche,Ille-sur-Têt,Mont-Dauphin - Guillestre
S008786,I would like a train ticket,NOT_FRENCH,,,
S008991,Ein Zug nach Marseille bitte,NOT_FRENCH,,,
S005791,Comment aller de Chamarande a Les Arcs - Draguignan ?,TRIP,Chamarande,Les Arcs - Draguignan,
S000149,Bailleau-le-Pin puis Lisieux,TRIP,Bailleau-le-Pin,Lisieux,
S002549,je veux me rendre a malause en partant de gannat,TRIP,Gannat,Malause,
S007358,Je n'aime pas voyager,NOT_TRIP,,,
S001186,J'aimerais un billet de Millas a Martigues,TRIP,Millas,Martigues,
S004870,Je souhaite aller de Macau a Frenouville - Cagny,TRIP,Macau,Frénouville - Cagny,
S009441,I want aller a Paris,NOT_FRENCH,,,
S003824,y a-t-il un train de aulnoye-aymeries a plouharnel - carnac ?,TRIP,Aulnoye-Aymeries,Plouharnel - Carnac,
S007335,Au revoir,NOT_TRIP,,,
S003586,Direction Prisse-la-Charriere au depart de Carignan,TRIP,Carignan,Prissé-la-Charrière,
S009511,lorem ipsum,UNKNOWN,,,
S008924,What is the best route,NOT_FRENCH,,,
S006397,De Plancoët vers Sées avec corrrspondance a Goussainville,TRIP,Plancoët,Sées,Goussainville
S002375,Y a-t-il un train de La Défense Grande Arche RER E a Morre,TRIP,La Défense Grande Arche RER E,Morre,
S005370,Ce soir je vais de La Jonchere-Saint-Maurice a Argentan,TRIP,La Jonchère-Saint-Maurice,Argentan,
S002571,Comment aller de Lyon Perrache a Vauboyen ?,TRIP,Lyon Perrache,Vauboyen,
S009140,Un billete de tren por favor,NOT_FRENCH,,,
S001712,Ce soir je vais de Bidarray Pont Noblia a Morhange,TRIP,Bidarray Pont Noblia,Morhange,
S001696,je dois aller de auxerre saint-gervais a brignoud,TRIP,Auxerre Saint-Gervais,Brignoud,
S007337,J'ai rencontre Marseille hier,NOT_TRIP,,,
S000118,Chalais direction Le Monastier-Pin-Mories,TRIP,Chalais,Le Monastier-Pin-Moriès,
S003474,Me rendre de Cazères a Lumes,TRIP,Cazères,Lumes,
S007816,Aide moi,NOT_TRIP,,,
S005797,comment aller de pins-justaret a froncles buxières,TRIP,Pins-Justaret,Froncles Buxières,
S004793,Je pars de Le Genest-Saint-Isle pour aller a Marigny,TRIP,Le Genest-Saint-Isle,Marigny,
S003974,Un billet de Villepinte a Commentry,TRIP,Villepinte,Commentry,
S008524,I need to travel tomorrow,NOT_FRENCH,,,
S000855,je pars de bruyères-sur-oise pour aller a saint-pierre-le-moûtier,TRIP,Bruyères-sur-Oise,Saint-Pierre-le-Moûtier,
S007285,Tu fais quoi,NOT_TRIP,,,
S003041,Je voudrais aller de Jonchery-sur-Vesle a Nanterre Université,TRIP,Jonchery-sur-Vesle,Nanterre Université,
S001389,Saint-Étienne Châteaucreux puis Anse Halte,TRIP,Saint-Étienne Châteaucreux,Anse Halte,
S004250,Direction Villedieu-les-Poêles au depart de La Gouesnière - Cancale - Saint-Méloir-des-Ondes,TRIP,La Gouesnière - Cancale - Saint-Méloir-des-Ondes,Villedieu-les-Poêles,
S008741,Vorrei andare da Parigi a Lione,NOT_FRENCH,,,
S007182,Nancy est ma soeur,NOT_TRIP,,,
S004009,Comment aller de Salomé a Geispolsheim ?,TRIP,Salomé,Geispolsheim,
S007419,Demain,NOT_TRIP,,,
S007621,A bientot,NOT_TRIP,,,
S009240,Ich mochte von Paris nach Lyon fahren,NOT_FRENCH,,,
S003450,Partir de Waligator Parc vers Puget-Ville,TRIP,Waligator Parc,Puget-Ville,
S009800,???,UNKNOWN,,,
S006846,De Avignon TGV a Les Eyzies-de-Tayac-Sieeuil en passant par Capddenac,TRIP,Avignon TGV,Les Eyzies-de-Tayac-Sireuil,Capdenac
S000121,Damiatte - Saint-Paul Us,TRIP,Damiatte - Saint-Paul,Us,
S001195,comment aller de naucelle a dommartin - lissieu ?,TRIP,Naucelle,Dommartin - Lissieu,
S002655,Je voudrais prendre un train de Langres a Mont-Dauphin - Guillestre,TRIP,Langres,Mont-Dauphin - Guillestre,
S001124,Je dois aller de Ustaritz Jatou a Nanteuil - Saâcy demain,TRIP,Ustaritz Jatxou,Nanteuil - Saâcy,
S008095,a bientot,NOT_TRIP,,,
S006549,train de bois-le-roi a arras passant par la grande-paroisse,TRIP,Bois-le-Roi,Arras,La Grande-Paroisse
S004860,Billet Polliat Seltz,TRIP,Polliat,Seltz,
S009778,asdfghjkl,UNKNOWN,,,
S005841,direction bénestroff au depart de rennes,TRIP,Rennes,Bénestroff,
S009450,Un billete de tren por favor,NOT_FRENCH,,,
S003483,"bonjour, je voudrais aller de raismes a monnerville",TRIP,Raismes,Monnerville,
S005520,je voyage de saint-jacques-de-la-lande a tanus,TRIP,Saint-Jacques-de-la-Lande,Tanus,
S000338,Comment aller de Montigny-sur-Loing a Carnoles ?,TRIP,Montigny-sur-Loing,Carnoles,
S000449,Depuis Toulon Sainte-Musse jusqu'a Longages - Noe,TRIP,Toulon Sainte-Musse,Longages - Noé,
S006631,Je voudrais aller de Base Aerienne a Metz en passant par Corps-Nuds,TRIP,Base Aérienne,Metz,Corps-Nuds
S000410,Aller de Guichen - Bourg-des-Comptes a Couëron,TRIP,Guichen - Bourg-des-Comptes,Couëron,
S004312,Je voyage de Grandvillioers a Roppenheim,TRIP,Grandvilliers,Roppenheim,
S004460,Y a-t-il un train de Viévola a Méroux ?,TRIP,Viévola,Méroux,
S008955,Como llego a Marsella,NOT_FRENCH,,,
S003095,j'aimerais un billet de niederbronn-les-bains a sannois,TRIP,Niederbronn-les-Bains,Sannois,
S000355,Oermingen - Puget-Ville,TRIP,Oermingen,Puget-Ville,
S004136,Je dois aller de La Penne-sur-Huveaune a Blaisy-Bqs demain,TRIP,La Penne-sur-Huveaune,Blaisy-Bas,
S001800,Un billet dee Maetigues a Siaint-Lurent-en-Grandvauux,TRIP,Martigues,Saint-Laurent-en-Grandvaux,
S006199,Elbeuf - Saint-Aubin puis Pérenchies puis Le Chénay Gagny,TRIP,Elbeuf - Saint-Aubin,Le Chénay Gagny,Pérenchies
S005560,Ce soir je vais de Olette - Canaveilles a Breuillet - Bruyeres-le-Chatel,TRIP,Olette - Canaveilles,Breuillet - Bruyères-le-Châtel,
S006453,je voudrais aller de couiza-montazels a pontcharra - saint-forgeux en passant par albert,TRIP,Couiza-Montazels,Pontcharra - Saint-Forgeux,Albert
S008391,c'est trop cher,NOT_TRIP,,,
S008855,I need to travel tomorrow,NOT_FRENCH,,,
S005603,y a-t-il un train de erstein a sablé-sur-sarthe,TRIP,Erstein,Sablé-sur-Sarthe,
S005254,est-ce qu'il y a un train de vinça a saint-denis-lès-martel,TRIP,Vinça,Saint-Denis-lès-Martel,
S007231,au revoir,NOT_TRIP,,,
S005051,je pars de libourne et je vais a molinges,TRIP,Libourne,Molinges,
S008282,Nice de te rencontrer,NOT_TRIP,,,
S006824,De Marvejols a Séon-St-Henry en passant par Mennecy,TRIP,Marvejols,Séon-St-Henry,Mennecy
S008554,Book a ticket for me,NOT_FRENCH,,,
S003077,j'aimerais aller de cergy préfecture a collioure,TRIP,Cergy Préfecture,Collioure,
S006679,Libourne Thiviers via Montgeroult - Courcelles,TRIP,Libourne,Thiviers,Montgeroult - Courcelles
S000507,Je veux prendre le train de Valergues - Lansargues a Varennes-sur-Fouzon,TRIP,Valergues - Lansargues,Varennes-sur-Fouzon,
S004415,je vais de valence tgv rhône-alpes sud a bons-en-chablais,TRIP,Valence TGV Rhône-Alpes Sud,Bons-en-Chablais,
S000991,Je pars de Chemille-en-Anjou et je vais a Evron,TRIP,Chemillé-en-Anjou,Évron,
S000126,Je voyaage de Condat - Le Lardin a Paris Gare du Nord,TRIP,Condat - Le Lardin,Paris Gare du Nord,
S009100,Train from Paris to Bordeaux please,NOT_FRENCH,,,
S004174,Je veux aller de Courcelles-le-Comte a Cize - Bolozon,TRIP,Courcelles-le-Comte,Cize - Bolozon,
S001370,Un train de Fontan-Saorge a Lentilly pour demain,TRIP,Fontan-Saorge,Lentilly,
S002980,Je veux aller de Le Peage-de-Roussillon a Saint-Pierre-sur-Dives,TRIP,Le Péage-de-Roussillon,Saint-Pierre-sur-Dives,
S005822,Je veux prendr le train de Bons-en-Chablais a Givors,TRIP,Bons-en-Chablais,Givors,
S005009,quel train pour aller de bourg-madame a sessenheim,TRIP,Bourg-Madame,Sessenheim,
S001138,Saint-Quentin-Fallavier vers Saint-Saviol,TRIP,Saint-Quentin-Fallavier,Saint-Saviol,
S008949,Book a ticket for me,NOT_FRENCH,,,
S002245,partir de hesdigneul-lès-boulogne pour champ de mars tour eiffel,TRIP,Hesdigneul-lès-Boulogne,Champ de Mars Tour Eiffel,
S004886,Billet Bournezeau Trie-Château,TRIP,Bournezeau,Trie-Château,
S000478,"bonjour, je voudrais aller de heiligenberg - mollkirch a merenvielle",TRIP,Heiligenberg - Mollkirch,Mérenvielle,
S005197,J'aimerais aller de Tanus a Albi,TRIP,Tanus,Albi,
S002561,Aller de Saint-Ay a La Chapelle Aulnay,TRIP,Saint-Ay,La Chapelle Aulnay,
S002832,De Sainte-Geneviève-des-Bois a Nuits sous Ravières,TRIP,Sainte-Geneviève-des-Bois,Nuits sous Ravières,
S006402,Je veux passer par La Brohinière pour aller de Contrexéville a Capvern,TRIP,Contrexéville,Capvern,La Brohinière
S008239,au revoir,NOT_TRIP,,,
S007366,arriver,NOT_TRIP,,,
S003807,Jd me rends a Longueil-Sainte-Marie depuis Paris Montparnasse,TRIP,Paris Montparnasse,Longueil-Sainte-Marie,
S006927,Je veux passer par Changis - Saint-Jean pour aller de Boussay - La Bruffière a Les Bardys,TRIP,Boussay - La Bruffière,Les Bardys,Changis - Saint-Jean
S007541,super,NOT_TRIP,,,
S002939,quel train pour aller de pont d'ardres a bengy-sur-craon,TRIP,Pont d'Ardres,Bengy-sur-Craon,
S001833,De Fontaines - Mercurey a Razac-sur-l'Isle,TRIP,Fontaines - Mercurey,Razac-sur-l'Isle,
S000904,Demain je pars de Boucau pour Broons,TRIP,Boucau,Broons,
S008197,Aujourd'hui,NOT_TRIP,,,
S008686,Je want to go Lyon,NOT_FRENCH,,,
S004403,Je vais a Labruguière depuis Saint-Chamond,TRIP,Saint-Chamond,Labruguière,
S005004,"Bonjour, je voudrais aller de Duppigheim a Bordeaux Saint-Jean",TRIP,Duppigheim,Bordeaux Saint-Jean,
S007409,Genial,NOT_TRIP,,,
S000166,De Rives jusqu'a Saint-Gilles Lycée Haut-Rhin,TRIP,Rives,Saint-Gilles Lycée Haut-Rhin,
S008529,Je want to go Lyon,NOT_FRENCH,,,
S004998,Demain je pars de Blois - Chambord pour Grande-Synthe,TRIP,Blois - Chambord,Grande-Synthe,
S000402,Je voyage de Villefranche-sur-Cher a Givors Canal,TRIP,Villefranche-sur-Cher,Givors Canal,
S001908,partir de balagny saint-epin vers coutras,TRIP,Balagny Saint-Épin,Coutras,
S000313,je me rends a hasenrain depuis montreuil-bellay,TRIP,Montreuil-Bellay,Hasenrain,
S004433,azay-sur-cher puis cassis,TRIP,Azay-sur-Cher,Cassis,
S008577,Como llego a Marsella,NOT_FRENCH,,,
S003731,Comment aller de Porté-Puymorens a Port-Saint-Père - Saint-Mars ?,TRIP,Porté-Puymorens,Port-Saint-Père - Saint-Mars,
S004756,Y a-t-il un train de La Hisse a Les Noues ?,TRIP,La Hisse,Les Noues,
S001920,depart valdahon camp militaire arrivee rosières-aux-salines,TRIP,Valdahon Camp Militaire,Rosières-aux-Salines,
S004929,Je dois aller de Monsempron-Libos a La Barre Ormesson,TRIP,Monsempron-Libos,La Barre Ormesson,
S008977,Book a ticket for me,NOT_FRENCH,,,
S005361,He veux aller de Beauvoir-sur-Nioft a Plouharnel - Carnaco,TRIP,Beauvoir-sur-Niort,Plouharnel - Carnac,
S003531,De Neau jusqu'a Goussainville,TRIP,Neau,Goussainville,
S004464,Je voudrais me rendre a Saint-Paul-de-Varax depuis Darsac,TRIP,Darsac,Saint-Paul-de-Varax,
S008079,Mon ami Lyon va bien,NOT_TRIP,,,
S002141,Je pars de Clamecy pour aller a Muret,TRIP,Clamecy,Muret,
S002957,Depart Chasseneuil-sur-Bonnieure arrivee Château-l'Évêque,TRIP,Chasseneuil-sur-Bonnieure,Château-l'Évêque,
S004676,Je voyage de Vernou-la-Celle-sur-Seine a Leval,TRIP,Vernou-la-Celle-sur-Seine,Leval,
S007821,Nancy est ma soeur,NOT_TRIP,,,
S009059,Ich mochte von Paris nach Lyon fahren,NOT_FRENCH,,,
S009723,test test test,UNKNOWN,,,
S001031,Je pars de Rosult pour aller a Morannes,TRIP,Rosult,Morannes,
S003782,Ue vais de Chemolly - Apoooigny a Rosières-aux-Salines,TRIP,Chemilly - Appoigny,Rosières-aux-Salines,
S001870,Je voudrais aller de Guignicourt a Sury-le-Comtal,TRIP,Guignicourt,Sury-le-Comtal,
S000715,me rendre de bussiere-galant a montsurs,TRIP,Bussière-Galant,Montsûrs,
S003332,Je pars de Estrees-Saint-Denis pour aller a Saint-Avold,TRIP,Estrées-Saint-Denis,Saint-Avold,
S004138,Pourriez-vous me trouver un tran de Massiac - Blesle a L'Ariane La Trinité,TRIP,Massiac - Blesle,L'Ariane La Trinité,
S005448,De Saint-Amand-Montrond - Orval jusqu'a Avord,TRIP,Saint-Amand-Montrond - Orval,Avord,
S001751,je pars de crépy - couvron pour aller a chaugey,TRIP,Crépy - Couvron,Chaugey,
S001246,J'aimerais un billet de La Ferté-Bernard a Magnac - Vicq,TRIP,La Ferté-Bernard,Magnac - Vicq,
S004012,Demain je pars de Paris Austerlitz pour Dambach-la-Ville,TRIP,Paris Austerlitz,Dambach-la-Ville,
S003653,Vaumoise puis Hendaye,TRIP,Vaumoise,Hendaye,
S007960,Aide moi,NOT_TRIP,,,
S008360,Je m'appelle Paris,NOT_TRIP,,,
S006399,Je veux passer par Eze pour aller de Perrignier a Bouvines,TRIP,Perrignier,Bouvines,Èze
S003319,Train de Saint-Michel-sur-Orge a Guichen - Bourg-des-Comptes,TRIP,Saint-Michel-sur-Orge,Guichen - Bourg-des-Comptes,
S001002,De Ponthierry - Pringy jusqu'a Vrigne-Meuse,TRIP,Ponthierry - Pringy,Vrigne-Meuse,
S003598,Nuits sous Ravieres Felletin,TRIP,Nuits sous Ravières,Felletin,
S000597,Je me rends a Bouaye depuis Formerie,TRIP,Formerie,Bouaye,
S007891,Hey,NOT_TRIP,,,
S001430,je pars de belz - ploemel pour aller a rosny-sous-bois,TRIP,Belz - Ploemel,Rosny-sous-Bois,
S006043,javel nevers via suèvres,TRIP,Javel,Nevers,Suèvres
S004182,De Dambach-la-Ville jusqu'a La Ville-Dieu-du-Temple,TRIP,Dambach-la-Ville,La Ville-Dieu-du-Temple,
S005010,Depart de Saint-Amour arrivee a Chepy-Valines,TRIP,Saint-Amour,Chepy-Valines,
S004602,De Longueville-sur-Scie a Belfort,TRIP,Longueville-sur-Scie,Belfort,
S008790,How do I get to Marseille,NOT_FRENCH,,,
S008153,Genial,NOT_TRIP,,,
S007468,Merci,NOT_TRIP,,,
S001969,Me rendre de Saint-Etienne-de-Montluc a Agde,TRIP,Saint-Étienne-de-Montluc,Agde,
S006262,De Saillans vers Balsièges avec correspondance a Vire,TRIP,Saillans,Balsièges,Vire
S000456,de rouffach jusqu'a saint-pé-de-bigorre,TRIP,Rouffach,Saint-Pé-de-Bigorre,
S000536,Commennt aller de Montsoult - Maffliers a Noyeoles-sur-Mr ?,TRIP,Montsoult - Maffliers,Noyelles-sur-Mer,
S003879,Me rendre de Vallorcine a Phalempin,TRIP,Vallorcine,Phalempin,
S005390,Je veux me rendre a Pontchaillou en partant de Vaux-sur-Seine,TRIP,Vaux-sur-Seine,Pontchaillou,
S007924,Aide moi,NOT_TRIP,,,
S001368,Comment aller de Albertville a Morlaix,TRIP,Albertville,Morlaix,
S008040,Albert est mon cousin,NOT_TRIP,,,
S007212,Bonjour,NOT_TRIP,,,
S009983,test test test,UNKNOWN,,,
S006318,Train de Saint-Ouen-l'Aumône Liesse a Voivres-lès-le-Mans passant par Saint-Geours-de-Maremne,TRIP,Saint-Ouen-l'Aumône Liesse,Voivres-lès-le-Mans,Saint-Geours-de-Maremne
S007732,Nice dde te rencontrer,NOT_TRIP,,,
S007471,Coucou,NOT_TRIP,,,
S001171,depart de ludon-medoc arrivee a grasse,TRIP,Ludon-Médoc,Grasse,
S002840,Un train de Fourqueux - Bel-Air ai Agoneac pour demain,TRIP,Fourqueux - Bel-Air,Agonac,
S006315,"je pars de amiens, je passe par pont de briques et j'arrive a menton",TRIP,Amiens,Menton,Pont de Briques
S009063,I need to travel tomorrow,NOT_FRENCH,,,
S002153,"Bonjour, je voudrais aller de Aubusson a La Ciotat - Ceyreste",TRIP,Aubusson,La Ciotat - Ceyreste,
S004764,Je voudrais prendre un train de Cergy Saint-Christophe a Compans,TRIP,Cergy Saint-Christophe,Compans,
S000395,Un train de Nouvion-sur-Meuse a Biot,TRIP,Nouvion-sur-Meuse,Biot,
S005577,De Mauze-sur-le-Mignon a La Bassee - Violaines,TRIP,Mauzé-sur-le-Mignon,La Bassée - Violaines,
S007443,Il fait beau aujourd'hui,NOT_TRIP,,,
S004761,"bonjour, je voudrais aller de foëcy a mâcon",TRIP,Foëcy,Mâcon,
S000863,ce soir je vais de breuillet - bruyères-le-châtel a bonnières-sur-seine,TRIP,Breuillet - Bruyères-le-Châtel,Bonnières-sur-Seine,
S006458,De Noisy-le-Sec a Bussière-Galant en passant par Étival-Clairefontaine,TRIP,Noisy-le-Sec,Bussière-Galant,Étival-Clairefontaine
S008646,Quiero ir de Paris a Lyon,NOT_FRENCH,,,
S009176,Un biglietto per Marsiglia,NOT_FRENCH,,,
S000833,Je vais a Auterive depuis Villers-Saint-Sepulcre,TRIP,Villers-Saint-Sépulcre,Auterive,
S006090,"Je pars de Saint-Cyprien, je passe par Reims Maison Blanche et j'arrive a Thann Centre",TRIP,Saint-Cyprien,Thann Centre,Reims Maison Blanche
S005778,je me rends a magny - blandainville depuis landry,TRIP,Landry,Magny - Blandainville,
S008702,I want aller a Paris,NOT_FRENCH,,,
S007688,A bientot,NOT_TRIP,,,
S005528,un train de saint-claude a clermont la rotonde pour demain,TRIP,Saint-Claude,Clermont La Rotonde,
S001887,Saint-Chamas vers Rabastens - Coufouleux,TRIP,Saint-Chamas,Rabastens - Coufouleux,
S002310,Je voudrais me rendre a Aubusson depuis La Bohalle,TRIP,La Bohalle,Aubusson,
S001685,Un train de Les Sables-d'Olonne a Saint-Jean-Pied-de-Port pour demain,TRIP,Les Sables-d'Olonne,Saint-Jean-Pied-de-Port,
S007961,Ok,NOT_TRIP,,,
S005243,me rendre de niort a éragny - neuville,TRIP,Niort,Éragny - Neuville,
S008426,au revoir,NOT_TRIP,,,
S002569,De Rountzenheim a Poligny,TRIP,Rountzenheim,Poligny,
S008716,Train from Paris to Bordeaux please,NOT_FRENCH,,,
S002527,je veux aller de theillay a capvern,TRIP,Theillay,Capvern,
S009349,What is the best route,NOT_FRENCH,,,
S006067,Train de La Grave d'Ambarès a Dettwiller passant par Couëron,TRIP,La Grave d'Ambarès,Dettwiller,Couëron
S009973,asdfghjkl,UNKNOWN,,,
S005610,j'aimerais un billet de azay-le-rideau a chedde,TRIP,Azay-le-Rideau,Chedde,
S002501,je voudrais prendre un train de montrejeau - gourdan-polignan a les portes de saint-cyr,TRIP,Montréjeau - Gourdan-Polignan,Les Portes de Saint-Cyr,
S002740,voyage de montendre a sallanches - combloux - megeve,TRIP,Montendre,Sallanches - Combloux - Megève,
S003427,je me rends a marmagne sous creusot depuis thesee,TRIP,Thésée,Marmagne sous Creusot,
S000506,Me rendre de Folligny a Montelimar,TRIP,Folligny,Montélimar,
S008980,Je want to go Lyon,NOT_FRENCH,,,
S009568,a,UNKNOWN,,,
S000852,J'aimerais un billet de Les Abrets - Fitilieu a Cognac,TRIP,Les Abrets - Fitilieu,Cognac,
S000618,Billet Saint-Seurin-sur-l'Isle Les Deux Jumeaux,TRIP,Saint-Seurin-sur-l'Isle,Les Deux Jumeaux,
S005094,ce soir je vais de la ferté-saint-aubin a villereversure,TRIP,La Ferté-Saint-Aubin,Villereversure,
S006883,de amifontaine vers bouffemont - moisselles avec correspondance a montescourt-lizerolles,TRIP,Amifontaine,Bouffémont - Moisselles,Montescourt-Lizerolles
S006693,De Malesherbes vers Beaumont-le-Roger avec correspondance a La Ricamarie,TRIP,Malesherbes,Beaumont-le-Roger,La Ricamarie
S007808,je m'appelle paris,NOT_TRIP,,,
S007281,tu fais quoi,NOT_TRIP,,,
S001673,Billet Avenue Foch Bayon,TRIP,Avenue Foch,Bayon,
S005622,un train de saint-macaire a les essarts-le-roi pour demain,TRIP,Saint-Macaire,Les Essarts-le-Roi,
S008157,Voyage,NOT_TRIP,,,
S000843,Depuis Saverne jusqu'a Podensac,TRIP,Saverne,Podensac,
S002476,quel train de muhlbach-sur-munster a sarrance ?,TRIP,Muhlbach-sur-Munster,Sarrance,
S006418,De La Bernerie-en-Retz vers Loison-sous-Lend avec coorresmondance a Vougept - Giluly-lès-Cîteaux,TRIP,La Bernerie-en-Retz,Loison-sous-Lens,Vougeot - Gilly-lès-Cîteaux
S009675,lorem ipsum,UNKNOWN,,,
S001767,"S'il vous plait, un trajet de Castelsarrasin a Saint-Brice-sur-Vienne",TRIP,Castelsarrasin,Saint-Brice-sur-Vienne,
S002432,y a-t-il un train de masseret a saint-césaire ?,TRIP,Masseret,Saint-Césaire,
S005869,Direction Quincieux au depart de Ytrac,TRIP,Ytrac,Quincieux,
S006004,javel puis lardy puis teillé,TRIP,Javel,Teillé,Lardy
S007776,Arriver,NOT_TRIP,,,
S001659,Je vais de Souppes - Château-Landon a Decize,TRIP,Souppes - Château-Landon,Decize,
S001137,Voyage de Vorey a Saint-Aigulin - La Roche-Chalais,TRIP,Vorey,Saint-Aigulin - La Roche-Chalais,
S002218,De Magnette a Belz - Ploemel,TRIP,Magnette,Belz - Ploemel,
S008489,omment ca marche,NOT_TRIP,,,
S005451,Y a-t-il un train de Gironde-sur-Dropt a Trelaze,TRIP,Gironde-sur-Dropt,Trélazé,
S007952,Comment ca marche,NOT_TRIP,,,
S001196,J'aimerais aller de Aubusson a Saint-Béron - La Bridoire,TRIP,Aubusson,Saint-Béron - La Bridoire,
S005158,je veux aller de louvroil a saint-étienne le clapier,TRIP,Louvroil,Saint-Étienne Le Clapier,
S000319,Depart Distroff arrivee Épanvilliers,TRIP,Distroff,Épanvilliers,
S004559,Pagny-sur-Meuse vers Buzy en Bérn,TRIP,Pagny-sur-Meuse,Buzy en Béarn,
S006948,Aller de Portet Saint-Simon a Sevran - Livry avec un arret a Pruniers-en-Sologne,TRIP,Portet Saint-Simon,Sevran - Livry,Pruniers-en-Sologne
S009621,@#$%,UNKNOWN,,,
S005902,Je veux me rendre a Ruminghem en partant de Carmaux,TRIP,Carmaux,Ruminghem,
S002442,Depart Meulan - Hardricourt arrivee Plaisir - Grignon,TRIP,Meulan - Hardricourt,Plaisir - Grignon,
S004445,j'aimerais aller de auboué a seugy,TRIP,Auboué,Seugy,
S008752,Un billete de tren por favor,NOT_FRENCH,,,
S001672,Je dois aller de Sevran - Livry a Allassac demain,TRIP,Sevran - Livry,Allassac,
S009905,a,UNKNOWN,,,
S000051,Direction Lancey au depart de Mionnay,TRIP,Mionnay,Lancey,
S001647,Je veux me rendre a Benfeld en partaant de Conflans - Jarny,TRIP,Conflans - Jarny,Benfeld,
S005346,Je doid aller de Gardannr a Le Chaumbon-Feugerplles demain,TRIP,Gardanne,Le Chambon-Feugerolles,
S005968,Train de Sarreguemines a Lothiers passant par Nomain,TRIP,Sarreguemines,Lothiers,Nomain
S009504,test test test,UNKNOWN,,,
S000251,Urçay - La Perche - Tergnier,TRIP,Urçay - La Perche,Tergnier,
S009912,@#$%,UNKNOWN,,,
S007070,Voyage,NOT_TRIP,,,
S001282,j'aimerais un billet de laguepie a oderen,TRIP,Laguépie,Oderen,
S004167,Un train de Le Raincy - Villemomble - Montfermeil a Achères Grand Cormier,TRIP,Le Raincy - Villemomble - Montfermeil,Achères Grand Cormier,
S001884,je pars de saint-rambert-en-bugey pour aller a hirson écoles,TRIP,Saint-Rambert-en-Bugey,Hirson Écoles,
S008085,Je n'aime pas voyager,NOT_TRIP,,,
S007120,Bonsoir,NOT_TRIP,,,
S006393,je voudrais aller de villeneuve-le-roi a nîmes en passant par reichshoffen,TRIP,Villeneuve-le-Roi,Nîmes,Reichshoffen
S008591,Como llego a Marsella,NOT_FRENCH,,,
S002495,Un billet de Erstein a Fréteval - Morée,TRIP,Erstein,Fréteval - Morée,
S005328,Je me rends a Cannes La Bocca depuis Ille-sur-Têt,TRIP,Ille-sur-Têt,Cannes La Bocca,
S008275,J'ai rencontre Marseille hier,NOT_TRIP,,,
S007928,Nancy est ma soeur,NOT_TRIP,,,
S008823,Ich mochte von Paris nach Lyon fahren,NOT_FRENCH,,,
S007913,Nancy est ma soeur,NOT_TRIP,,,
S008324,Aujourd'hui,NOT_TRIP,,,
S001842,Je veux prendre le train de L'Hermitage - Mordelles a Auxonne,TRIP,L'Hermitage - Mordelles,Auxonne,
S004256,Je souhaite aller de La Grande-Paroisse a Wavrin,TRIP,La Grande-Paroisse,Wavrin,
S002377,depuis villeneuve-la-guyard jusqu'a lisle-sur-tarn,TRIP,Villeneuve-la-Guyard,Lisle-sur-Tarn,
S000497,Je voudrais prendre un train de Schweighouse-sur-Moder a Saint-Marcel en Dombes,TRIP,Schweighouse-sur-Moder,Saint-Marcel en Dombes,
S004409,Meudon Val Fleury puis Assat,TRIP,Meudon Val Fleury,Assat,
S002133,Prendre le train de Menars a Heilles - Mouchy,TRIP,Menars,Heilles - Mouchy,
S000556,Depuis Thenissey jusqu'a Ebersviller,TRIP,Thenissey,Ébersviller,
S008048,Un train,NOT_TRIP,,,
S003615,Je pars de Nançois - Troville et je vais a Liancourt-Saint-Pirre,TRIP,Nançois - Tronville,Liancourt-Saint-Pierre,
S002808,Je pars de Saint-Césaire et je vais a Viviez - Decazeville,TRIP,Saint-Césaire,Viviez - Decazeville,
S000889,Je dois aller de Saillans a Dourdan La Foret demain,TRIP,Saillans,Dourdan La Forêt,
S008561,I want to go from Paris to Lyon,NOT_FRENCH,,,
S005481,Est-ce qu'il y a un train de Neufchâteau a Martigues,TRIP,Neufchâteau,Martigues,
S004597,bords lalbenque - fontanes,TRIP,Bords,Lalbenque - Fontanes,
S004970,Les Laumes Alésia vers Abbaretz,TRIP,Les Laumes Alésia,Abbaretz,
S002627,Aller de Frontenex a Saint-Cyprien Arenes,TRIP,Frontenex,Saint-Cyprien Arènes,
S000655,je souhaite aller de parempuyre a ponthierry - pringy,TRIP,Parempuyre,Ponthierry - Pringy,
S002931,je voudrais prendre un train de uckange a haluchère batignolles,TRIP,Uckange,Haluchère Batignolles,
S003008,demain je pars de vimy pour vions - chanaz,TRIP,Vimy,Vions - Chanaz,
S005013,Train de Béziers a Val d'Argenteuil,TRIP,Béziers,Val d'Argenteuil,
S000708,Ce soir je vais de Savennières - Béhuard a Lalinde,TRIP,Savennières - Béhuard,Lalinde,
S007270,Demain,NOT_TRIP,,,
S006432,De Chelles - Gournay a Montluçon via Plouaret Trégor,TRIP,Chelles - Gournay,Montluçon,Plouaret Trégor
S007955,Super,NOT_TRIP,,,
S008917,How do I get to Marseille,NOT_FRENCH,,,
S008952,Je want to go Lyon,NOT_FRENCH,,,
S005107,Je veux prendre le train de Arnage a Marles-en-Brie,TRIP,Arnage,Marles-en-Brie,
S007863,arriver,NOT_TRIP,,,
S005693,Voyage de Boën-sur-Lignon a Nogent-l'Artaud - Charly,TRIP,Boën-sur-Lignon,Nogent-l'Artaud - Charly,
S008121,Hey,NOT_TRIP,,,
S009631,...,UNKNOWN,,,
S005223,Depart Enghien-les-Bains arrivee Cramoisy,TRIP,Enghien-les-Bains,Cramoisy,
S002662,Depuis Aigrefeuille le Thou jusqu'a Saint-Roch,TRIP,Aigrefeuille le Thou,Saint-Roch,
S003196,Depuis Le Chénay Gagy jusqu'a anes,TRIP,Le Chénay Gagny,Nantes,
S003579,depart de casino lacroix laval arrivee a aubergenville élisabethville,TRIP,Casino Lacroix Laval,Aubergenville Élisabethville,
S005536,voyager de aguilcourt - variscourt vers henin-beaumont,TRIP,Aguilcourt - Variscourt,Hénin-Beaumont,
S000687,Je veux aller de Cerizay a Embrun,TRIP,Cerizay,Embrun,
S008403,Merci,NOT_TRIP,,,
S005653,quel train pour aller de nogent-sur-vernisson a ribécourt-dreslincourt,TRIP,Nogent-sur-Vernisson,Ribécourt-Dreslincourt,
S005253,Prendre le train de Mayet a Rieux - Angicourt,TRIP,Mayet,Rieux - Angicourt,
S003558,Je voudrais aller de Bénestroff a Matzenheim,TRIP,Bénestroff,Matzenheim,
S000721,Coucy-lès-Eppes Luzy,TRIP,Coucy-lès-Eppes,Luzy,
S005649,osséja vers arcachon,TRIP,Osséja,Arcachon,
S007411,hey,NOT_TRIP,,,
S006590,train de colroy-lubine a isbergues passant par steenwerck,TRIP,Colroy-Lubine,Isbergues,Steenwerck
S002275,quel train de dorlisheim a albias ?,TRIP,Dorlisheim,Albias,
S007566,Comment ca marche,NOT_TRIP,,,
S007461,Merci,NOT_TRIP,,,
S004684,Je voudrais me rendre a Msrolles-en-Hurepoix depuis Livierdun,TRIP,Liverdun,Marolles-en-Hurepoix,
S008773,Un billete de tren por favor,NOT_FRENCH,,,
S005548,direction saint-sulpice (tarn) au depart de boves,TRIP,Boves,Saint-Sulpice (Tarn),
S008505,Quiero ir de Paris a Lyon,NOT_FRENCH,,,
S003511,Je veux me rendre a Luzenac - Garanou en partant de Bolbec-Nointot,TRIP,Bolbec-Nointot,Luzenac - Garanou,
S006980,Arbanats Montmédy via Château-Arnoux-Saint-Auban,TRIP,Arbanats,Montmédy,Château-Arnoux-Saint-Auban
S007379,Aide moi,NOT_TRIP,,,
S008568,I want to go from Paris to Lyon,NOT_FRENCH,,,
S001363,belle-isle - begard vers mouroux,TRIP,Belle-Isle - Bégard,Mouroux,
S005664,Billet Saint-Martin d'Étampes Vis à Marles,TRIP,Saint-Martin d'Étampes,Vis à Marles,
S003956,Ce soir je vais de Clisson a Strazeele,TRIP,Clisson,Strazeele,
S005891,Je voudrais me rendre a Conlie depuis Romanèche-Thorins,TRIP,Romanèche-Thorins,Conlie,
S009694,ab,UNKNOWN,,,
S009794,lorem ipsum,UNKNOWN,,,
S008794,Train from Paris to Bordeaux please,NOT_FRENCH,,,
S008323,Mon ami Lyon va bien,NOT_TRIP,,,
S000616,Prendre le train de Bollwiller a Saint-Aubin - Saint-Luperce,TRIP,Bollwiller,Saint-Aubin - Saint-Luperce,
S006671,je voudrais aller de savennières - béhuard a les vallées en passant par vitry-sur-seine,TRIP,Savennières - Béhuard,Les Vallées,Vitry-sur-Seine
S001410,Aller de Babinière a Montmélian,TRIP,Babinière,Montmélian,
S004052,"Bonjour, je voudrais aller de Orchamps a Sélestat",TRIP,Orchamps,Sélestat,
S008250,Les trains sont souvent en retard,NOT_TRIP,,,
S001963,Je voudrais prendre un train de Orry-la-Ville - Coye a Pontanevaux,TRIP,Orry-la-Ville - Coye,Pontanevaux,
S002788,Y a-t-il un train de Osses - Saint-Martin-d'Arrossa a Saint-Die-des-Vosges,TRIP,Ossès - Saint-Martin-d'Arrossa,Saint-Dié-des-Vosges,
S007215,tu fais quoi,NOT_TRIP,,,
S001864,Est-ce qu'il y a un train de Le Coteau a Saint-Avre - La Chambre,TRIP,Le Coteau,Saint-Avre - La Chambre,
S001173,demain je pars de buire-sur-l'ancre pour rambouillet,TRIP,Buire-sur-l'Ancre,Rambouillet,
S003913,Traun de Nevers a Fourqueux - Bel-Air,TRIP,Nevers,Fourqueux - Bel-Air,
S007016,Hey,NOT_TRIP,,,
S008007,Il fait beau aujourd'hui,NOT_TRIP,,,
S009605,   ,UNKNOWN,,,
S004034,voyage de villereversure a mont de terre,TRIP,Villereversure,Mont de Terre,
S001334,je voyage de bourg-en-bresse a neuville université,TRIP,Bourg-en-Bresse,Neuville Université,
S008359,Hey,NOT_TRIP,,,
S006338,aller de briançon a is-sur-tille avec un arret a uchaud,TRIP,Briançon,Is-sur-Tille,Uchaud
S006297,decize puis le péage-de-roussillon puis sotteville-lès-rouen,TRIP,Decize,Sotteville-lès-Rouen,Le Péage-de-Roussillon
S001367,De Le Pont-de-Beauvoisin a Bourgneuf-en-Retz,TRIP,Le Pont-de-Beauvoisin,Bourgneuf-en-Retz,
S009107,Je want to go Lyon,NOT_FRENCH,,,
S006769,De Gadagne a Le Grau-du-Roi en passant par Seugy,TRIP,Gadagne,Le Grau-du-Roi,Seugy
S000123,"S'il vous plait, un trajet de Étampes a Corbehem",TRIP,Étampes,Corbehem,
S006724,Aller de Saint-Martin-de-Crau a Willer-sur-Thur avec un arret a Tournus,TRIP,Saint-Martin-de-Crau,Willer-sur-Thur,Tournus
S001775,Je veux prendre le train de Caulnes a Boisset,TRIP,Caulnes,Boisset,
S001877,je vais a arleux depuis hayange,TRIP,Hayange,Arleux,
S000746,Je vodraiis me reundre a Lisieux depuis Nevers,TRIP,Nevers,Lisieux,
S003589,hennebont blaisy-bas,TRIP,Hennebont,Blaisy-Bas,
S008251,Il fait beau aujourd'hui,NOT_TRIP,,,
S009345,Je want to go Lyon,NOT_FRENCH,,,
S006191,De Uzerche a Yffiniac via Bohain-en-Vermandois,TRIP,Uzerche,Yffiniac,Bohain-en-Vermandois
S003491,partir de épône - mézières pour émerainville - pontault-combault,TRIP,Épône - Mézières,Émerainville - Pontault-Combault,
S004096,Est-ce qu'il y a un train de Valenciennes a Meximieux - Pérouges,TRIP,Valenciennes,Meximieux - Pérouges,
S005403,voyager de saint-andre-de-corcy vers le creusot - montceau-les-mines - montchanin tgv,TRIP,Saint-André-de-Corcy,Le Creusot - Montceau-les-Mines - Montchanin TGV,
S001094,"s'il vous plait, un trajet de bruz a le cateau-cambresis",TRIP,Bruz,Le Cateau-Cambrésis,
S009092,Book a ticket for me,NOT_FRENCH,,,
S002091,quel train pour aller de niolon a masseret,TRIP,Niolon,Masseret,
S006655,Vandières puis Val-de-Reuil puis Saint-Quentin en Yvelines - Montigny-le-Bretonneux,TRIP,Vandières,Saint-Quentin en Yvelines - Montigny-le-Bretonneux,Val-de-Reuil
S004359,Direction Liart au depart de Fegersheim - Liipsheim,TRIP,Fegersheim - Lipsheim,Liart,
S009494,I want aller a Paris,NOT_FRENCH,,,
S007786,albert est mon cousin,NOT_TRIP,,,
S008200,Super,NOT_TRIP,,,
S009023,Book a ticket for me,NOT_FRENCH,,,
S005998,train de reuilly a pontoise passant par ferrières - fontenay,TRIP,Reuilly,Pontoise,Ferrières - Fontenay
S001587,"S'il vous plait, un trajet de Issoudun a Saint-Priest",TRIP,Issoudun,Saint-Priest,
S003652,direction ludres au depart de noyelles-sur-mer,TRIP,Noyelles-sur-Mer,Ludres,
S009094,Ein Zug nach Marseille bitte,NOT_FRENCH,,,
S004903,depart de fontenay-le-fleury arrivee a sainte-foy-la-grande,TRIP,Fontenay-le-Fleury,Sainte-Foy-la-Grande,
S000795,J'aimerais un billet de Gan a Buire-sur-l'Ancre,TRIP,Gan,Buire-sur-l'Ancre,
S005656,Un billet de Nuits-Saint-Georges a Bouray,TRIP,Nuits-Saint-Georges,Bouray,
S007654,Troyes est un prenom original,NOT_TRIP,,,
S000089,j'aimerais un billet de croix - wasquehal a plestan,TRIP,Croix - Wasquehal,Plestan,
S000615,je me rends a luc-en-diois depuis cugand,TRIP,Cugand,Luc-en-Diois,
S009639,@#$%,UNKNOWN,,,
S008885,Wie komme ich nach Bordeaux,NOT_FRENCH,,,
S003893,Un billet de Saint-Pierre-le-Moûtier a Montmélian,TRIP,Saint-Pierre-le-Moûtier,Montmélian,
S003114,Hiermes - Berthecourt puuis aris Montparnasse,TRIP,Hermes - Berthecourt,Paris Montparnasse,
S004653,Prendre le train de Culoz a Sainte-Bazeille,TRIP,Culoz,Sainte-Bazeille,
S008011,Comment ca marche,NOT_TRIP,,,
S000348,Unu billet de Montauban Ville Bourbon a Besançoun Mouillère,TRIP,Montauban Ville Bourbon,Besançon Mouillère,
S006982,Je voudrais aller de Lavilletertre a Bellac en passant par Niort,TRIP,Lavilletertre,Bellac,Niort
S003078,Je dois aller de Saint-Roch a Bitschwiller-lès-Thann,TRIP,Saint-Roch,Bitschwiller-lès-Thann,
S005479,je pars de lieusaint - moissy et je vais a bibliotheque francois mitterrand,TRIP,Lieusaint - Moissy,Bibliothèque François Mitterrand,
S000930,Amagne - Lucquy vers Savonnières,TRIP,Amagne - Lucquy,Savonnières,
S001108,y a-t-il un train de courcelles-le-comte a meursault,TRIP,Courcelles-le-Comte,Meursault,
S006544,aller de venerque - vernet a chamalieres-sur-loire avec un arret a aix-en-provence,TRIP,Venerque - Vernet,Chamalières-sur-Loire,Aix-en-Provence
S008774,Train from Paris to Bordeaux please,NOT_FRENCH,,,
S009812,asdfghjkl,UNKNOWN,,,
S009329,I want to go from Paris to Lyon,NOT_FRENCH,,,
S006797,Je veux passer par Kurtzenhouse pour aller de Oudon a Sotteville-lès-Rouen,TRIP,Oudon,Sotteville-lès-Rouen,Kurtzenhouse
S001810,Depart de Moirans arrivee a Prin-Deyrancon,TRIP,Moirans,Prin-Deyrançon,
S001562,Je veux aller de Mortcerf a Pontrieux Halte,TRIP,Mortcerf,Pontrieux Halte,
S003456,je voudrais me rendre a obermodern-zutzendorf depuis monteux,TRIP,Monteux,Obermodern-Zutzendorf,
S003194,Loreux - Amboise,TRIP,Loreux,Amboise,
S009666,123456,UNKNOWN,,,
S007774,tu fais quoi,NOT_TRIP,,,
S005369,Billet Dijon Porte Neuve Cap-d'Ail,TRIP,Dijon Porte Neuve,Cap-d'Ail,
S009112,Book a ticket for me,NOT_FRENCH,,,
S002900,Partir de L'Argentière Les Écrins vers Bouffémont - Moisselles,TRIP,L'Argentière Les Écrins,Bouffémont - Moisselles,
S006282,De Chazay - Marcilly vers Pont du Garigliano - Hôpital Européen Georges Pompidou avec correspondance a Les Perrières,TRIP,Chazay - Marcilly,Pont du Garigliano - Hôpital Européen Georges Pompidou,Les Perrières
S009018,Un biglietto per Marsiglia,NOT_FRENCH,,,
S005625,vallorcine montceau-les-mines,TRIP,Vallorcine,Montceau-les-Mines,
S008032,Je veux aller,NOT_TRIP,,,
S008539,Como llego a Marsella,NOT_FRENCH,,,
S005918,Partir de Bolquère-Eyne vers Saint-Saviol,TRIP,Bolquère-Eyne,Saint-Saviol,
S005001,j'aimerais un billet de huriel a montaigu,TRIP,Huriel,Montaigu,
S008916,I need to travel tomorrow,NOT_FRENCH,,,
S007558,J'ai rencontre Marseille hier,NOT_TRIP,,,
S001208,je veux prendre le train de brazey-en-plaine a port-de-piles,TRIP,Brazey-en-Plaine,Port-de-Piles,
S007214,genial,NOT_TRIP,,,
S003856,Je vvoyagiz de Val-de-Vesle a Arras,TRIP,Val-de-Vesle,Arras,
S007248,La SNCF c'est pas mal,NOT_TRIP,,,
S001731,Je veux me rendre a Pontrieux Halte en partant de Villers-Saint-Sépulcre,TRIP,Villers-Saint-Sépulcre,Pontrieux Halte,
S009516,!!!,UNKNOWN,,,
S004195,Y a-t-il u train de Arras a Clombier-Fonteaine,TRIP,Arras,Colombier-Fontaine,
S003803,Aller de Saint-Vallier sur Rhône a Parsac - Gouzon,TRIP,Saint-Vallier sur Rhône,Parsac - Gouzon,
S009824,blablabla,UNKNOWN,,,
S003480,Depuis Chateaubourg jusqu'a Cluses,TRIP,Châteaubourg,Cluses,
S007657,Coucou,NOT_TRIP,,,
S009051,Je want to go Lyon,NOT_FRENCH,,,
S003005,je voudrais me rendre a belz - ploemel depuis aumale,TRIP,Aumale,Belz - Ploemel,
S000954,Quel train de Brest a Luzarches ?,TRIP,Brest,Luzarches,
S008415,Coucou,NOT_TRIP,,,
S009595,qwerty,UNKNOWN,,,
S009184,Un biglietto per Marsiglia,NOT_FRENCH,,,
S008202,Je voudrais,NOT_TRIP,,,
S003237,je veux aller de istres a aspres-sur-buech,TRIP,Istres,Aspres-sur-Buëch,
S003574,Sélestat vers Kalhausen,TRIP,Sélestat,Kalhausen,
S009817,@#$%,UNKNOWN,,,
S004593,Depuis Gien jusqu'a Rieux - Angicourt,TRIP,Gien,Rieux - Angicourt,
S009677,lorem ipsum,UNKNOWN,,,
S000903,je pars de marles-en-brie pour aller a avignon tgv,TRIP,Marles-en-Brie,Avignon TGV,
S002492,"S'il vous plait, un trajet de Strasbourg Roethig a Achiet-le-Grand",TRIP,Strasbourg Roethig,Achiet-le-Grand,
S009126,I would like a train ticket,NOT_FRENCH,,,
S004801,Je vais de Chambly a Rieux - Angicourt,TRIP,Chambly,Rieux - Angicourt,
S004025,je pars de bohain-en-vermandois et je vais a la pomme,TRIP,Bohain-en-Vermandois,La Pomme,
S001738,ce soir je vais de château-thierry a pezou,TRIP,Château-Thierry,Pezou,
S002523,"Bonjour, je voudrais aller de Latour-de-Carol - Enveitg a Mommenheim",TRIP,Latour-de-Carol - Enveitg,Mommenheim,
S000219,J'aimerais aller de Portet Saint-Simon a Vendenheim,TRIP,Portet Saint-Simon,Vendenheim,
S002912,aller de hasenrain a beaumont-le-roger,TRIP,Hasenrain,Beaumont-le-Roger,
S005517,depart de monnerville arrivee a liesle,TRIP,Monnerville,Liesle,
S004781,Un billet de Roquebrune-Cap-Martin a Riom - Châtel-Guyon,TRIP,Roquebrune-Cap-Martin,Riom - Châtel-Guyon,
S003908,Je vais a L'Abbaye depuis iloetaneuse Univetsité,TRIP,Villetaneuse Université,L'Abbaye,
S004651,Voyage de Lamballe a Les Tines,TRIP,Lamballe,Les Tines,
S005689,Je dois aller de Marchezais - Broué a Mesves - Bulcy,TRIP,Marchezais - Broué,Mesves - Bulcy,
S008406,Nancy est ma soeur,NOT_TRIP,,,
S006119,Je veux passer par Nevers Le Banlay pour aller de Montaut Betharram a Chedde,TRIP,Montaut Bétharram,Chedde,Nevers Le Banlay
S001758,Je voudrais me rendre a Les Rosiers-sur-Loire depuis Sainte-Pazanne,TRIP,Sainte-Pazanne,Les Rosiers-sur-Loire,
S005965,Je voudrais aller de Coarraze - Nay a Strasbourg Roethig en passant par Royat - Chamalières,TRIP,Coarraze - Nay,Strasbourg Roethig,Royat - Chamalières
S006476,De Pau vers Munchhausen avec correspondance a Théoule-sur-Mer,TRIP,Pau,Munchhausen,Théoule-sur-Mer
S003578,Direction L'Isthme au depart de Bellegarde-sur-Valserine,TRIP,Bellegarde-sur-Valserine,L'Isthme,
S008053,Troyes est un prenom original,NOT_TRIP,,,
S008673,Wie komme ich nach Bordeaux,NOT_FRENCH,,,
S001735,Je pars de Issou - Porcheville pour aller a Noisy-le-Roi,TRIP,Issou - Porcheville,Noisy-le-Roi,
S005303,Y a-t-il un train de Le Molay-Littry a La Douzillère,TRIP,Le Molay-Littry,La Douzillère,
S005120,Boves puis Cinq-Mars-la-Pile,TRIP,Boves,Cinq-Mars-la-Pile,
S001857,"S'il vous plait, un trajet de Teillé a Entzheim Aéroport",TRIP,Teillé,Entzheim Aéroport,
S004999,précy-sur-oise puis podensac,TRIP,Précy-sur-Oise,Podensac,
S009680,ab,UNKNOWN,,,
S006041,Herbitzheim Chasseneuil-sur-Bonnieure via La Meyze,TRIP,Herbitzheim,Chasseneuil-sur-Bonnieure,La Meyze
S004864,aller de belleville sur sâone a agonac,TRIP,Belleville sur Sâone,Agonac,
S006899,Je voudrais aller de Plancoët a Saint-Gilles-Croix-de-Vie en passant par Brunémont,TRIP,Plancoët,Saint-Gilles-Croix-de-Vie,Brunémont
S005978,Arcachon puis Connerré - Beillé puis St-Sever,TRIP,Arcachon,St-Sever,Connerré - Beillé
S006836,"je pars de saint-laurent-de-la-prée - fouras, je passe par les cabannes et j'arrive a clacy - mons",TRIP,Saint-Laurent-de-la-Prée - Fouras,Clacy - Mons,Les Cabannes
S000445,Train de Villiers-le-Bel - Gonesse - Arnouville a Cessieu,TRIP,Villiers-le-Bel - Gonesse - Arnouville,Cessieu,
S003898,Je dois aller de La Mothe-Achard a Saint-Laurent-du-Var demain,TRIP,La Mothe-Achard,Saint-Laurent-du-Var,
S000868,Un billet de Ponti d'Ardres a Vignory,TRIP,Pont d'Ardres,Vignory,
S002858,"Bonjour, je voudrais allez de Vitry-en-Artois a Joué-lès-Tours",TRIP,Vitry-en-Artois,Joué-lès-Tours,
S005607,Aller de Luzarches a Marseillan Plage,TRIP,Luzarches,Marseillan Plage,
S001995,Je pars de Erstein pour allez a Phalempin,TRIP,Erstein,Phalempin,
S005733,Pourriez-vous me trouveer un train de Avenay a Les Ormes,TRIP,Avenay,Les Ormes,
S003062,Train de Hundling a Ludres,TRIP,Hundling,Ludres,
S009955,ab,UNKNOWN,,,
S000838,Je pars de Champ de Courses d'Enghien et je vais a Pont de Lignon,TRIP,Champ de Courses d'Enghien,Pont de Lignon,
S007243,Bonjour,NOT_TRIP,,,
S008080,Nancy est ma soeur,NOT_TRIP,,,
S007912,Qu'est-ce que tu peux faire,NOT_TRIP,,,
S003957,Pourriez-vous me trouver un train de Angerville a Arrou,TRIP,Angerville,Arrou,
S008347,Demain,NOT_TRIP,,,
S006588,Je voudrais aller de Estressin a Saint-Victurnien en passant par Kurtzenhouse,TRIP,Estressin,Saint-Victurnien,Kurtzenhouse
S009900,...,UNKNOWN,,,
S000789,Je pars de Marseillan Plage pour aller a Gramat,TRIP,Marseillan Plage,Gramat,
S003710,je pars de cosne-cours-sur-loire et je vais a villereversure,TRIP,Cosne-Cours-sur-Loire,Villereversure,
S004021,je vais a buzy en bearn depuis saint-etienne-du-rouvray,TRIP,Saint-Étienne-du-Rouvray,Buzy en Béarn,
S007601,Partir,NOT_TRIP,,,
S001665,Prendre le trin de Grésy-sur-Isère a Sillé-le-Guillaume,TRIP,Grésy-sur-Isère,Sillé-le-Guillaume,
S003302,Qurl train pour aler de Valmondois a Assier,TRIP,Valmondois,Assier,
S003214,Voyage de Le Cellier a Schopperten,TRIP,Le Cellier,Schopperten,
S009406,Un billete de tren por favor,NOT_FRENCH,,,
S001350,quel train pour aller de rosporden a vern-sur-seiche,TRIP,Rosporden,Vern-sur-Seiche,
S001898,aller de lille europe a montpellier sud de france,TRIP,Lille Europe,Montpellier Sud de France,
S005688,Gemeaux Allenc,TRIP,Gemeaux,Allenc,
S006812,Train de Ruelle a Nuits-Saint-Georges passant par Saint-Laurent - Gainneville,TRIP,Ruelle,Nuits-Saint-Georges,Saint-Laurent - Gainneville
S001025,voyager de rue vers souillac,TRIP,Rue,Souillac,
S005067,Gargenville - Saint-Gilles-Croix-de-Vie,TRIP,Gargenville,Saint-Gilles-Croix-de-Vie,
S009037,What is the best route,NOT_FRENCH,,,
S005835,Je voyage de Sérézin-du-Rhône a Mauzac-et-Grand-Castang,TRIP,Sérézin-du-Rhône,Mauzac-et-Grand-Castang,
S009141,Book a ticket for me,NOT_FRENCH,,,
S006664,Je veux passer par Corcy pour aller de La Ferte-Milon a Fontpedrouse,TRIP,La Ferté-Milon,Fontpédrouse,Corcy
S001502,Train de Gournay - Ferrières a Saint-Chély-d'Apcher,TRIP,Gournay - Ferrières,Saint-Chély-d'Apcher,
S009020,I want aller a Paris,NOT_FRENCH,,,
S004141,Je pars de Le Mans pour aller a Tonnay-Charente,TRIP,Le Mans,Tonnay-Charente,
S000197,je me rends a saint-etienne bellevue depuis osses - saint-martin-d'arrossa,TRIP,Ossès - Saint-Martin-d'Arrossa,Saint-Étienne Bellevue,
S000198,billet herblay cormery,TRIP,Herblay,Cormery,
S000643,Y a-t-il un train de Geispolsheim a Arleux,TRIP,Geispolsheim,Arleux,
S008495,Je n'aime pas voyager,NOT_TRIP,,,
S005508,Voyager de Saint-Pierre-le-Moûtier vers Houilles - Carrières-sur-Seine,TRIP,Saint-Pierre-le-Moûtier,Houilles - Carrières-sur-Seine,
S006224,La Brohinière Ingwiller via Coarraze - Nay,TRIP,La Brohinière,Ingwiller,Coarraze - Nay
S003562,"S'il vous plait, un trajet de Eu a Portet Saint-Simon",TRIP,Eu,Portet Saint-Simon,
S009556,   ,UNKNOWN,,,
S002119,"Bonjour, je voudrais aller de Saint-Roch a Mulhouse Musees",TRIP,Saint-Roch,Mulhouse Musées,
S000976,Je voudrais me rendre a Ermont - Eaubonne depuis Fleurville - Pont-de-Vaux,TRIP,Fleurville - Pont-de-Vaux,Ermont - Eaubonne,
S009645,aaaaaaaa,UNKNOWN,,,
S006950,Je veux passer par Seugy pour aller de Tarascon a Pont de Sallaumines,TRIP,Tarascon,Pont de Sallaumines,Seugy
S008691,Un billete de tren por favor,NOT_FRENCH,,,
S004859,Depart de Saint-Marcellin arrivee a Coron de Méricourt,TRIP,Saint-Marcellin,Coron de Méricourt,
S006030,De Pougues-les-Eaux vers Tiercé avec correspondance a Parc des Expositions,TRIP,Pougues-les-Eaux,Tiercé,Parc des Expositions
S006873,Je voudrais aller de Bayonne a Frénouville - Cagny en passant par Ménil Flin,TRIP,Bayonne,Frénouville - Cagny,Ménil Flin
S006616,Train de Saint-Quentin n Yvelines - Monyigny-le-Bretonneux a Hangest-sjr-Somme passant par Boulainvilliers,TRIP,Saint-Quentin en Yvelines - Montigny-le-Bretonneux,Hangest-sur-Somme,Boulainvilliers
S009346,Quiero ir de Paris a Lyon,NOT_FRENCH,,,
S009935,aaaaaaaa,UNKNOWN,,,
S006042,"je pars de chauffailles, je passe par rosult et j'arrive a schwindratzheim",TRIP,Chauffailles,Schwindratzheim,Rosult
S009117,Train from Paris to Bordeaux please,NOT_FRENCH,,,
S008783,I need to travel tomorrow,NOT_FRENCH,,,
S003309,Voyager de Gan vers Courcelles-le-Comte,TRIP,Gan,Courcelles-le-Comte,
S002964,Je dois aller de Rethel a Audruicq,TRIP,Rethel,Audruicq,
S007239,Il fait beau aujourd'hui,NOT_TRIP,,,
S009807,test test test,UNKNOWN,,,
S009739,aaaaaaaa,UNKNOWN,,,
S008326,nancy est ma soeur,NOT_TRIP,,,
S000169,Je veux prendre oe trsin de La Fresnais a Hochfelden,TRIP,La Fresnais,Hochfelden,
S009105,Train from Paris to Bordeaux please,NOT_FRENCH,,,
S000550,Depuis Eymoutiers Vassivière jusqu'a Dompierre Sept Fons,TRIP,Eymoutiers Vassivière,Dompierre Sept Fons,
S006277,Je voudrais aller de Vaucelles a Colmar Saint-Joseph en passant par Pagny-sur-Meuse,TRIP,Vaucelles,Colmar Saint-Joseph,Pagny-sur-Meuse
S002860,je veux aller de saint-andré-lez-lille a naintré,TRIP,Saint-André-lez-Lille,Naintré,
S003363,prendre le train de futuroscope a mâcon,TRIP,Futuroscope,Mâcon,
S007207,Je n'aime pas voyager,NOT_TRIP,,,
S004072,De Brunémont a Libourne,TRIP,Brunémont,Libourne,
S003321,Depart Hoffen arrivee Le Mans,TRIP,Hoffen,Le Mans,
S000288,Je voyage de Dieupentale a Miramas,TRIP,Dieupentale,Miramas,
S004788,Je veux aller de Rosny-sur-Seine a Albert,TRIP,Rosny-sur-Seine,Albert,
S000526,"s'il vous plait, un trajet de vitre a bouaye",TRIP,Vitré,Bouaye,
S004905,je voudrais me rendre a saint-médard-sur-ille depuis boussy-saint-antoine,TRIP,Boussy-Saint-Antoine,Saint-Médard-sur-Ille,
S009172,Ein Zug nach Marseille bitte,NOT_FRENCH,,,
S005239,J'aimerais un billet de Saint-Ouen-l'Aumône a Saône,TRIP,Saint-Ouen-l'Aumône,Saône,
S002607,Un train de Plouharnel - Carnac a Plouaret Tregor pour demain,TRIP,Plouharnel - Carnac,Plouaret Trégor,
S006445,grandvillars cormery via colmar,TRIP,Grandvillars,Cormery,Colmar
S003238,Train de Bruyères-sur-Oise a Antibes,TRIP,Bruyères-sur-Oise,Antibes,
S002792,je dois aller de raves-ban-de-laveline a maisse,TRIP,Raves-Ban-de-Laveline,Maisse,
S007618,Super,NOT_TRIP,,,
S000760,Je pars de Saint-Michel - Valloire et je vais a Terrasson-Lavilledieu,TRIP,Saint-Michel - Valloire,Terrasson-Lavilledieu,
S009539,qwerty,UNKNOWN,,,
S001634,JJe pars fe Brazey-en-Plaine poir aller a Génelard,TRIP,Brazey-en-Plaine,Génelard,
S004209,Depart Pont de Bois arrivee Condat - Le Lardin,TRIP,Pont de Bois,Condat - Le Lardin,
S000997,je dois aller de saint-denis-lès-martel a la rivière de mansac,TRIP,Saint-Denis-lès-Martel,La Rivière de Mansac,
S001567,Je vais a Marlieux - Châtillon depuis Champagney,TRIP,Champagney,Marlieux - Châtillon,
S008643,Un billete de tren por favor,NOT_FRENCH,,,
S002170,je me rends a dammartin - juilly - saint-mard depuis verdun,TRIP,Verdun,Dammartin - Juilly - Saint-Mard,
S009411,I need to travel tomorrow,NOT_FRENCH,,,
S004417,depuis luxeuil-les-bains jusqu'a maurecourt,TRIP,Luxeuil-les-Bains,Maurecourt,
S008430,albert est mon cousin,NOT_TRIP,,,
S008842,I want aller a Paris,NOT_FRENCH,,,
S005899,Est-ce qu'il y a un train de Carbonne a Cenon,TRIP,Carbonne,Cenon,
S001896,Depart Artix arrivee Breteil,TRIP,Artix,Breteil,
S000680,Demain je pars de Mehun-sur-Yèvre pour Montfavet,TRIP,Mehun-sur-Yèvre,Montfavet,
S008385,Qu'est-ce que tu peux faire,NOT_TRIP,,,
S003563,Le Breuil-sur-Couze direction Beynost,TRIP,Le Breuil-sur-Couze,Beynost,
S005582,Je veux me rendre a Pléchâtel en partant de Gerzat,TRIP,Gerzat,Pléchâtel,
S007818,C'est trop cher,NOT_TRIP,,,
S005482,voyage de cambrai a chevilly,TRIP,Cambrai,Chevilly,
S001881,J'aimerais un billet de Pouzauges a Saint-Priest-Taurion,TRIP,Pouzauges,Saint-Priest-Taurion,
S006053,train de barr a precy-sur-oise passant par noizay,TRIP,Barr,Précy-sur-Oise,Noizay
S003014, a-tt-il un train de Yrt a Mkramas,TRIP,Urt,Miramas,
S002548,je dois aller de mont de terre a vanves - malakoff,TRIP,Mont de Terre,Vanves - Malakoff,
S001705,"S'il vous plait, un trajet de Ranguin a Cassel",TRIP,Ranguin,Cassel,
S009684,a,UNKNOWN,,,
S009430,What is the best route,NOT_FRENCH,,,
S009577,test test test,UNKNOWN,,,
S008265,Mon ami Lyon va bien,NOT_TRIP,,,
S009351,Ein Zug nach Marseille bitte,NOT_FRENCH,,,
S005469,quel train pour aller de clermont de l'oise a angers saint-laud,TRIP,Clermont de l'Oise,Angers Saint-Laud,
S000273,"Bonjour, je voudrais allez de Issy-les-Moulineaux a Chasseradès",TRIP,Issy-les-Moulineaux,Chasseradès,
S005454,Aller de Gramat a Vic-le-Comte,TRIP,Gramat,Vic-le-Comte,
S000995,pourriez-vous me trouver un train de aubergenville élisabethville a assat,TRIP,Aubergenville Élisabethville,Assat,
S006364,Gisors puis Malling muis Vaulry,TRIP,Gisors,Vaulry,Malling
S008291,Coucou,NOT_TRIP,,,
S006080,Je voudrais aller de Saint-Julien-du-Sault a Vaux-sur-Seine en passant par Goncelin,TRIP,Saint-Julien-du-Sault,Vaux-sur-Seine,Goncelin
S000323,Partir de Les Cabannes pour Garchizy,TRIP,Les Cabannes,Garchizy,
S007159,J'aime les trains,NOT_TRIP,,,
S001851,Je voudrais aller de Marienthal a Pertuis,TRIP,Marienthal,Pertuis,
S005696,Je voudrais prendre un train de Prissé-la-Charrière a La Hume,TRIP,Prissé-la-Charrière,La Hume,
S003126,Pourriez-vous me trouver un train de Saint-Médard-d'Eyrans a Kurtzenhouse,TRIP,Saint-Médard-d'Eyrans,Kurtzenhouse,
S002919,Direction Mitry - Claye au depart de Paulhaguet,TRIP,Paulhaguet,Mitry - Claye,
S008380,C'est quoi ce service,NOT_TRIP,,,
S008669,I need to travel tomorrow,NOT_FRENCH,,,
S007749,D'accord,NOT_TRIP,,,
S008698,I would like a train ticket,NOT_FRENCH,,,
S001878,train de reze pont rousseau a gaillac,TRIP,Rezé Pont Rousseau,Gaillac,
S008017,Bonjour,NOT_TRIP,,,
S008595,I want to go from Paris to Lyon,NOT_FRENCH,,,
S008745,I want to go from Paris to Lyon,NOT_FRENCH,,,
S001523,Ce soir je vais de Le Puy-en-Velay a Fromental,TRIP,Le Puy-en-Velay,Fromental,
S003798,je dois aller de chambly a la ricamarie,TRIP,Chambly,La Ricamarie,
S007010,Je veux aller,NOT_TRIP,,,
S005477,Un train de Brimeux a Nantes,TRIP,Brimeux,Nantes,
S004422,Varennes-sur-Fouzon puis Malause,TRIP,Varennes-sur-Fouzon,Malause,
S006611,Train de Ancy-sur-Moselle a Montfort-le-Gesnois passant par Rue,TRIP,Ancy-sur-Moselle,Montfort-le-Gesnois,Rue
S009529,@#$%,UNKNOWN,,,
S008759,Wie komme ich nach Bordeaux,NOT_FRENCH,,,
S006055,"Je pars de Vaucelles, je passe par Roeschwoog et j'arrive a Enghien-les-Bains",TRIP,Vaucelles,Enghien-les-Bains,Roeschwoog
S009728,   ,UNKNOWN,,,
S008349,Nancy est ma soeur,NOT_TRIP,,,
S001551,Je me rends a Epone - Mezieres depuis Avignon Centre,TRIP,Avignon Centre,Épône - Mézières,
S002072,Je vais a Herrlisheim depuis Mazingarbe,TRIP,Mazingarbe,Herrlisheim,
S008444,J'ai rencontre Marseille hier,NOT_TRIP,,,
S000552,Y aa-t-il un train de Carcassonne a Bangy-sur-Beresle ?,TRIP,Carcassonne,Blangy-sur-Bresle,
S004509,Billaet Dannes - Camiers Gimont Cahuzac,TRIP,Dannes - Camiers,Gimont Cahuzac,
S006400,De Saint-Hilaire - Brizambourg vers Cercottes avec correspondance a Beaulieu-sur-Mer,TRIP,Saint-Hilaire - Brizambourg,Cercottes,Beaulieu-sur-Mer
S002504,je dois aller de annecy a pléchâtel demain,TRIP,Annecy,Pléchâtel,
S000137,Partir de Magland pour Angerville,TRIP,Magland,Angerville,
S003496,Margaux - Le Molay-Littry,TRIP,Margaux,Le Molay-Littry,
S006358,DDe Versuaklles Rive Droite a Avoudrey via Mervans,TRIP,Versailles Rive Droite,Avoudrey,Mervans
S007422,hey,NOT_TRIP,,,
S001890,je veux prendre le train de aubin-saint-vaast a dives-sur-mer - cabourg,TRIP,Aubin-Saint-Vaast,Dives-sur-Mer - Cabourg,
S009061,I want to go from Paris to Lyon,NOT_FRENCH,,,
S009379,I want aller a Paris,NOT_FRENCH,,,
S008266,tu fais quoi,NOT_TRIP,,,
S005407,de hautmont jusqu'a remy,TRIP,Hautmont,Remy,
S000095,un train de saint-jean-de-luz - ciboure a freteval - moree,TRIP,Saint-Jean-de-Luz - Ciboure,Fréteval - Morée,
S006843,Train de Plancoët a Le Vernet d'Ariège passant par Nogent-l'Artaud - Charly,TRIP,Plancoët,Le Vernet d'Ariège,Nogent-l'Artaud - Charly
S007314,Hello,NOT_TRIP,,,
S005400,Depuis Marchezais - Broué jusqu'a Sevran - Livry,TRIP,Marchezais - Broué,Sevran - Livry,
S005808,Guimiliau direction Nevers Le Banlay,TRIP,Guimiliau,Nevers Le Banlay,
S005195,Longages - Noé puis Serqueux,TRIP,Longages - Noé,Serqueux,
S008746,What is the best route,NOT_FRENCH,,,
S007795,Qu'est-ce qje tu peux faire,NOT_TRIP,,,
S006707,De Landerneau vers Malansac avec correspondance a La Chapelle Aulnay,TRIP,Landerneau,Malansac,La Chapelle Aulnay
S001708,Miraumont puis Drusenheim,TRIP,Miraumont,Drusenheim,
S002812,Comment aller de Brax - Lguevin a Taverny ?,TRIP,Brax - Léguevin,Taverny,
S006925,de veigné vers coursan avec correspondance a garchizy,TRIP,Veigné,Coursan,Garchizy
S006579,"Je pars de Salon-de-Provence, je passe par Lutzelhouse et j'arrive a Audrieu",TRIP,Salon-de-Provence,Audrieu,Lutzelhouse
S004466,Depart de Louvroil arrivee a Pantin,TRIP,Louvroil,Pantin,
S007950,Hello,NOT_TRIP,,,
S002551,je voudrais me rendre a le vert de maisons depuis montceau-les-mines,TRIP,Montceau-les-Mines,Le Vert de Maisons,
S009319,I need to travel tomorrow,NOT_FRENCH,,,
S005719,Vienne pjis Paris Bercy Bourgogn - Pays d'Auverggne,TRIP,Vienne,Paris Bercy Bourgogne - Pays d'Auvergne,
S004698,de alaï a pont de l'alma,TRIP,Alaï,Pont de l'Alma,
S003158,Depart de Amboise arrivee a Verneuil-sur-Avre,TRIP,Amboise,Verneuil-sur-Avre,
S002390,je voudrais prendre un train de mulhouse a mareil-sur-mauldre,TRIP,Mulhouse,Mareil-sur-Mauldre,
S000104,Je veux aller de Stains La Cerisaie T11 a Kogenheim,TRIP,Stains La Cerisaie T11,Kogenheim,
S003766,depart plounerin arrivee andelot-en-montagne,TRIP,Plounérin,Andelot-en-Montagne,
S004629,Quel train pour aller de Fougeray - Langon a Le Raincy - Villemomble - Montfermeil,TRIP,Fougeray - Langon,Le Raincy - Villemomble - Montfermeil,
S001317,J'aimerais un billet de Les Églisottes-et-Chalaures a Vernaison,TRIP,Les Églisottes-et-Chalaures,Vernaison,
S008594,I want aller a Paris,NOT_FRENCH,,,
S005814,Y a-t-il un train de Poligny a Dives-sur-Mer - Cabourg,TRIP,Poligny,Dives-sur-Mer - Cabourg,
S004147,Je veux aller de Niversac a Saint-Leu-d'Esserent,TRIP,Niversac,Saint-Leu-d'Esserent,
S005311,depart de auneau arrivee a joigny-sur-meuse,TRIP,Auneau,Joigny-sur-Meuse,
S008023,Coucou,NOT_TRIP,,,
S002633,y a-t-il un train de conflans fin d'oise a hasenrain ?,TRIP,Conflans Fin d'Oise,Hasenrain,
S007940,Troyes est un prenom original,NOT_TRIP,,,
S007756,Les trains sont souvent en retard,NOT_TRIP,,,
S004002,Billet La Hisse Juan les Pins,TRIP,La Hisse,Juan les Pins,
S001548,Y a-t-il un train de Sainte-Bazeille a Éguzon-Chantôme ?,TRIP,Sainte-Bazeille,Éguzon-Chantôme,
S005903,Un train de Le Buet a Penne-d'Agenais,TRIP,Le Buet,Penne-d'Agenais,
S008996,Je want to go Lyon,NOT_FRENCH,,,
S005170,Je pars de Conflans Fin d'Oise et je vais a Veigne,TRIP,Conflans Fin d'Oise,Veigné,
S006509,Je veux passer par Pontanevaux pour aller de La Ferté-Saint-Aubin a Loches,TRIP,La Ferté-Saint-Aubin,Loches,Pontanevaux
S009444,Como llego a Marsella,NOT_FRENCH,,,
S008310,Help,NOT_TRIP,,,
S009315,Vorrei andare da Parigi a Lione,NOT_FRENCH,,,
S002513,quel train de bagnac-sur-célé a esvres sur indre ?,TRIP,Bagnac-sur-Célé,Esvres sur Indre,
S004378,Jz veux prendre le train de Granoville a Pontmory,TRIP,Granville,Pontmort,
S009429,Un billete de tren por favor,NOT_FRENCH,,,
S000841,depuis chamarande jusqu'a pont de sallaumines,TRIP,Chamarande,Pont de Sallaumines,
S001433,Voyager de Èze vers La Brohinière,TRIP,Èze,La Brohinière,
S008480,Mon ami Lyon va bien,NOT_TRIP,,,
S003222,Enghien-les-Bains puis Le Puy-en-Velay,TRIP,Enghien-les-Bains,Le Puy-en-Velay,
S005516,mayet - bruyeres-sur-oise,TRIP,Mayet,Bruyères-sur-Oise,
S005507,brax - léguevin vers gertwiller,TRIP,Brax - Léguevin,Gertwiller,
S009822,a,UNKNOWN,,,
S004130,Quel train de Sarcelles - Saint-Brice a Baume-les-Dames ?,TRIP,Sarcelles - Saint-Brice,Baume-les-Dames,
S002334,prendre le train de morez a siorac-en-perigord,TRIP,Morez,Siorac-en-Périgord,
S006627,de rognac a clamart via pavilly,TRIP,Rognac,Clamart,Pavilly
S006000,"Je pars de Kédange, je passe par La Bassée - Violaines et j'arrive a Carcassonne",TRIP,Kédange,Carcassonne,La Bassée - Violaines
S009137,Ich mochte von Paris nach Lyon fahren,NOT_FRENCH,,,
S000907,je souhaite aller de loriol-sur-drome a mouchard,TRIP,Loriol-sur-Drôme,Mouchard,
S005598,De Aéroport Charles de Gaulle 2 TGV jusqu'a Vougeot - Gilly-lès-Cîteaux,TRIP,Aéroport Charles de Gaulle 2 TGV,Vougeot - Gilly-lès-Cîteaux,
S009996,a,UNKNOWN,,,
S006325,caffiers puis saint-marcellin puis rochy-condé,TRIP,Caffiers,Rochy-Condé,Saint-Marcellin
S006390,Noyen-sur-Satthe puis Saint-Sulpice - Auteuil puuis Orange,TRIP,Noyen-sur-Sarthe,Orange,Saint-Sulpice - Auteuil
S006623,tran de Auxonne a Ruffec passant par Us,TRIP,Auxonne,Ruffec,Us
S001841,J'aimerais aller de Saint-Hilaire-de-Chaléons a Champagne-sur-Oise,TRIP,Saint-Hilaire-de-Chaléons,Champagne-sur-Oise,
S001015,Je pars de Mouchard et je vais a Villeneuve Triage,TRIP,Mouchard,Villeneuve Triage,
S000150,Je veux me rendre a Valleiry en partant de Bellegarde-sur-Valserine,TRIP,Bellegarde-sur-Valserine,Valleiry,
S006910,Pont de Sallaumines Bagnols - Chadenet via Recquignies,TRIP,Pont de Sallaumines,Bagnols - Chadenet,Recquignies
S009028,How do I get to Marseille,NOT_FRENCH,,,
S001892,Comment aller de Saint-Aigulin - La Roche-Chalais a Amagne - Lucquy,TRIP,Saint-Aigulin - La Roche-Chalais,Amagne - Lucquy,
S001607,Je me rends a Aubigny-au-Bac depuis Quimperlé,TRIP,Quimperlé,Aubigny-au-Bac,
S003390,je voyage de culmont - chalindrey a schwindratzheim,TRIP,Culmont - Chalindrey,Schwindratzheim,
S000108,Je vais a Saint-Nom-la-Bretèche Forêt de Marly T13 depuis Le Méridien La Ferrière,TRIP,Le Méridien La Ferrière,Saint-Nom-la-Bretèche Forêt de Marly T13,
S002580,depuis laillé jusqu'a joinville,TRIP,Laillé,Joinville,
S008208,Aujourd'hui,NOT_TRIP,,,
S008854,Como llego a Marsella,NOT_FRENCH,,,
S000380,Je voyage de Mailly-la-Ville a Raon-l'Étape,TRIP,Mailly-la-Ville,Raon-l'Étape,
S005452,Je voudrais prendre unn train de ourtalain - Saint-Pellzrin a Laragne-Montéglin,TRIP,Courtalain - Saint-Pellerin,Laragne-Montéglin,
S006776,De Langeac vers Le Grand Jardin avec correspondance a Miramas,TRIP,Langeac,Le Grand Jardin,Miramas
S003937,Je veux aller de Arbanats a L'Abbaye,TRIP,Arbanats,L'Abbaye,
S006157,tran de Tournus a Gilly-sur-Loire passant par Coucy-lès-Eppes,TRIP,Tournus,Gilly-sur-Loire,Coucy-lès-Eppes
S009604,123456,UNKNOWN,,,
S004126,Depart Martigné-Ferchaud arrivee Nomain,TRIP,Martigné-Ferchaud,Nomain,
S000594,pierrelaye - louvroil,TRIP,Pierrelaye,Louvroil,
S004904,Je voudrait prendre un train de Aubigny-en-Artois a Riedseltz,TRIP,Aubigny-en-Artois,Riedseltz,
S006763,aller de farbus a viry-châtillon avec un arret a casino lacroix laval,TRIP,Farbus,Viry-Châtillon,Casino Lacroix Laval
S001843,Comment aller de Provins a Betton ?,TRIP,Provins,Betton,
S008218,Bonsoir,NOT_TRIP,,,
S008404,les trains sont souvent en retard,NOT_TRIP,,,
S002637,Je dois aller de Goussainville a Halsou - Larressore,TRIP,Goussainville,Halsou - Larressore,
S001393,pourriez-vous me trouver un train de epernay a plounerin,TRIP,Épernay,Plounérin,
S002461,Je me rends a Reze Pont Rousseau depuis Chamonix Aiguille du Midi,TRIP,Chamonix Aiguille du Midi,Rezé Pont Rousseau,
S007151,Je voudrais,NOT_TRIP,,,
S000398,Voyager de Prouvy - Thiant vers Briouze,TRIP,Prouvy - Thiant,Briouze,
S009651,test test test,UNKNOWN,,,
S003201,La Barre Ormesson Saiint-Savol,TRIP,La Barre Ormesson,Saint-Saviol,
S008425,Albert est mon cousin,NOT_TRIP,,,
S005842,je vais de perrignier a athis-mons,TRIP,Perrignier,Athis-Mons,
S005942,je me rends a trie-chateau depuis maule,TRIP,Maule,Trie-Château,
S003758,Les Cabrils Raon-l'Étape,TRIP,Les Cabrils,Raon-l'Étape,
S007681,arriver,NOT_TRIP,,,
S000484,un billet de faubourg d'orléans a breuillet - bruyères-le-châtel,TRIP,Faubourg d'Orléans,Breuillet - Bruyères-le-Châtel,
S001671,"Bonjour, je voudrais aller de Châtellerault a Rosporden",TRIP,Châtellerault,Rosporden,
S000522,Quel train de Blanzy a Les Lacs ?,TRIP,Blanzy,Les Lacs,
S003010,Pourriez-vous me trouver un train de Longueau a Rang-du-Fliers - Verton - Berck,TRIP,Longueau,Rang-du-Fliers - Verton - Berck,
S003814,Billet Rountzenheim Ancenis,TRIP,Rountzenheim,Ancenis,
S005977,Cavignac Savennières - Béhuard via Croix du Prince,TRIP,Cavignac,Savennières - Béhuard,Croix du Prince
S001095,Ce soie je vais de Le Pony-de-Beauvoisin a Vougeot - Gilly-lèz-Cîtaux,TRIP,Le Pont-de-Beauvoisin,Vougeot - Gilly-lès-Cîteaux,
S008590,Je want to go Lyon,NOT_FRENCH,,,
S008723,What is the best route,NOT_FRENCH,,,
S004498,Train de Clermont La Pardieu a Les Vallées,TRIP,Clermont La Pardieu,Les Vallées,
S001886,Ce soir je vais de Chevrières a Veauche - Saint-Galmier,TRIP,Chevrières,Veauche - Saint-Galmier,
S007719,Un train,NOT_TRIP,,,
S006226,courtalain - saint-pellerin puis les houches puis luc,TRIP,Courtalain - Saint-Pellerin,Luc,Les Houches
S000546,Je dois aller de Wavr a Saullagouse demain,TRIP,Wavrin,Saillagouse,
S006376,Digoin Osny via Polliat,TRIP,Digoin,Osny,Polliat
S005123,saint-cyprien puis lezoux,TRIP,Saint-Cyprien,Lezoux,
S008390,il fait beau aujourd'hui,NOT_TRIP,,,
S001315,"Bonjour, je voudrais aller de Maurois a Gemeaux",TRIP,Maurois,Gemeaux,
S007883,Partir,NOT_TRIP,,,
S001854,Est-ce qu'il y a un train de Étain a Saint-Égrève Saint-Robert,TRIP,Étain,Saint-Égrève Saint-Robert,
S008076,Genial,NOT_TRIP,,,
S008466,voyage,NOT_TRIP,,,
S002380,Voyager de Orgerus - Béhoust vers Rosny-sur-Seine,TRIP,Orgerus - Béhoust,Rosny-sur-Seine,
S003620,Pourriez-vous me trouver un train de Kilstett a Chasseneuil-du-Poitou,TRIP,Kilstett,Chasseneuil-du-Poitou,
S000705,je pars de vernou-la-celle-sur-seine et je vais a étampes,TRIP,Vernou-la-Celle-sur-Seine,Étampes,
S009376,Can you help me,NOT_FRENCH,,,
S001742,j'aimerais un billet de puget-ville a vougeot - gilly-lès-cîteaux,TRIP,Puget-Ville,Vougeot - Gilly-lès-Cîteaux,
S002505,Un billet de Dijon Porte Neuve a Bibliothèque François Mitterrand,TRIP,Dijon Porte Neuve,Bibliothèque François Mitterrand,
S007360,Merci,NOT_TRIP,,,
S009898,   ,UNKNOWN,,,
S003682,Depart de Ingrandes sur Vienne arrivee a Gravelines,TRIP,Ingrandes sur Vienne,Gravelines,
S001218,Saint-Cyprien - Meyrargues,TRIP,Saint-Cyprien,Meyrargues,
S003419,"Bonjour, je voudrait aller de Dannes - Camiers a Le Grau-du-Roi",TRIP,Dannes - Camiers,Le Grau-du-Roi,
S006816,Je voudrais aller de Saint-Nazaire a Saint-Leu-d'Esserent en passant par Cernay (Val-d'Oise),TRIP,Saint-Nazaire,Saint-Leu-d'Esserent,Cernay (Val-d'Oise)
S003786,Y a-t-il un train de Beau Marais a Triel-sur-Seine ?,TRIP,Beau Marais,Triel-sur-Seine,
S000913,Simandre-sur-Suran Petit Vaux,TRIP,Simandre-sur-Suran,Petit Vaux,
S008696,I need to travel tomorrow,NOT_FRENCH,,,
S009525,???,UNKNOWN,,,
S007839,Partir,NOT_TRIP,,,
S008557,Can you help me,NOT_FRENCH,,,
S001734,Un train de Moisssac a Lavoûte-sur-Loire pour demain,TRIP,Moissac,Lavoûte-sur-Loire,
S008107,Nice de te rencontrer,NOT_TRIP,,,
S001643,Je souhaite aller de Fraisses - Unieux a Blangy-sur-Ternoise,TRIP,Fraisses - Unieux,Blangy-sur-Ternoise,
S003846,Quel train de Saint-Erme-Outre-et-Ramecourt a Hellemmes ?,TRIP,Saint-Erme-Outre-et-Ramecourt,Hellemmes,
S002005,Je voudrais aller de Étigny - Véron a Chagny,TRIP,Étigny - Véron,Chagny,
S000472,Quel train de Coulanges-sur-Yonne a Saint-Laurent-d'Aigouze ?,TRIP,Coulanges-sur-Yonne,Saint-Laurent-d'Aigouze,
S009308,How do I get to Marseille,NOT_FRENCH,,,
S000100,un train de savonnières a provins,TRIP,Savonnières,Provins,
S008533,Wie komme ich nach Bordeaux,NOT_FRENCH,,,
S009899,qwerty,UNKNOWN,,,
S000266,Je pars de Saint-Hilaire-sur-Helpe pour aller a Soultz-sous-Forêts,TRIP,Saint-Hilaire-sur-Helpe,Soultz-sous-Forêts,
S009643,test test test,UNKNOWN,,,
S006937,Belz - Ploemel puis Cintegabelle puis Cernay (Haut-Rhin),TRIP,Belz - Ploemel,Cernay (Haut-Rhin),Cintegabelle
S004160,billet gambsheim saint-cyr les lecques - la cadiere,TRIP,Gambsheim,Saint-Cyr Les Lecques - La Cadière,
S003406,Paray-le-Monial - Azay-sur-Cher,TRIP,Paray-le-Monial,Azay-sur-Cher,
S002234,Y a-t-il un train de Plestan a Apach,TRIP,Plestan,Apach,
S007407,Voyage,NOT_TRIP,,,
S001453,comment aller de bonneville a la méaugon ?,TRIP,Bonneville,La Méaugon,
S001160,Direction Moulis - Listrac au depart de Trappes,TRIP,Trappes,Moulis - Listrac,
S001888,Je voudrais aller de Rennes a La Marcche,TRIP,Rennes,La Marche,
S004432,Prendre le train de Niederbronn-les-Bains a Epernay,TRIP,Niederbronn-les-Bains,Épernay,
S007017,bonjour,NOT_TRIP,,,
S002379,labergement-sainte-marie vers gujan-mestras,TRIP,Labergement-Sainte-Marie,Gujan-Mestras,
S004366,Pourriez-vous me trouver un train de Brebieres a Evreux Normandie,TRIP,Brebières,Évreux Normandie,
S007369,Je n'aime pas voyager,NOT_TRIP,,,
S001268,"S'il vous plait, un trajet de Masseret a Faremoutiers - Pommeuse",TRIP,Masseret,Faremoutiers - Pommeuse,
S009506,qwerty,UNKNOWN,,,
S002302,Aller de Montchanin a Port-de-Piles,TRIP,Montchanin,Port-de-Piles,
S001749,Je pars de Chatellerault pour aller a Saint-Clair - Les Roches,TRIP,Châtellerault,Saint-Clair - Les Roches,
S002015,Je pars de Val de Fontenay pour aller a Brou,TRIP,Val de Fontenay,Brou,
S009931,...,UNKNOWN,,,
S001212,Je souhaite aller de Ennevelin a Le Cailar,TRIP,Ennevelin,Le Cailar,
S008793,Ich mochte von Paris nach Lyon fahren,NOT_FRENCH,,,
S008829,What is the best route,NOT_FRENCH,,,
S006367,Ponthierry - Pringy Saint-Gilles Lycée Haut-Rhin via Caudry,TRIP,Ponthierry - Pringy,Saint-Gilles Lycée Haut-Rhin,Caudry
S005983,De Reignier-Esery a Cergy le Haut via Saint-Quentin-Fallavier,TRIP,Reignier-Ésery,Cergy le Haut,Saint-Quentin-Fallavier
S004206,Je voyage de Vénissieux a Weyersheim,TRIP,Vénissieux,Weyersheim,
S002748,Je vais a Iwuy depuis Gujan-Mestras,TRIP,Gujan-Mestras,Iwuy,
S001473,"S'il vous laait, un trajet fe Bonnières-sur-Seine a Survioliers - Fosszs",TRIP,Bonnières-sur-Seine,Survilliers - Fosses,
S004462,un billet de limersheim a mertzwiller,TRIP,Limersheim,Mertzwiller,
S006564,"Je pars de Tenay - Hauteville, je passe par Gambsheim et j'arrive a Fresnoy-le-Grand",TRIP,Tenay - Hauteville,Fresnoy-le-Grand,Gambsheim
S009499,Quiero ir de Paris a Lyon,NOT_FRENCH,,,
S000610,De Contrexéville a Tonnay-Charente,TRIP,Contrexéville,Tonnay-Charente,
S001575,Y a-t-il un train de Cros de Cagnes a Montreuil-sur-Ille,TRIP,Cros de Cagnes,Montreuil-sur-Ille,
S007859,Tu fais quoi,NOT_TRIP,,,
S003424,De L'Isthme a Saint-Astier,TRIP,L'Isthme,Saint-Astier,
S007140,coucou,NOT_TRIP,,,
S009373,Je want to go Lyon,NOT_FRENCH,,,
S006636,"Je pars de Tonneins, je passe par Théoule-sur-Mer et j'arrive a Fouquereuil",TRIP,Tonneins,Fouquereuil,Théoule-sur-Mer
S004911,quel train pour aller de versailles rive droite a grandvilliers,TRIP,Versailles Rive Droite,Grandvilliers,
S002644,Voyager de Saint-Joseph le Castellas vers Saint-Agnan,TRIP,Saint-Joseph le Castellas,Saint-Agnan,
S004123,Je pars de Ranchot et je vais a Auchy-lès-Hesdin,TRIP,Ranchot,Auchy-lès-Hesdin,
S001790,Voyage de Audruicq a Chocques,TRIP,Audruicq,Chocques,
S005786,seclin verrey-sous-salmaise,TRIP,Seclin,Verrey-sous-Salmaise,
S004240,y a-t-il un train de saint-cyr-l'école a montreux-vieux ?,TRIP,Saint-Cyr-l'École,Montreux-Vieux,
S000880,depart de liancourt - rantigny arrivee a luzenac - garanou,TRIP,Liancourt - Rantigny,Luzenac - Garanou,
S003580,De Fougeray - Langon a Dardilly Les Mouilles,TRIP,Fougeray - Langon,Dardilly Les Mouilles,
S009769,@#$%,UNKNOWN,,,
S005883,un train de grandvillars a barjac,TRIP,Grandvillars,Barjac,
S005535,je voudrais me rendre a blangy-sur-ternoise depuis anse halte,TRIP,Anse Halte,Blangy-sur-Ternoise,
S009118,Can you help me,NOT_FRENCH,,,
S005933,Je souhaite aller ee Prouvy - Thiant a Contrexéville,TRIP,Prouvy - Thiant,Contrexéville,
S001651,Je voudrais allerr de Sauint-Méédard-sur-Ile a Belvezet,TRIP,Saint-Médard-sur-Ille,Belvezet,
S005518,je vais a biffontaine depuis charbonnieres-les-bains,TRIP,Charbonnières-les-Bains,Biffontaine,
S007219,Je veux aller,NOT_TRIP,,,
S002691,je voyage de marcelcave a monthermé,TRIP,Marcelcave,Monthermé,
S002313,un train de la crau a lesparre-medoc,TRIP,La Crau,Lesparre-Médoc,
S000349,de luc a châbons,TRIP,Luc,Châbons,
S002075,"S'il vous plait, un trajet de Chamborigaud a Anthéor Cap Roux",TRIP,Chamborigaud,Anthéor Cap Roux,
S006222,Train de Raon-l'Étape a La Ferté-sous-Jouarre passant par Onville,TRIP,Raon-l'Étape,La Ferté-sous-Jouarre,Onville
S000270,Haute Picardie TGV Mulhouse Musées,TRIP,Haute Picardie TGV,Mulhouse Musées,
S008919,What is the best route,NOT_FRENCH,,,
S007991,J'ai rencontre Marseille hier,NOT_TRIP,,,
S002056,Je veux aller de Magnette a Seltz,TRIP,Magnette,Seltz,
S000055,Je vais a Rosny-sous-Bois depuis Sarre-Union,TRIP,Sarre-Union,Rosny-sous-Bois,
S004579,Je dois aller de Achiet-le-Grand a Royan demain,TRIP,Achiet-le-Grand,Royan,
S007630,Je voudrais,NOT_TRIP,,,
S003375,Jn billet de Kennecy a Zaint-Laurent - Gainneville,TRIP,Mennecy,Saint-Laurent - Gainneville,
S004442,De Varennes-sur-Allier a Rœux,TRIP,Varennes-sur-Allier,Rœux,
S008838,Un billete de tren por favor,NOT_FRENCH,,,
S005434,Je pars de Magneux - Courlandon et je vais a Docelles-Cheniménil,TRIP,Magneux - Courlandon,Docelles-Cheniménil,
S007280,Coucou,NOT_TRIP,,,
S004375,Paris Est direction Sorgues - Cyâteaunoeuf-du-Pape,TRIP,Paris Est,Sorgues - Châteauneuf-du-Pape,
S003839,J'aimerais aller de Cagnes-sur-Mer a Xertigny,TRIP,Cagnes-sur-Mer,Xertigny,
S008705,Un billete de tren por favor,NOT_FRENCH,,,
S003969,Je dois aller de Mesvres a Puget-Ville demain,TRIP,Mesvres,Puget-Ville,
S002115,Je pars de Fontenoy-sur-Moselle et je vais a Le Plessis-Belleville,TRIP,Fontenoy-sur-Moselle,Le Plessis-Belleville,
S005008,aller de chaponost a vias,TRIP,Chaponost,Vias,
S004404,De Couiza-Montazels a Longpont,TRIP,Couiza-Montazels,Longpont,
S005441,Pourriez-vous me trouver un train de Audrieu a Gan,TRIP,Audrieu,Gan,
S001555,Je voyage de Landry a Lyon Saint-Paul,TRIP,Landry,Lyon Saint-Paul,
S002870,Prendre le train de Scherwiller a Chabenet,TRIP,Scherwiller,Chabenet,
S000733,partir de valdahon vers clacy - mons,TRIP,Valdahon,Clacy - Mons,
S002804,Le Val d'Or puis La Garenne-Colombes,TRIP,Le Val d'Or,La Garenne-Colombes,
S002890,Train de Méroux a Sin-le-Noble,TRIP,Méroux,Sin-le-Noble,
S007062,demain,NOT_TRIP,,,
S008126,Aide moi,NOT_TRIP,,,
S004285,Je voudrais prendre un train de Boisleux-au-Mont a Vallorcine,TRIP,Boisleux-au-Mont,Vallorcine,
S007242,Super,NOT_TRIP,,,
S003303,Comment aller de Rennes a Montreiil sur Mer,TRIP,Rennes,Montreuil sur Mer,
S007765,J'aime les trains,NOT_TRIP,,,
S006562,Je veux passer par Sainte-Marthe en Provence pour aler de Saint-Georges-d'Aurac a La Garenne-Colombes,TRIP,Saint-Georges-d'Aurac,La Garenne-Colombes,Sainte-Marthe en Provence
S001785,Sous le Bois Laifour,TRIP,Sous le Bois,Laifour,
S001918,je dois aller de coron de mericourt a loison-sous-lens demain,TRIP,Coron de Méricourt,Loison-sous-Lens,
S005215,Me rendre de Brou a Juan les Pins,TRIP,Brou,Juan les Pins,
S009625,blablabla,UNKNOWN,,,
S004053,Comment aller de Meudon Val Fleury a Montchanin ?,TRIP,Meudon Val Fleury,Montchanin,
S001781,je vais de montaut bétharram a lamballe,TRIP,Montaut Bétharram,Lamballe,
S002962,Rue vers Lantenqy,TRIP,Rue,Lantenay,
S001715,J'aimerais un billet de Noisy-le-Roi a Longuerue - Vieux-Manoir,TRIP,Noisy-le-Roi,Longuerue - Vieux-Manoir,
S001390,brax - leguevin vers creches-sur-saone,TRIP,Brax - Léguevin,Crêches-sur-Saône,
S001686,De Campagnac - Saint-Geniez jusqu'a Rethel,TRIP,Campagnac - Saint-Geniez,Rethel,
S004803,Partir de Thaon vers Libercourt,TRIP,Thaon,Libercourt,
S007324,Super,NOT_TRIP,,,
S003757,Comement aller de Saaint-Laurent-de-la-Prée - Fouras  Schwindratzheim ?,TRIP,Saint-Laurent-de-la-Prée - Fouras,Schwindratzheim,
S002996,je souhaite aller de blaisy-bas a valognes,TRIP,Blaisy-Bas,Valognes,
S006326,De Champagnole a Saint-Chamas via Avallon,TRIP,Champagnole,Saint-Chamas,Avallon
S009352,Vorrei andare da Parigi a Lione,NOT_FRENCH,,,
S005630,Depuis Pont-Saint-Esprit jusqu'a Pierrelatte,TRIP,Pont-Saint-Esprit,Pierrelatte,
S002827,partir de muret vers issou - porcheville,TRIP,Muret,Issou - Porcheville,
S005086,y a-t-il un train de saint-victor - thizy a pierreville ?,TRIP,Saint-Victor - Thizy,Pierreville,
S003650,Me rendre de Pornichet a Assier,TRIP,Pornichet,Assier,
S009225,Can you help me,NOT_FRENCH,,,
S008293,nancy est ma soeur,NOT_TRIP,,,
S006143,villepinte puis beauvoir-sur-niort puis saint-victurnien,TRIP,Villepinte,Saint-Victurnien,Beauvoir-sur-Niort
S002221,comment aller de carhaix-plouguer a andelot-en-montagne,TRIP,Carhaix-Plouguer,Andelot-en-Montagne,
S005725,je voyage de blaisy-bas a fourmies,TRIP,Blaisy-Bas,Fourmies,
S006009,Bueil Saint-Cyr-en-Val La Source via Einvaux,TRIP,Bueil,Saint-Cyr-en-Val La Source,Einvaux
S008125,Un train,NOT_TRIP,,,
S002596,Je vais a Royan depuis Volvic,TRIP,Volvic,Royan,
S007660,Bonjour,NOT_TRIP,,,
S001496,je dois aller de beaulieu-sur-mer a fismes demain,TRIP,Beaulieu-sur-Mer,Fismes,
S008724,Can you help me,NOT_FRENCH,,,
S000343,Je voudrais prendre un train de Brioude a Les Ramassiers,TRIP,Brioude,Les Ramassiers,
S003026,Ce soir je vais de Isoire a Gerumaine,TRIP,Issoire,Germaine,
S007997,Help,NOT_TRIP,,,
S005070,Je pars de Plaisir - Les Clayes et je vais a Mouans-Sartoux,TRIP,Plaisir - Les Clayes,Mouans-Sartoux,
S002795,Billet Genech Pontoise,TRIP,Genech,Pontoise,
S009286,Book a ticket for me,NOT_FRENCH,,,
S003942,Comment alldr de Pleudihen-sur-Ranace a Saiint-Cyr-l'École ?,TRIP,Pleudihen-sur-Rance,Saint-Cyr-l'École,
S008873,Como llego a Marsella,NOT_FRENCH,,,
S002605,comment aller de saint-avold a la couronne carro,TRIP,Saint-Avold,La Couronne Carro,
S002311,je me rends a duppigheim depuis morez,TRIP,Morez,Duppigheim,
S004677,Je vais a Moulin Galant depuis Maromme,TRIP,Maromme,Moulin Galant,
S005467,Comment aller de Domblans - Voiteur a Le Coudray-Montceaux,TRIP,Domblans - Voiteur,Le Coudray-Montceaux,
S006015,Je voudrais aller de Laroque-Timbaut a Vienne en passant par Saint-Leu-la-Foret,TRIP,Laroque-Timbaut,Vienne,Saint-Leu-la-Forêt
S007546,je m'appelle paris,NOT_TRIP,,,
S006155,De Aix-en-Provence TGV a Biache-Saint-Vaast en passant par Ruffec,TRIP,Aix-en-Provence TGV,Biache-Saint-Vaast,Ruffec
S008354,C'est quoi ce service,NOT_TRIP,,,
S009287,Wie komme ich nach Bordeaux,NOT_FRENCH,,,
S003070,aller de olonne-sur-mer a la bohalle,TRIP,Olonne-sur-Mer,La Bohalle,
S005439,Je veux aller de Quimperlé a La Bernerie-en-Retz,TRIP,Quimperlé,La Bernerie-en-Retz,
S008750,Como llego a Marsella,NOT_FRENCH,,,
S004119,Maubeuge vers Bersac-sur-Rivalier,TRIP,Maubeuge,Bersac-sur-Rivalier,
S007791,Je veux aller,NOT_TRIP,,,
S000850,train de muhlbach-sur-munster a sierentz,TRIP,Muhlbach-sur-Munster,Sierentz,
S006407,Rrain de Saint-Androé-de-CCorcy a Vimy pasxant par Marchzzais - Broué,TRIP,Saint-André-de-Corcy,Vimy,Marchezais - Broué
S009122,I want aller a Paris,NOT_FRENCH,,,
S002264,Le Theil - La Rouge puis Bonson,TRIP,Le Theil - La Rouge,Bonson,
S009139,Wie komme ich nach Bordeaux,NOT_FRENCH,,,
S006580,De Dreuil-lès-Amiens a Ambronay - Priay en passant par Sainte-Pazanne,TRIP,Dreuil-lès-Amiens,Ambronay - Priay,Sainte-Pazanne
S005999,Aller de Laval a Lalinde zvec un atret a SSotteville-oès-Rouen,TRIP,Laval,Lalinde,Sotteville-lès-Rouen
S000783,je veux aller de saint-beron - la bridoire a sanry-sur-nied,TRIP,Saint-Béron - La Bridoire,Sanry-sur-Nied,
S005750,Voyager de Tagolseim vers Champigneulles,TRIP,Tagolsheim,Champigneulles,
S001263,comment aller de vaas a apach ?,TRIP,Vaas,Apach,
S004869,Y a-t-il un train de Montrond-les-Bains a Evry-Courcouronnes,TRIP,Montrond-les-Bains,Évry-Courcouronnes,
S005097,prendre le train de loos-en-gohelle a orangis bois de l'epine,TRIP,Loos-en-Gohelle,Orangis Bois de l'Épine,
S009153,I want aller a Paris,NOT_FRENCH,,,
S007183,Bonnsoir,NOT_TRIP,,,
S008540,Un biglietto per Marsiglia,NOT_FRENCH,,,
S009089,Ein Zug nach Marseille bitte,NOT_FRENCH,,,
S008064,Demain,NOT_TRIP,,,
S001723,depuit Saillans jusqu'a Pertuis,TRIP,Saillans,Pertuis,
S002690,un billet de bouffémont - moisselles a plancoët,TRIP,Bouffémont - Moisselles,Plancoët,
S007817,hey,NOT_TRIP,,,
S003666,Quel train pour aller de Nort-sur-Erdre a Bigny,TRIP,Nort-sur-Erdre,Bigny,
S000077,De Sainte-Eulalie - Carbon-Blanc jusqu'a Orgon,TRIP,Sainte-Eulalie - Carbon-Blanc,Orgon,
S008418,J'aime les trains,NOT_TRIP,,,
S008618,What is the best route,NOT_FRENCH,,,
S004443,J'aimerais aller de La Garenne-Colombes a Franchet d'Esperey,TRIP,La Garenne-Colombes,Franchet d'Esperey,
S005204,Prendre le train de Saint-Geniès-de-Malgoirès a Longueville-sur-Scie,TRIP,Saint-Geniès-de-Malgoirès,Longueville-sur-Scie,
S000791,Maurs - Cercottes,TRIP,Maurs,Cercottes,
S002936,"S'il vous plait, un trajet de Besancon Franche-Comte TGV a Mezidon-Canon",TRIP,Besançon Franche-Comté TGV,Mézidon-Canon,
S003179,Prendre le train de Fouilloy a Le Chénayy Gagny,TRIP,Fouilloy,Le Chénay Gagny,
S004730,De Le Breuil-sur-Couze a Jaunay-Clan,TRIP,Le Breuil-sur-Couze,Jaunay-Clan,
S001757,je voudrais prendre un train de colombes a bessancourt,TRIP,Colombes,Bessancourt,
S001251,Train de Gironde-sur-Dropt a Steinbourg,TRIP,Gironde-sur-Dropt,Steinbourg,
S000826,aller de chalon-sur-saone a cergy prefecture,TRIP,Chalon-sur-Saône,Cergy Préfecture,
S004614,Voyager de Beaugency vers Givors,TRIP,Beaugency,Givors,
S004643,Demain je pars de La Brillanne - Oraison pour Cosne-Cours-sur-Loire,TRIP,La Brillanne - Oraison,Cosne-Cours-sur-Loire,
S002833,aller de homécourt a dorlisheim,TRIP,Homécourt,Dorlisheim,
S000399,Depuis Saint-Chamas jusqu'a Wesserling,TRIP,Saint-Chamas,Wesserling,
S006539,Je veux passer par Les Sables Blancs pur aller de Neuville-sur-Sarth a Grisolles,TRIP,Neuville-sur-Sarthe,Grisolles,Les Sables Blancs
S008084,Nancy est ma soeur,NOT_TRIP,,,
S006441,Aller de Sallaumines a Mauzé-sur-le-Mignon avec un arret a Les Saules,TRIP,Sallaumines,Mauzé-sur-le-Mignon,Les Saules
S007815,J'aime les trains,NOT_TRIP,,,
S005471,Couliboeuf puis Kerhostin,TRIP,Couliboeuf,Kerhostin,
S007484,Ok,NOT_TRIP,,,
S005731,J'aimerais un billet de Chasse-sur-Rhône a Frontignan,TRIP,Chasse-sur-Rhône,Frontignan,
S004847,Je paes de Billya-Montiggny et je vais a Saint-Cloud,TRIP,Billy-Montigny,Saint-Cloud,
S001455,train de base aérienne a jaunay-clan,TRIP,Base Aérienne,Jaunay-Clan,
S003044,Je veux me rendre a Lisle-sur-Tarn en partant de Mézidon-Canon,TRIP,Mézidon-Canon,Lisle-sur-Tarn,
S005462,Partir de Mont-Dauphin - Guillestrz pour Fromntal,TRIP,Mont-Dauphin - Guillestre,Fromental,
S008821,Como llego a Marsella,NOT_FRENCH,,,
S003105,demain je pars de la ferte-alais pour chalais,TRIP,La Ferté-Alais,Chalais,
S008722,Can you help me,NOT_FRENCH,,,
S005613,Quel train de Thiers a Rosieres-en-Santerre ?,TRIP,Thiers,Rosières-en-Santerre,
S004922,Aller de Saintes a La Ménitré,TRIP,Saintes,La Ménitré,
S009250,Book a ticket for me,NOT_FRENCH,,,
S005249,prendre le train de montaigut-le-blanc a gunsbach - griesbach,TRIP,Montaigut-le-Blanc,Gunsbach - Griesbach,
S002806,Depart Boissy-l'Aillerie arrivee Tacoignières - Richebourg,TRIP,Boissy-l'Aillerie,Tacoignières - Richebourg,
S006961,train de tarascon-sur-ariege a nointel - mours passant par marquette,TRIP,Tarascon-sur-Ariège,Nointel - Mours,Marquette
S003035,Demain je pars de Penne-d'Agenais pour Marbache,TRIP,Penne-d'Agenais,Marbache,
S008781,I need to travel tomorrow,NOT_FRENCH,,,
S008038,Troyes est un prenom original,NOT_TRIP,,,
S003978,Demain je pars de Gièvres pour Nancy,TRIP,Gièvres,Nancy,
S004823,Pourriez-vous me trouver un train de Crêches-sur-Saône a Saint-André-le-Gaz,TRIP,Crêches-sur-Saône,Saint-André-le-Gaz,
S006133,De Neuilly Porte Maillot RER E a Dreux via Neuvy-Pailloux,TRIP,Neuilly Porte Maillot RER E,Dreux,Neuvy-Pailloux
S008771,Un biglietto per Marsiglia,NOT_FRENCH,,,
S001679,Je pars de Mende et je vais a Benfeld,TRIP,Mende,Benfeld,
S004043,Quel train pour aller de Villefort a Évreux Normandie,TRIP,Villefort,Évreux Normandie,
S004078,Strasbourg direction Romanèche-Thorins,TRIP,Strasbourg,Romanèche-Thorins,
S005785,Voyager de Livron-sur-Drôme vers Longpont,TRIP,Livron-sur-Drôme,Longpont,
S009831,123456,UNKNOWN,,,
S009187,How do I get to Marseille,NOT_FRENCH,,,
S004724,la roche-maurice puis vern-sur-seiche,TRIP,La Roche-Maurice,Vern-sur-Seiche,
S003733,Demain je pars de Luc-la-Primaube pour Neuves-Maisons,TRIP,Luc-la-Primaube,Neuves-Maisons,
S000648,Je souhaite alle de Chauffailles a Saint-Lô,TRIP,Chauffailles,Saint-Lô,
S002586,Je pars de Sarreguemines pour aller a Hazebrouck,TRIP,Sarreguemines,Hazebrouck,
S002604,Depart Vaucresson arrivee Collioure,TRIP,Vaucresson,Collioure,
S005896,Aller de Gestel a Bar-le-Duc,TRIP,Gestel,Bar-le-Duc,
S004346,villers-cotterets puis domfront-en-champagne,TRIP,Villers-Cotterêts,Domfront-en-Champagne,
S006859,De Saint-Cyr-l'École a Vernou-la-Celle-sur-Seine en passant par Pauillac,TRIP,Saint-Cyr-l'École,Vernou-la-Celle-sur-Seine,Pauillac
S004511,Depart Sint-Égrève Saint-Robert arrivee Montdidier,TRIP,Saint-Égrève Saint-Robert,Montdidier,
S002459,J'aimerais un billet de Coueron a Hayange,TRIP,Couëron,Hayange,
S004947,Voyage de La Suze-sur-Sarthe a Saint-Nazaire,TRIP,La Suze-sur-Sarthe,Saint-Nazaire,
S003998,Je pars de Bauvin - Provin pour aller a Dorlisheim,TRIP,Bauvin - Provin,Dorlisheim,
S004835,je veux aller de nieppe a la bastide - saint-laurent-les-bains,TRIP,Nieppe,La Bastide - Saint-Laurent-les-Bains,
S004910,blanzy - basse-ham,TRIP,Blanzy,Basse-Ham,
S000160,Saint-Cyr-en-Val La Source direction Laboissière - Le Déluge,TRIP,Saint-Cyr-en-Val La Source,Laboissière - Le Déluge,
S003884,Depart Voiron arrivee Halsou - Larressore,TRIP,Voiron,Halsou - Larressore,
S004583,Je vais a Grasse depuis Mortcerf,TRIP,Mortcerf,Grasse,
S008498,Demain,NOT_TRIP,,,
S002189,Un train de Plouharnel - Carnac a Veuves - Monteaux pour demain,TRIP,Plouharnel - Carnac,Veuves - Monteaux,
S005882,Direction Saint-Vincent-de-Tyrosse au depart de Avenue Henri Martin,TRIP,Avenue Henri Martin,Saint-Vincent-de-Tyrosse,
S000235,Pourriez-vous me trouver un train de Vzlleroy - Moinevullee a Cavaillon,TRIP,Valleroy - Moineville,Cavaillon,
S005980,De Saint-Priest a Tarbes via Nice,TRIP,Saint-Priest,Tarbes,Nice
S005182,De Rethel a Agen,TRIP,Rethel,Agen,
S006732,Je veux passer par Hettange-Grande pour aller de Saint-Priest a Dannemarie - Velesmes,TRIP,Saint-Priest,Dannemarie - Velesmes,Hettange-Grande
S005868,depuit Montoir-de-Bretagne jusqu'a Embrun,TRIP,Montoir-de-Bretagne,Embrun,
S008405,partir,NOT_TRIP,,,
S007089,Au revoir,NOT_TRIP,,,
S002893,y a-t-il un train de st-pol-de-léon a mériel ?,TRIP,St-Pol-de-Léon,Mériel,
S008145,Arriver,NOT_TRIP,,,
S008839,Wie komme ich nach Bordeaux,NOT_FRENCH,,,
S007914,partir,NOT_TRIP,,,
S007919,Au revoir,NOT_TRIP,,,
S009521,123456,UNKNOWN,,,
S004945,Comment aller de Ceyzériat a La Ville-Dieu-du-Temple ?,TRIP,Ceyzériat,La Ville-Dieu-du-Temple,
S009936,asdfghjkl,UNKNOWN,,,
S002402,depart gravelines arrivee sept-saulx,TRIP,Gravelines,Sept-Saulx,
S001613,Partir de Pierre-Buffière pour Morvillars,TRIP,Pierre-Buffière,Morvillars,
S007251,Merci,NOT_TRIP,,,
S004672,depart dompierre-sur-helpe arrivee la joux,TRIP,Dompierre-sur-Helpe,La Joux,
S009060,Train from Paris to Bordeaux please,NOT_FRENCH,,,
S005049,je vais de lérouville a dettwiller,TRIP,Lérouville,Dettwiller,
S004084,comment aller de leval a bischoffsheim,TRIP,Leval,Bischoffsheim,
S002358,fontainebleau - avon pontoise,TRIP,Fontainebleau - Avon,Pontoise,
S006017,Osny puis Les Vallées puis Vendôme,TRIP,Osny,Vendôme,Les Vallées
S003854,Ce soir je vais de Le Grand Jardin a Chenevieres,TRIP,Le Grand Jardin,Chenevières,
S005605,Y a-t-il un train de Andrézieux-Bouthéon a Paris Gare de Lyon ?,TRIP,Andrézieux-Bouthéon,Paris Gare de Lyon,
S002547,Train de Landivisiau a Saint-Maixent-L'École,TRIP,Landivisiau,Saint-Maixent-L'École,
S000022,Ce soir je vais de Noyen-sur-Sarthe a Biffontaine,TRIP,Noyen-sur-Sarthe,Biffontaine,
S009074,Un billete de tren por favor,NOT_FRENCH,,,
S009194,Je want to go Lyon,NOT_FRENCH,,,
S009301,Un billete de tren por favor,NOT_FRENCH,,,
S000572,Depuis Baccarat jusqu'a Dirinon,TRIP,Baccarat,Dirinon,
S009594,aaaaaaaa,UNKNOWN,,,
S003756,Un train de Saint-Priest a Chagny,TRIP,Saint-Priest,Chagny,
S000668,Vergèze - Codognan vers Vielmur-sur-Agout,TRIP,Vergèze - Codognan,Vielmur-sur-Agout,
S008650,How do I get to Marseille,NOT_FRENCH,,,
S002076,J'aimerais un billet de Saint-Étienne-de-Montluc a Bourbourg,TRIP,Saint-Étienne-de-Montluc,Bourbourg,
S002452,Aubigné-Racan Chenevières,TRIP,Aubigné-Racan,Chenevières,
S005761,Billet Presles Courcelles Parsac - Gouzon,TRIP,Presles Courcelles,Parsac - Gouzon,
S002219,Est-ce qu'il y a un train de Harfleur a Fleurieux-sur-l'Arbresle,TRIP,Harfleur,Fleurieux-sur-l'Arbresle,
S000501,y a-t-il un train de fontenoy-sur-moselle a cavaillon ?,TRIP,Fontenoy-sur-Moselle,Cavaillon,
S004660,Y a-t-il un train de Lz Rooche-Mayrice a Farébersillef,TRIP,La Roche-Maurice,Farébersviller,
S004638,partir de besançon franche-comté tgv vers chaugey,TRIP,Besançon Franche-Comté TGV,Chaugey,
S000804,Voyager de Le Burg vers Villiers-le-Bel - Gonesse - Arnouville,TRIP,Le Burg,Villiers-le-Bel - Gonesse - Arnouville,
S006204,Je veux passer par Saint-Jeanu-Pied-de-Port pour aoler de Homécourt a Thann,TRIP,Homécourt,Thann,Saint-Jean-Pied-de-Port
S002986,Je voudrais me rendre a Voiron depuis Saint-Piat,TRIP,Saint-Piat,Voiron,
S007698,Tu fais quoi,NOT_TRIP,,,
S005408,Comment aller de Chanac a Montreuil ?,TRIP,Chanac,Montreuil,
S002306,Je voudrais me rendre a Presles Courcelles depuis Serqueux,TRIP,Serqueux,Presles Courcelles,
S003929,j'aimerais aller de pont-de-buis a avoudrey,TRIP,Pont-de-Buis,Avoudrey,
S006398,"Je pars de Vic-le-Comte, je passe par Podensac et j'arrive a Loison-sous-Lens",TRIP,Vic-le-Comte,Loison-sous-Lens,Podensac
S007665,Arriver,NOT_TRIP,,,
S005108,Je veux aller de Landivisiau a Lépin-le-Lac - La Bauche,TRIP,Landivisiau,Lépin-le-Lac - La Bauche,
S007368,Mon ami Lyon va bien,NOT_TRIP,,,
S009168,I want aller a Paris,NOT_FRENCH,,,
S005056,Un train de Sospel a Saint-Cyr-en-Val La Source pour demain,TRIP,Sospel,Saint-Cyr-en-Val La Source,
S004414,Je pars de Montbazon et je vais a Saint-Martin-de-Crau,TRIP,Montbazon,Saint-Martin-de-Crau,
S001225,Je pars de Nice Riquier pour aller a Dinge,TRIP,Nice Riquier,Dingé,
S003385,trin de Igny a Tonnay-Charente,TRIP,Igny,Tonnay-Charente,
S002743,Quel train pour aller de Choisy-le-Roi a Ermont - Eaubonne,TRIP,Choisy-le-Roi,Ermont - Eaubonne,
S008525,Ich mochte von Paris nach Lyon fahren,NOT_FRENCH,,,
S008262,Hello,NOT_TRIP,,,
S007636,Les trains sont souvent en retard,NOT_TRIP,,,
S002029,Saint-Aulaire Pont-d'Ain,TRIP,Saint-Aulaire,Pont-d'Ain,
S002193,Je dois aller de Nogent-sur-Vernisson a Saint-Blaise-la-Roche Poutay,TRIP,Nogent-sur-Vernisson,Saint-Blaise-la-Roche Poutay,
S006405,de chaumont a bretteville - norrey en passant par rocamadour - padirac,TRIP,Chaumont,Bretteville - Norrey,Rocamadour - Padirac
S002299,Voyage de Marquixanes a Paris Gare de Lyon,TRIP,Marquixanes,Paris Gare de Lyon,
S007819,Albert est mon cousin,NOT_TRIP,,,
S008666,I want to go from Paris to Lyon,NOT_FRENCH,,,
S003195,depart sennecey-le-grand arrivee bidarray pont noblia,TRIP,Sennecey-le-Grand,Bidarray Pont Noblia,
S000753,Thomery - Hangest-sur-Somme,TRIP,Thomery,Hangest-sur-Somme,
S008137,arriver,NOT_TRIP,,,
S003777,pontcharra sur breda - sisteron,TRIP,Pontcharra sur Bréda,Sisteron,
S009957,@#$%,UNKNOWN,,,
S009646,@#$%,UNKNOWN,,,
S008776,Train from Paris to Bordeaux please,NOT_FRENCH,,,
S007470,Nice de te rencontrer,NOT_TRIP,,,
S005191,Depart Champtocé-sur-Loire arrive Neuville-sur-Sarthe,TRIP,Champtocé-sur-Loire,Neuville-sur-Sarthe,
S001209,Un train de Paris Gare de Lyon a Cergy Préfecture,TRIP,Paris Gare de Lyon,Cergy Préfecture,
S007423,aujourd'hui,NOT_TRIP,,,
S007348,Il fait beau aujourd'hui,NOT_TRIP,,,
S003266,comment aller de belle-isle - begard a gignac - cressensac ?,TRIP,Belle-Isle - Bégard,Gignac - Cressensac,
S004251,Collioure - Thann,TRIP,Collioure,Thann,
S006668,De Beaugency a Bourgneuf-en-Retz en passant par Ormoy-Villers,TRIP,Beaugency,Bourgneuf-en-Retz,Ormoy-Villers
S002818,Je vais a Neufchâtel-Hardelot depuis Saint-Gaudens,TRIP,Saint-Gaudens,Neufchâtel-Hardelot,
S006898,Je voudrais aller de Sartrouville a Vauvert en passant par Vitrolles Aéroport Marseille Provence,TRIP,Sartrouville,Vauvert,Vitrolles Aéroport Marseille Provence
S006158,De Villenave-d'Ornon a Nogent-sur-Seine via Aubergenville Élisabethville,TRIP,Villenave-d'Ornon,Nogent-sur-Seine,Aubergenville Élisabethville
S003836,Un billet de Dinan a Châlons-en-Chammagne,TRIP,Dinan,Châlons-en-Champagne,
S002758,Je voyage de Fegersheim - Lipsheim a Valence d'Agen,TRIP,Fegersheim - Lipsheim,Valence d'Agen,
S005175,y a-t-il un train de reims a capvern ?,TRIP,Reims,Capvern,
S005366,allez de Pontcharra - Saint-Forgeux a Arleux,TRIP,Pontcharra - Saint-Forgeux,Arleux,
S009688,test test test,UNKNOWN,,,
S005300,Quel train de Cergy Préfecture a La Bernerie-en-Retz ?,TRIP,Cergy Préfecture,La Bernerie-en-Retz,
S006986,Avrechy puis Sermaise puis La Roche-sur-Yon,TRIP,Avrechy,La Roche-sur-Yon,Sermaise
S004049,Quel train pour aller de Franois a Saint-Florentin - Vergigny,TRIP,Franois,Saint-Florentin - Vergigny,
S009745,a,UNKNOWN,,,
S009459,Wie komme ich nach Bordeaux,NOT_FRENCH,,,
S009136,Train from Paris to Bordeaux please,NOT_FRENCH,,,
S009825,...,UNKNOWN,,,
S000688,J'aimerais aller de Versailles Château Rive Gauche a Tournay,TRIP,Versailles Château Rive Gauche,Tournay,
S002868,De Boisset a Laval-de-Cère,TRIP,Boisset,Laval-de-Cère,
S003440,y a-t-il un train de châteaubriant a montereau ?,TRIP,Châteaubriant,Montereau,
S009362,Vorrei andare da Parigi a Lione,NOT_FRENCH,,,
S008300,Je voudrais,NOT_TRIP,,,
S009614,,UNKNOWN,,,
S001361,Y a-t-il un train de Montbartier a Montlucon ?,TRIP,Montbartier,Montluçon,
S004387,Je souhaite aller de Dinan a Bretenoux - Biars,TRIP,Dinan,Bretenoux - Biars,
S005789,Me rendre de Gretz-Armainvilliers a Fourmies,TRIP,Gretz-Armainvilliers,Fourmies,
S003394,je souhaite aller de boigneville a seltz,TRIP,Boigneville,Seltz,
S009776,!!!,UNKNOWN,,,
S006353,De Angerville a Régny via Feyzin,TRIP,Angerville,Régny,Feyzin
S009318,Train from Paris to Bordeaux please,NOT_FRENCH,,,
S006010,De Lézignan-Corbières a Saint-Georges-de-Reneins via Vertaizon,TRIP,Lézignan-Corbières,Saint-Georges-de-Reneins,Vertaizon
S001622,Comment aller de Vendenheim a Cuers - Pierrefeu,TRIP,Vendenheim,Cuers - Pierrefeu,
S000157,Je pars de Nice pour aller a Survilliers - Fosses,TRIP,Nice,Survilliers - Fosses,
S000312,Prendre le train de Die a Culmont - Chalindrey,TRIP,Die,Culmont - Chalindrey,
S000242,Je voudrais me rendre a Esquelbecq depuis Alençon,TRIP,Alençon,Esquelbecq,
S005326,Quel train de Tonnerre a Bouray ?,TRIP,Tonnerre,Bouray,
S009475,Book a ticket for me,NOT_FRENCH,,,
S001885,demain je pars de mionnay pour colombes,TRIP,Mionnay,Colombes,
S009161,How do I get to Marseille,NOT_FRENCH,,,
S004895,Je pars de Abancourt pour aller a Marvejols,TRIP,Abancourt,Marvejols,
S008615,Train from Paris to Bordeaux please,NOT_FRENCH,,,
S003602,Me rendre de Avenue Henri Martin a Lycée Henri Sellier,TRIP,Avenue Henri Martin,Lycée Henri Sellier,
S002418,Partir de Vauvert vers Iteuil,TRIP,Vauvert,Iteuil,
S009984,lorem ipsum,UNKNOWN,,,
S000957,voyage de dardilly les mouilles a sainte-gauburge,TRIP,Dardilly Les Mouilles,Sainte-Gauburge,
S009347,What is the best route,NOT_FRENCH,,,
S009657,a,UNKNOWN,,,
S007701,Genial,NOT_TRIP,,,
S008866,Can you help me,NOT_FRENCH,,,
S007144,Je veux aller,NOT_TRIP,,,
S007673,Bonjour,NOT_TRIP,,,
S008006,Nice de te rencontrer,NOT_TRIP,,,
S004491,Je pars de Wilwisheim pour aller a Cormery,TRIP,Wilwisheim,Cormery,
S006265,Aller de Houilles - Carrières-sur-Seine a Montauban Ville Bourbon avec un arret a Rang-du-Fliers - Verton - Berck,TRIP,Houilles - Carrières-sur-Seine,Montauban Ville Bourbon,Rang-du-Fliers - Verton - Berck
S000999,depuis beauvoir-sur-niort jusqu'a l'etang-la-ville,TRIP,Beauvoir-sur-Niort,L'Étang-la-Ville,
S004725,Demain je pars de Dombasle-sur-Meurthe pour Valmondois,TRIP,Dombasle-sur-Meurthe,Valmondois,
S005427,Je dois aller de Savvennières - Boéhuard a Fougeré,TRIP,Savennières - Béhuard,Fougeré,
S005081,J'aimerais aller de Broons a Herblay,TRIP,Broons,Herblay,
S004825,Me renidrre de Jonzac a Ludon-Médoc,TRIP,Jonzac,Ludon-Médoc,
S008847,Como llego a Marsella,NOT_FRENCH,,,
S002497,je vais de haute picardie tgv a saint-ay,TRIP,Haute Picardie TGV,Saint-Ay,
S005880,Je veux me rendre a Nemours - Saint-Pierre en partant de Nantes,TRIP,Nantes,Nemours - Saint-Pierre,
S006474,Walbach Groisy - Thorens-Glieres via Le Bruel,TRIP,Walbach,Groisy - Thorens-Glières,Le Bruel
S001064,Y a-t-il un train de Pougny - Chancy a Gunsbach - Griesbach,TRIP,Pougny - Chancy,Gunsbach - Griesbach,
S005242,Voyage de Port-de-Piles a Dormans,TRIP,Port-de-Piles,Dormans,
S008742,How do I get to Marseille,NOT_FRENCH,,,
S009443,How do I get to Marseille,NOT_FRENCH,,,
S008083,J'aime les trains,NOT_TRIP,,,
S008120,Aide moi,NOT_TRIP,,,
S003401,Saint-Cyr-l'Ecole Rombas - Clouange,TRIP,Saint-Cyr-l'École,Rombas - Clouange,
S005549,je vais de pavilly a auneau,TRIP,Pavilly,Auneau,
S000109,Je dois aller de Couëron a Batz-sur-Mer demain,TRIP,Couëron,Batz-sur-Mer,
S008735,I want aller a Paris,NOT_FRENCH,,,
S000329,Depart Ste-Léocadie arrivee Rosières-en-Santerre,TRIP,Ste-Léocadie,Rosières-en-Santerre,
S007947,la sncf c'est pas mal,NOT_TRIP,,,
S003561,Comment aller de Arnèe a Taours,TRIP,Arnèke,Tours,
S008341,Coucou,NOT_TRIP,,,
S000381,aller de vesoul a retiers,TRIP,Vesoul,Retiers,
S001092,de aiguillon a les vallées,TRIP,Aiguillon,Les Vallées,
S003826,Je vais a Sommery depuis Flavy-le-Martel,TRIP,Flavy-le-Martel,Sommery,
S007971,Partir,NOT_TRIP,,,
S001016,Un billet de Asnières-sur-Seine a Les Coquetiers,TRIP,Asnières-sur-Seine,Les Coquetiers,
S002709,Comment alle de Martres-Tolosane a Thiaville-sur-Meurthe,TRIP,Martres-Tolosane,Thiaville-sur-Meurthe,
S004450,partir de château-arnoux-saint-auban vers lus-la-croix-haute,TRIP,Château-Arnoux-Saint-Auban,Lus-la-Croix-Haute,
S004338,Demain je pars de Gargan pour Bourgoin-Jallieu,TRIP,Gargan,Bourgoin-Jallieu,
S003822,Depuis Saint-Pierre-le-Moûtier jusqu'a L'Aigle,TRIP,Saint-Pierre-le-Moûtier,L'Aigle,
S008303,Troyes est un prenom original,NOT_TRIP,,,
S002196,Aller de Gerzat a Labruguiere,TRIP,Gerzat,Labruguière,
S001183,Santenay les Bains puis Blanquefort,TRIP,Santenay les Bains,Blanquefort,
S000815,aller de maromme a salome,TRIP,Maromme,Salomé,
S000090,Chalais vers Bollwiller,TRIP,Chalais,Bollwiller,
S001155,Un train de Saint-Amand-Montrond - Orval a Goncelin pouur demain,TRIP,Saint-Amand-Montrond - Orval,Goncelin,
S004512,quel train de villeneuve-le-roi a aubagne ?,TRIP,Villeneuve-le-Roi,Aubagne,
S006536,Aller de Laroque-Timbaut a Chemin d'Antony avec un arret a Belleville sur Saone,TRIP,Laroque-Timbaut,Chemin d'Antony,Belleville sur Sâone
S006161,je veux passer par aubie - saint-antoine pour aller de rully a landévant,TRIP,Rully,Landévant,Aubie - Saint-Antoine
S007290,c'est trop cher,NOT_TRIP,,,
S003048,Me rendre de Ruminghem a Le Merlerault,TRIP,Ruminghem,Le Merlerault,
S007459,Albert est mon cousin,NOT_TRIP,,,
S006464,Landévant Louveciennes via Lapeyrouse,TRIP,Landévant,Louveciennes,Lapeyrouse
S001357,Demain je pars de Houilles - arrières-sur-Seine pour Paray-l-Monial,TRIP,Houilles - Carrières-sur-Seine,Paray-le-Monial,
S008768,I want to go from Paris to Lyon,NOT_FRENCH,,,
S002750,Quel train pouut aller de Is-sur-Tille a Laaissac,TRIP,Is-sur-Tille,Laissac,
S006869,"je pars de longecourt-en-plaine, je passe par selles-sur-cher et j'arrive a bruz",TRIP,Longecourt-en-Plaine,Bruz,Selles-sur-Cher
S001437,de millau a saint-nom-la-bretèche forêt de marly,TRIP,Millau,Saint-Nom-la-Bretèche Forêt de Marly,
S005426,Ce soir je vais de Barentin a Royat - Chamalières,TRIP,Barentin,Royat - Chamalières,
S002304,Y a-t-il un train de Nouvion-sur-Meuse a Heiligenberg - Mollkirch ?,TRIP,Nouvion-sur-Meuse,Heiligenberg - Mollkirch,
S009083,Can you help me,NOT_FRENCH,,,
S009670,test test test,UNKNOWN,,,
S002156,Prendre le train de Corbehem a Cavignac,TRIP,Corbehem,Cavignac,
S000817,Est-ce qu'il y a un train de Saint-Amand-Montrond - Orval a Marly-le-Roi,TRIP,Saint-Amand-Montrond - Orval,Marly-le-Roi,
S008345,J'aime les trains,NOT_TRIP,,,
S005966,Cahors Villefranche-ssir-Mer veia Saint-Légera-sur-Dheune,TRIP,Cahors,Villefranche-sur-Mer,Saint-Léger-sur-Dheune
S009971,   ,UNKNOWN,,,
S008990,I want to go from Paris to Lyon,NOT_FRENCH,,,
S000170,"S'il vous plait, un trajet de Saint-Sébastien Pas Enchantés a Épanvilliers",TRIP,Saint-Sébastien Pas Enchantés,Épanvilliers,
S002940,"S'il vous plait, un trajet de Montfort-l'Amaury - Mere a Mulhouse Zu Rhein Tram-Train",TRIP,Montfort-l'Amaury - Méré,Mulhouse Zu Rhein Tram-Train,
S006045,Je veux passer par Chantenay-Saint-Imbert pour aller de Morez a Luc-en-Diois,TRIP,Morez,Luc-en-Diois,Chantenay-Saint-Imbert
S001041,Je voudrais aller de Breteuil a Frasne,TRIP,Breteuil,Frasne,
S003207,j'aimerais un billet de gallargues-le-montueux a carcassonne,TRIP,Gallargues-le-Montueux,Carcassonne,
S004702,je voudrais aller de châteaubourg a lentilly,TRIP,Châteaubourg,Lentilly,
S003276,depart de mont-de-marsan arrivee a verneuil-sur-vienne,TRIP,Mont-de-Marsan,Verneuil-sur-Vienne,
S006593,Je veux passer par Elbeuf - Saint-Aubin pour aller de La Rivière de Mansac a Le Coudray-Montceaux,TRIP,La Rivière de Mansac,Le Coudray-Montceaux,Elbeuf - Saint-Aubin
S004272,Partir de Nerondes vers Le Dorat,TRIP,Nérondes,Le Dorat,
S009655,test test test,UNKNOWN,,,
S003344,"S'il vous plait, un trajet de Laval a Sedan",TRIP,Laval,Sedan,
S005602,Je vais a Gresy-sur-Aix depuis Saint-Pierre-d'Albigny,TRIP,Saint-Pierre-d'Albigny,Grésy-sur-Aix,
S007454,Mon ami Lyon va bien,NOT_TRIP,,,
S005592,aller de imphy a la reole,TRIP,Imphy,La Réole,
S008579,Como llego a Marsella,NOT_FRENCH,,,
S007623,help,NOT_TRIP,,,
S001102,J'aimerais un billet de Collioure a Valleroy - Moineville,TRIP,Collioure,Valleroy - Moineville,
S007466,Ok,NOT_TRIP,,,
S005162,Je pars de La Ville-Dieu-du-Temple et je vais a Saint-Étienne Châteaucreux,TRIP,La Ville-Dieu-du-Temple,Saint-Étienne Châteaucreux,
S000192,Je souhaite aller de Bischheim a Peltre,TRIP,Bischheim,Peltre,
S004467,Me rendre de Sartrouville a Saint-Saturnin-lès-Avignon,TRIP,Sartrouville,Saint-Saturnin-lès-Avignon,
S003470,je voudrais prendre un train de pont de briques a vernaison,TRIP,Pont de Briques,Vernaison,
S007850,Hello,NOT_TRIP,,,
S008695,Vorrei andare da Parigi a Lione,NOT_FRENCH,,,
S004197,prendre le train de theoule-sur-mer a tournay,TRIP,Théoule-sur-Mer,Tournay,
S000778,Est-ce qu'il y a un train de Formerie a Rieux - Angicourt,TRIP,Formerie,Rieux - Angicourt,
S008687,Un billete de tren por favor,NOT_FRENCH,,,
S004914,Je veux me rendre a Heilles - Mouchy en partant de Saint-Amour,TRIP,Saint-Amour,Heilles - Mouchy,
S004340,j'aimerais aller de saint-marcel a herrlisheim,TRIP,Saint-Marcel,Herrlisheim,
S009342,Train from Paris to Bordeaux please,NOT_FRENCH,,,
S003249,Y a-t-il un train de Gargenville a Saint-Brieuc,TRIP,Gargenville,Saint-Brieuc,
S002798,Prendre le train de Ménil Flin a Gambshim,TRIP,Ménil Flin,Gambsheim,
S009013,I want aller a Paris,NOT_FRENCH,,,
S007274,Coucou,NOT_TRIP,,,
S000587,Direction Vieilleville au depart de Valence,TRIP,Valence,Vieilleville,
S009780,   ,UNKNOWN,,,
S006935,Train de Metz a Marmande passant par Les Arcs - Draguignan,TRIP,Metz,Marmande,Les Arcs - Draguignan
S005873,Voyager de Lillers vers Basse-Ham,TRIP,Lillers,Basse-Ham,
S007304,au revoir,NOT_TRIP,,,
S005931,voyage de valence d'agen a seugy,TRIP,Valence d'Agen,Seugy,
S002328,Partir de Phalempin pour Le Coteau,TRIP,Phalempin,Le Coteau,
S005261,Voyage de Sceaux - Boesse a Wihr-au-Val - Soultzbach,TRIP,Sceaux - Boëssé,Wihr-au-Val - Soultzbach,
S006366,de sennecey-le-grand a vitrolles aeroport marseille provence en passant par hellemmes,TRIP,Sennecey-le-Grand,Vitrolles Aéroport Marseille Provence,Hellemmes
S003056,Je dois aller de La Bastide - Saint-Laurent-les-Bains a Pontrieux Halte,TRIP,La Bastide - Saint-Laurent-les-Bains,Pontrieux Halte,
S008985,Vorrei andare da Parigi a Lione,NOT_FRENCH,,,
S008830,I need to travel tomorrow,NOT_FRENCH,,,
S000315,Je vdux me rendre a Sant-Juliienn-en-Genevois en partant de Bibliiothèqueo François Mitterranad,TRIP,Bibliothèque François Mitterrand,Saint-Julien-en-Genevois,
S001063,Je me rends a Nanteuil - Saâcy depuis Beau Marais,TRIP,Beau Marais,Nanteuil - Saâcy,
S004838,Je pars de Voiron et je vais a Vaulry,TRIP,Voiron,Vaulry,
S001543,Prendre le train de Haute Picardie TGV a Saint-Clair - Les Roches,TRIP,Haute Picardie TGV,Saint-Clair - Les Roches,
S008689,I need to travel tomorrow,NOT_FRENCH,,,
S005188,"S'il vous plait, un trajet de Musée d'Orsay a Sainte-Bazeille",TRIP,Musée d'Orsay,Sainte-Bazeille,
S001477,Aller de Vrigne-Meuse a Nurieux-Volognat,TRIP,Vrigne-Meuse,Nurieux-Volognat,
S008448,J'ai rencontre Marseille hier,NOT_TRIP,,,
S008424,Demain,NOT_TRIP,,,
S007410,help,NOT_TRIP,,,
S003482,je pars de marvejols et je vais a saint-jacques-de-la-lande,TRIP,Marvejols,Saint-Jacques-de-la-Lande,
S005047,Je veux me rendre a Saint-Martin d'Etampes en partant de Verneuil-sur-Serre,TRIP,Verneuil-sur-Serre,Saint-Martin d'Étampes,
S000774,La Bernerie-en-Retz - Simandre-sur-Suran,TRIP,La Bernerie-en-Retz,Simandre-sur-Suran,
S002876,Y a-t-il un train de Brimeux a Lamotte-Beuvron,TRIP,Brimeux,Lamotte-Beuvron,
S006852,train de salles-courbatiès a tonnerre passant par étigny - véron,TRIP,Salles-Courbatiès,Tonnerre,Étigny - Véron
S008217,A bientot,NOT_TRIP,,,
S008363,Nice de te rencontrer,NOT_TRIP,,,
S006201,De Champs - Saint-Bris a La Hisse en passant par Miribel,TRIP,Champs - Saint-Bris,La Hisse,Miribel
S001583,billet argentan lorraine tgv,TRIP,Argentan,Lorraine TGV,
S006144,De Cercy-la-Tour a Chézy-sur-Marne en passant par Vions - Chanaz,TRIP,Cercy-la-Tour,Chézy-sur-Marne,Vions - Chanaz
S009177,Book a ticket for me,NOT_FRENCH,,,
S001914,aller de savenay a bassens,TRIP,Savenay,Bassens,
S007103,Un train,NOT_TRIP,,,
S001022,prendre le train de rang-du-fliers - verton - berck a les saules,TRIP,Rang-du-Fliers - Verton - Berck,Les Saules,
S007388,voyage,NOT_TRIP,,,
S005734,je me rends a monéteau - gurgy depuis la villette saint-prest,TRIP,La Villette Saint-Prest,Monéteau - Gurgy,
S008139,Nice de te rencontrer,NOT_TRIP,,,
